survey_id,Survey Type,Survey Date,Bottom Time (min),depth,species,TL,PU_1Km_ID,PU_4Km_ID
1.2006,hl-syst,9/18/2006,30,19.2024,copper,34.2,38889,9573
1.2006,hl-syst,9/18/2006,30,19.2024,copper,34.3,38889,9573
1.2006,hl-syst,9/18/2006,30,19.2024,copper,38.9,38889,9573
1.2006,hl-syst,9/18/2006,30,17.9832,copper,34,38889,9573
1.2006,hl-syst,9/18/2006,30,19.2024,quillback,39.3,38889,9573
1.2007,hl-syst,5/14/2007,30,18.8976,lingcod,62,43060,10203
1.2007,hl-syst,5/14/2007,30,17.3736,kelp greenling,37,43060,10203
1.2007,hl-syst,5/14/2007,30,17.3736,lingcod,71,43060,10203
1.2007,hl-syst,5/14/2007,30,15.8496,lingcod,50,43060,10203
1.2007,hl-syst,5/14/2007,30,21.336,copper,34,43060,10203
1.2007,hl-syst,5/14/2007,30,21.9456,lingcod,59.5,43060,10203
1.2007,hl-syst,5/14/2007,30,21.9456,copper,41,43060,10203
1.2007,hl-syst,5/14/2007,30,21.0312,lingcod,51,43060,10203
10.2006,hl-syst,9/19/2006,30,60.96,lingcod,75.5,42791,10045
10.2007,hl-syst,5/15/2007,30,68.8848,yelloweye,58,38654,9414
10.2007,hl-syst,5/15/2007,30,68.8848,quillback,38,38654,9414
10.2007,hl-syst,5/15/2007,30,68.8848,quillback,37.5,38654,9414
11.2006,hl-syst,9/19/2006,30,21.336,china,34,42254,10045
11.2006,hl-syst,9/19/2006,30,19.2024,lingcod,59,42254,10045
11.2006,hl-syst,9/19/2006,30,24.384,quillback,33,42254,10045
11.2006,hl-syst,9/19/2006,30,19.2024,copper,37.2,42254,10045
11.2006,hl-syst,9/19/2006,30,14.0208,china,39,42254,10045
11.2007,hl-syst,5/15/2007,30,32.004,quillback,33,38658,9415
11.2007,hl-syst,5/15/2007,30,32.3088,quillback,31,38658,9415
11.2007,hl-syst,5/15/2007,30,32.3088,lingcod,60.5,38658,9415
11.2007,hl-syst,5/15/2007,30,32.3088,halibut,77,38658,9415
11.2007,hl-syst,5/15/2007,30,34.4424,quillback,31.5,38658,9415
12.2006,hl-syst,9/19/2006,30,34.7472,quillback,38,42254,10045
12.2007,hl-syst,5/15/2007,30,19.812,lingcod,92,38887,9573
12.2007,hl-syst,5/15/2007,30,19.812,quillback,37,38887,9573
12.2007,hl-syst,5/15/2007,30,23.4696,copper,39.5,38887,9573
12.2007,hl-syst,5/15/2007,30,24.6888,copper,37,38887,9573
13.2006,hl-syst,9/19/2006,30,54.2544,yelloweye,57.8,42254,10045
13.2006,hl-syst,9/19/2006,30,60.96,yelloweye,49.4,42254,10045
13.2006,hl-syst,9/19/2006,30,72.8472,lingcod,74.5,42254,10045
13.2006,hl-syst,9/19/2006,30,60.96,yelloweye,47.5,42254,10045
13.2007,hl-syst,5/15/2007,30,15.8496,copper,40,39122,9573
13.2007,hl-syst,5/15/2007,30,12.8016,copper,34,39122,9573
13.2007,hl-syst,5/15/2007,30,14.6304,lingcod,68.5,39122,9573
13.2007,hl-syst,5/15/2007,30,17.3736,copper,38,39122,9573
13.2007,hl-syst,5/15/2007,30,20.7264,quillback,29.5,39122,9573
13.2007,hl-syst,5/15/2007,30,24.9936,lingcod,57,39122,9573
13.2007,hl-syst,5/15/2007,30,12.4968,lingcod,56,39122,9573
14.2006,hl-syst,9/19/2006,30,63.5,none,,40884,9889
14.2007,hl-syst,5/15/2007,30,41,none,,39123,9573
15.2006,hl-syst,9/19/2006,30,40,copper,41.4,40884,9889
15.2006,hl-syst,9/19/2006,30,41,lingcod,49.4,40884,9889
15.2007,hl-syst,5/15/2007,30,21.6408,copper,35,40097,9731
15.2007,hl-syst,5/15/2007,30,21.6408,copper,40.5,40097,9731
15.2007,hl-syst,5/15/2007,30,19.2024,lingcod,63,40097,9731
16.2006,hl-syst,9/19/2006,30,11.2776,black,43.4,40614,9731
16.2006,hl-syst,9/19/2006,30,21.336,black,41,40614,9731
16.2006,hl-syst,9/19/2006,30,24.384,lingcod,70,40614,9731
16.2006,hl-syst,9/19/2006,30,11.2776,lingcod,70,40614,9731
16.2006,hl-syst,9/19/2006,30,21.336,copper,34.4,40614,9731
16.2006,hl-syst,9/19/2006,30,24.384,copper,33.7,40614,9731
16.2006,hl-syst,9/19/2006,30,22.86,copper,34.5,40614,9731
16.2006,hl-syst,9/19/2006,30,23.1648,lingcod,87.5,40614,9731
16.2006,hl-syst,9/19/2006,30,26,lingcod,71,40614,9731
16.2006,hl-syst,9/19/2006,30,24.384,lingcod,,40614,9731
16.2007,hl-syst,5/15/2007,30,31.0896,copper,33,40096,9731
17.2006,hl-syst,9/21/2006,30,23.4696,lingcod,52.8,40359,9732
17.2006,hl-syst,9/21/2006,30,21.9456,copper,37,40359,9732
17.2006,hl-syst,9/21/2006,30,23.4696,copper,33.2,40359,9732
17.2006,hl-syst,9/21/2006,30,20.4216,copper,35.6,40359,9732
17.2007,hl-syst,5/15/2007,30,18.5928,copper,35,40100,9732
18.2006,hl-syst,9/21/2006,30,25.908,kelp greenling,37.5,40621,9733
18.2006,hl-syst,9/21/2006,30,42.672,quillback,30,40621,9733
18.2006,hl-syst,9/21/2006,30,45.72,quillback,32.6,40621,9733
18.2007,hl-syst,5/15/2007,30,41,none,,40100,9732
19.2006,hl-syst,9/21/2006,30,63.5,none,,40621,9733
19.2007,hl-syst,5/15/2007,30,59.1312,quillback,32,40100,9732
1-L.2006,fsc-longline,9/24/2006,300,90.678,quillback,42.5,39852,9733
1-L.2006,fsc-longline,9/24/2006,300,90.678,quillback,40.9,39852,9733
1-L.2006,fsc-longline,9/24/2006,300,90.678,quillback,37.1,39852,9733
1-L.2006,fsc-longline,9/24/2006,300,90.678,quillback,40.9,39852,9733
1-L.2006,fsc-longline,9/24/2006,300,90.678,quillback,40.5,39852,9733
1-L.2006,fsc-longline,9/24/2006,300,90.678,lingcod,88.7,39852,9733
1-L.2006,fsc-longline,9/24/2006,300,90.678,quillback,,39852,9733
1-L.2006,fsc-longline,9/24/2006,300,90.678,quillback,46.5,39852,9733
1-L.2006,fsc-longline,9/24/2006,300,90.678,yelloweye,64,39852,9733
1-L.2006,fsc-longline,9/24/2006,300,90.678,quillback,40.9,39852,9733
1-L.2006,fsc-longline,9/24/2006,300,90.678,yelloweye,33,39852,9733
1-L.2006,fsc-longline,9/24/2006,300,90.678,quillback,43.1,39852,9733
1-L.2006,fsc-longline,9/24/2006,300,90.678,quillback,38.5,39852,9733
1-L.2006,fsc-longline,9/24/2006,300,90.678,quillback,40.3,39852,9733
1-L.2006,fsc-longline,9/24/2006,300,90.678,quillback,41.6,39852,9733
1-L.2006,fsc-longline,9/24/2006,300,90.678,yelloweye,52.2,39852,9733
1-L.2006,fsc-longline,9/24/2006,300,90.678,dogfish,109,39852,9733
1-L.2006,fsc-longline,9/24/2006,300,90.678,dogfish,89,39852,9733
1-L.2006,fsc-longline,9/24/2006,300,90.678,ratfish,58.3,39852,9733
1-L.2006,fsc-longline,9/24/2006,300,90.678,halibut,150,39852,9733
2.2006,hl-syst,9/18/2006,30,41,none,,39123,9573
2.2007,hl-syst,5/14/2007,30,32.6136,lingcod,66,43060,10203
2.2007,hl-syst,5/14/2007,30,40.5384,quillback,28.5,43060,10203
2.2007,hl-syst,5/14/2007,30,55.4736,lingcod,67,43060,10203
2.2007,hl-syst,5/14/2007,30,32.3088,quillback,38,43060,10203
2.2007,hl-syst,5/14/2007,30,34.1376,lingcod,72.5,43060,10203
20.2006,hl-syst,9/21/2006,30,18.288,copper,32,40619,9732
20.2006,hl-syst,9/21/2006,30,24.0792,copper,35.4,40619,9732
20.2007,hl-syst,5/16/2007,30,19.5072,copper,30.5,39609,9575
20.2007,hl-syst,5/16/2007,30,19.5072,copper,35,39609,9575
21.2006,hl-syst,9/21/2006,30,63.5,none,,40359,9732
21.2007,hl-syst,5/16/2007,30,41,none,,39368,9575
22.2006,hl-syst,9/21/2006,30,27.1272,quillback,31.5,40359,9732
22.2007,hl-syst,5/16/2007,30,58.2168,quillback,32,39367,9574
22.2007,hl-syst,5/16/2007,30,68.8848,quillback,29,39367,9574
23.2006,hl-syst,9/21/2006,30,63.5,none,,40359,9732
23.2007,hl-syst,5/16/2007,30,41,none,,40619,9732
24.2006,hl-syst,9/21/2006,30,41,none,,40100,9732
24.2007,hl-syst,5/16/2007,30,63.5,none,,40359,9732
25.2006,hl-syst,9/21/2006,30,19.812,copper,36.7,40100,9732
25.2006,hl-syst,9/21/2006,30,18.8976,rock sole,28.5,40100,9732
25.2007,hl-syst,5/16/2007,30,26,none,,40619,9732
26.2006,hl-syst,9/21/2006,30,54.864,silvergray,40,39368,9575
26.2006,hl-syst,9/21/2006,30,54.864,quillback,35.8,39368,9575
26.2006,hl-syst,9/21/2006,30,63.3984,quillback,33,39368,9575
26.2007,hl-syst,5/16/2007,30,20.1168,copper,35,40359,9732
27.2006,hl-syst,9/21/2006,30,30.1752,china,28,39368,9575
27.2006,hl-syst,9/21/2006,30,29.8704,quillback,27.6,39368,9575
27.2006,hl-syst,9/21/2006,30,26.8224,lingcod,,39368,9575
27.2007,hl-syst,5/16/2007,30,41,none,,40621,9733
28.2006,hl-syst,9/21/2006,30,21.336,lingcod,70.2,39609,9575
28.2006,hl-syst,9/21/2006,30,18.288,copper,25.2,39609,9575
28.2006,hl-syst,9/21/2006,30,14.9352,lingcod,68.6,39609,9575
28.2006,hl-syst,9/21/2006,30,14.9352,copper,30.9,39609,9575
28.2006,hl-syst,9/21/2006,30,23.7744,copper,32,39609,9575
28.2006,hl-syst,9/21/2006,30,21.336,copper,43.9,39609,9575
28.2007,hl-syst,5/16/2007,30,57.3024,quillback,32.5,40621,9733
29.2006,hl-syst,9/22/2006,30,18.8976,lingcod,47.1,43060,10203
29.2006,hl-syst,9/22/2006,30,21.6408,copper,36.2,43060,10203
29.2006,hl-syst,9/22/2006,30,22.86,lingcod,57.2,43060,10203
29.2006,hl-syst,9/22/2006,30,19.5072,black,41.5,43060,10203
29.2006,hl-syst,9/22/2006,30,19.812,copper,42.4,43060,10203
29.2006,hl-syst,9/22/2006,30,19.812,copper,38.8,43060,10203
29.2006,hl-syst,9/22/2006,30,18.8976,black,36.5,43060,10203
29.2006,hl-syst,9/22/2006,30,19.812,copper,31.3,43060,10203
29.2006,hl-syst,9/22/2006,30,22.2504,lingcod,52.1,43060,10203
29.2007,hl-syst,5/17/2007,30,23.4696,copper,34,42791,10045
29.2007,hl-syst,5/17/2007,30,21.9456,lingcod,59,42791,10045
29.2007,hl-syst,5/17/2007,30,14.0208,copper,34,42791,10045
29.2007,hl-syst,5/17/2007,30,23.7744,lingcod,55,42791,10045
3.2006,hl-syst,9/18/2006,30,24.384,copper,27.5,38887,9573
3.2006,hl-syst,9/18/2006,30,24.384,copper,36,38887,9573
3.2006,hl-syst,9/18/2006,30,26.2128,copper,42.5,38887,9573
3.2006,hl-syst,9/18/2006,30,24.384,china,29.1,38887,9573
3.2007,hl-syst,5/14/2007,30,54.864,lingcod,92,41440,9887
3.2007,hl-syst,5/14/2007,30,63.7032,lingcod,71.5,41440,9887
30.2006,hl-syst,9/22/2006,30,32.6136,china,34.5,42791,10045
30.2006,hl-syst,9/22/2006,30,41,black,42.2,42791,10045
30.2006,hl-syst,9/22/2006,30,25.6032,lingcod,72.1,42791,10045
30.2006,hl-syst,9/22/2006,30,32.004,lingcod,75.3,42791,10045
30.2006,hl-syst,9/22/2006,30,30.48,lingcod,82,42791,10045
30.2006,hl-syst,9/22/2006,30,30.48,black,49.3,42791,10045
30.2006,hl-syst,9/22/2006,30,34.1376,black,49,42791,10045
30.2006,hl-syst,9/22/2006,30,36.8808,vermillion,45.2,42791,10045
30.2006,hl-syst,9/22/2006,30,36.576,lingcod,57.2,42791,10045
30.2006,hl-syst,9/22/2006,30,41,lingcod,,42791,10045
30.2006,hl-syst,9/22/2006,30,25.6032,lingcod,,42791,10045
30.2007,hl-syst,5/17/2007,30,64.6176,quillback,42.5,42791,10045
31.2006,hl-syst,9/22/2006,30,51.816,quillback,46.3,42791,10045
31.2006,hl-syst,9/22/2006,30,60.6552,quillback,41.6,42791,10045
31.2007,hl-syst,5/17/2007,30,29.2608,black,45,42791,10045
31.2007,hl-syst,5/17/2007,30,29.5656,lingcod,63.5,42791,10045
31.2007,hl-syst,5/17/2007,30,29.5656,yelloweye,50.5,42791,10045
31.2007,hl-syst,5/17/2007,30,33.8328,lingcod,70,42791,10045
31.2007,hl-syst,5/17/2007,30,29.2608,quillback,35.5,42791,10045
32.2006,hl-syst,9/22/2006,30,63.5,none,,40884,9889
32.2007,hl-syst,5/17/2007,30,41,none,,46677,10683
33.2006,hl-syst,9/22/2006,30,28.956,copper,34.2,40884,9889
33.2006,hl-syst,9/22/2006,30,35.052,copper,39.3,40884,9889
33.2007,hl-syst,5/17/2007,30,54.864,quillback,38,46677,10683
34.2006,hl-syst,9/22/2006,30,10.668,copper,35,40885,9889
34.2006,hl-syst,9/22/2006,30,14.6304,copper,37.3,40885,9889
34.2006,hl-syst,9/22/2006,30,25.2984,copper,32.7,40885,9889
34.2007,hl-syst,5/17/2007,30,26,none,,46677,10683
35.2006,hl-syst,9/22/2006,30,68.58,quillback,35.2,38654,9414
35.2006,hl-syst,9/22/2006,30,65,yelloweye,60.5,38654,9414
35.2007,hl-syst,5/17/2007,30,26,none,,44702,10368
36.2006,hl-syst,9/22/2006,30,28.956,copper,37.1,38658,9415
36.2006,hl-syst,9/22/2006,30,28.956,lingcod,71.5,38658,9415
36.2006,hl-syst,9/22/2006,30,28.956,copper,33.4,38658,9415
36.2006,hl-syst,9/22/2006,30,28.0416,black,40.3,38658,9415
36.2006,hl-syst,9/22/2006,30,31.0896,copper,39.7,38658,9415
36.2006,hl-syst,9/22/2006,30,31.0896,vermillion,44.5,38658,9415
36.2007,hl-syst,5/17/2007,30,38.7096,quillback,33,44702,10368
37.2006,hl-syst,9/22/2006,30,18.288,lingcod,73.5,38658,9415
37.2007,hl-syst,5/17/2007,30,63.5,none,,44702,10368
38.2006,hl-syst,9/23/2006,30,25.6032,quillback,32,40358,9732
38.2007,hl-syst,5/18/2007,30,68.2752,yelloweye,58,38654,9414
38.2007,hl-syst,5/18/2007,30,68.2752,quillback,42,38654,9414
38.2007,hl-syst,5/18/2007,30,68.2752,halibut,89,38654,9414
39.2006,hl-syst,9/23/2006,30,16.764,copper,34.4,40358,9732
39.2006,hl-syst,9/23/2006,30,16.764,copper,35.9,40358,9732
39.2006,hl-syst,9/23/2006,30,16.1544,copper,37,40358,9732
39.2006,hl-syst,9/23/2006,30,15.5448,copper,34.5,40358,9732
39.2006,hl-syst,9/23/2006,30,15.8496,copper,32,40358,9732
39.2007,hl-syst,5/18/2007,30,35.3568,lingcod,104,38887,9573
4.2006,hl-syst,9/18/2006,30,71.628,quillback,36.9,38654,9414
4.2006,hl-syst,9/18/2006,30,71.628,quillback,37.2,38654,9414
4.2006,hl-syst,9/18/2006,30,69.7992,quillback,37.4,38654,9414
4.2006,hl-syst,9/18/2006,30,69.7992,quillback,39.3,38654,9414
4.2006,hl-syst,9/18/2006,30,69.7992,quillback,35.1,38654,9414
4.2007,hl-syst,5/14/2007,30,50.5968,quillback,27,42254,10045
4.2007,hl-syst,5/14/2007,30,52.7304,lingcod,74.5,42254,10045
4.2007,hl-syst,5/14/2007,30,54.5592,yelloweye,43,42254,10045
4.2007,hl-syst,5/14/2007,30,53.6448,lingcod,53,42254,10045
40.2006,hl-syst,9/23/2006,30,17.3736,copper,32,40358,9732
40.2006,hl-syst,9/23/2006,30,17.6784,copper,30.7,40358,9732
40.2007,hl-syst,5/18/2007,30,26,none,,38658,9415
41.2006,hl-syst,9/23/2006,30,32.004,quillback,30,40097,9731
41.2006,hl-syst,9/23/2006,30,32.004,lingcod,48.9,40097,9731
41.2006,hl-syst,9/23/2006,30,32.004,copper,35.5,40097,9731
41.2007,hl-syst,5/18/2007,30,26,none,,38890,9573
42.2006,hl-syst,9/23/2006,30,18.5928,copper,35,40619,9732
42.2006,hl-syst,9/23/2006,30,20.4216,lingcod,78,40619,9732
42.2006,hl-syst,9/23/2006,30,14.9352,copper,29,40619,9732
42.2006,hl-syst,9/23/2006,30,19.812,black,28.8,40619,9732
42.2007,hl-syst,5/18/2007,30,41,none,,38890,9573
43.2006,hl-syst,9/23/2006,30,32.004,copper,36.5,40619,9732
43.2006,hl-syst,9/23/2006,30,40.8432,lingcod,55,40619,9732
43.2007,hl-syst,5/18/2007,30,50.292,quillback,32.5,40884,9889
43.2007,hl-syst,5/18/2007,30,55.4736,quillback,35.5,40884,9889
43.2007,hl-syst,5/18/2007,30,50.292,copper,39.5,40884,9889
43.2007,hl-syst,5/18/2007,30,50.292,copper,22.5,40884,9889
44.2006,hl-syst,9/23/2006,30,60.96,quillback,35.4,39608,9574
44.2006,hl-syst,9/23/2006,30,73.152,quillback,33.5,39608,9574
44.2006,hl-syst,9/23/2006,30,57.912,quillback,32.3,39608,9574
44.2007,hl-syst,5/18/2007,30,28.0416,lingcod,72.5,40885,9889
44.2007,hl-syst,5/18/2007,30,34.1376,halibut,100,40885,9889
45.2006,hl-syst,9/23/2006,30,26.8224,quillback,33,39368,9575
45.2006,hl-syst,9/23/2006,30,32.6136,quillback,30,39368,9575
45.2007,hl-syst,5/18/2007,30,16.764,copper,38,40354,9731
45.2007,hl-syst,5/18/2007,30,16.764,copper,36.5,40354,9731
46.2006,hl-syst,9/23/2006,30,20.4216,copper,32.5,39609,9575
46.2007,hl-syst,5/18/2007,30,63.5,none,,39367,9574
47.2007,hl-syst,5/18/2007,30,41,none,,39609,9575
48.2007,hl-syst,5/18/2007,30,26,none,,39609,9575
5.2006,hl-syst,9/18/2006,30,16.1544,lingcod,63.5,38887,9573
5.2006,hl-syst,9/18/2006,30,15.8496,copper,32.2,38887,9573
5.2006,hl-syst,9/18/2006,30,10.3632,copper,34.3,38887,9573
5.2006,hl-syst,9/18/2006,30,24.384,copper,35.1,38887,9573
5.2007,hl-syst,5/14/2007,30,27.432,whitespotted greenling,36,42254,10045
5.2007,hl-syst,5/14/2007,30,29.5656,china,30,42254,10045
5.2007,hl-syst,5/14/2007,30,27.7368,vermillion,54,42254,10045
6.2006,hl-syst,9/18/2006,30,20.1168,lingcod,57.2,40097,9731
6.2006,hl-syst,9/18/2006,30,21.9456,copper,34.6,40097,9731
6.2006,hl-syst,9/18/2006,30,20.1168,copper,34,40097,9731
6.2007,hl-syst,5/14/2007,30,20.4216,lingcod,82,42254,10045
7.2006,hl-syst,9/18/2006,30,32.004,copper,35.6,40096,9731
7.2007,hl-syst,5/14/2007,30,63.5,none,,40884,9889
8.2006,hl-syst,9/19/2006,30,24.384,lingcod,70.5,43060,10203
8.2006,hl-syst,9/19/2006,30,14.3256,black,38,43060,10203
8.2006,hl-syst,9/19/2006,30,14.3256,black,42.2,43060,10203
8.2006,hl-syst,9/19/2006,30,17.3736,copper,39.2,43060,10203
8.2006,hl-syst,9/19/2006,30,19.2024,copper,37.9,43060,10203
8.2006,hl-syst,9/19/2006,30,15.24,copper,38.2,43060,10203
8.2006,hl-syst,9/19/2006,30,17.3736,copper,35.5,43060,10203
8.2006,hl-syst,9/19/2006,30,24.384,lingcod,,43060,10203
8.2007,hl-syst,5/14/2007,30,41,none,,40884,9889
9.2006,hl-syst,9/19/2006,30,29.2608,lingcod,74,43060,10203
9.2007,hl-syst,5/14/2007,30,14.9352,copper,35,40614,9731
9.2007,hl-syst,5/14/2007,30,14.9352,copper,33.5,40614,9731
bc-10-10-2018,fsc hook-an-line,10/10/2018,2,150,quillback,38.7,37312,9269
c2-25-10-2017,fsc-longline,10/25/2017,240,143,dogfish,,43109,10232
c2-25-10-2017,fsc-longline,10/25/2017,240,143,dogfish,,43109,10232
c2-25-10-2017,fsc-longline,10/25/2017,240,143,dogfish,,43109,10232
c2-25-10-2017,fsc-longline,10/25/2017,240,143,dogfish,,43109,10232
c2-25-10-2017,fsc-longline,10/25/2017,240,143,dogfish,,43109,10232
c2-25-10-2017,fsc-longline,10/25/2017,240,143,dogfish,,43109,10232
ep-26-10-2017,fsc-longline,10/26/2017,240,366,dogfish,77.6,51078,11332
ep-26-10-2017,fsc-longline,10/26/2017,240,366,dogfish,75.2,51078,11332
ep-26-10-2017,fsc-longline,10/26/2017,240,366,dogfish,79,51078,11332
ep-26-10-2017,fsc-longline,10/26/2017,240,366,dogfish,75.1,51078,11332
ep-26-10-2017,fsc-longline,10/26/2017,240,366,dogfish,71.3,51078,11332
ep-26-10-2017,fsc-longline,10/26/2017,240,366,dogfish,69,51078,11332
ep-26-10-2017,fsc-longline,10/26/2017,240,366,dogfish,66.7,51078,11332
ep-26-10-2017,fsc-longline,10/26/2017,240,366,dogfish,75.8,51078,11332
ep-26-10-2017,fsc-longline,10/26/2017,240,366,dogfish,75.1,51078,11332
ep-26-10-2017,fsc-longline,10/26/2017,240,366,dogfish,72.4,51078,11332
ep-26-10-2017,fsc-longline,10/26/2017,240,366,dogfish,72,51078,11332
ep-26-10-2017,fsc-longline,10/26/2017,240,366,dogfish,68.1,51078,11332
fg-11-10-2018,fsc hook-an-line,10/11/2018,5,50,quillback,38.3,35716,8948
fg-11-10-2018,fsc hook-an-line,10/11/2018,5,50,quillback,37.8,35716,8948
fg-11-10-2018,fsc hook-an-line,10/11/2018,5,50,quillback,31.5,35716,8948
fg-11-10-2018,fsc hook-an-line,10/11/2018,5,50,quillback,33.5,35716,8948
fg-11-10-2018,fsc hook-an-line,10/11/2018,5,50,yellowtail,30.5,35716,8948
h15-1,rec-others,3/4/2015,,25,vermillion,52.9,32020,8313
h15-2,rec-others,5/22/2015,,45,lingcod,91,30715,7997
h15-2,rec-others,5/22/2015,,45,lingcod,81,30715,7997
h15-2,rec-others,5/22/2015,,45,lingcod,96,30715,7997
h15-2,rec-others,5/22/2015,,50,yelloweye,62,30715,7997
heilt15-1,fsc-hl,7/8/2015,4.83,25,black,37.7,36360,9102
heilt15-1,fsc-hl,7/8/2015,4.83,30,lingcod,59.2,36360,9102
heilt15-2,hl-syst,7/9/2015,15,62,lingcod,48.5,45511,10520
heilt15-2,hl-syst,7/9/2015,15,60,yelloweye,49.4,45511,10520
heilt15-3,hl-syst,7/9/2015,15,41,none,,47815,10845
heilt15-4,hl-syst,7/10/2015,15,41,none,,44703,10368
heilt15-5,hl-syst,7/10/2015,15,80,quillback,34.7,44980,10369
heilt15-6,hl-syst,7/10/2015,15,72,greenstriped,26.5,44980,10369
heilt15-6,hl-syst,7/10/2015,15,73,quillback,38.8,44980,10369
heilt15-7,hl-syst,7/10/2015,15,66,yelloweye,47,47820,10846
heilt15-8,hl-syst,7/14/2015,15,30,canary,34,32253,8318
heilt15-8,hl-syst,7/14/2015,15,18,lingcod,79.1,32253,8318
heilt15-8,hl-syst,7/14/2015,15,30,lingcod,82,32253,8318
heilt15-8,hl-syst,7/14/2015,15,30,quillback,33.9,32253,8318
heilt16-6,fsc-longline,6/5/2016,1440,70,lingcod,101.3,52363,11462
heilt16-6,fsc-longline,6/5/2016,1440,70,lingcod,102.1,52363,11462
heilt16-6,fsc-longline,6/5/2016,1440,70,yelloweye,62.3,52363,11462
heilt16-6,fsc-longline,6/5/2016,1440,70,yelloweye,64.5,52363,11462
heilt16-6,fsc-longline,6/5/2016,1440,70,yelloweye,57.8,52363,11462
heilt16-6,fsc-longline,6/5/2016,1440,70,yelloweye,55.2,52363,11462
hn-05-07-2018,fsc hook-an-line,7/5/2018,4,42,yelloweye,41.3,45541,10528
hn-18-06-2018,fsc hook-an-line,6/18/2018,6,,,,40635,9737
hn-20-06-2018,fsc-longline,6/20/2018,360,,yelloweye,83.2,37972,9413
hn-21-06-2018,fsc hook-an-line,6/21/2018,4,78.78,bocaccio,48,44167,10369
hn-21-06-2018,fsc hook-an-line,6/21/2018,4,112.11,quillback,35.2,44167,10369
hn-21-06-2018,fsc hook-an-line,6/21/2018,4,30,quillback,30,44167,10369
hn-30-08-2018,fsc hook-an-line,8/30/2018,1,47,black,44,46641,10674
hn-30-08-2018,fsc hook-an-line,8/30/2018,1,48,yelloweye,49,46641,10674
hp-28-09-2018,fsc hook-an-line,9/28/2018,2,60,yelloweye,45.8,55783,11947
hs13_001,hl-syst,8/6/2013,30,35,quillback,28,40619,9732
hs13_001,hl-syst,8/6/2013,30,40,lingcod,73,40619,9732
hs13_001,hl-syst,8/6/2013,30,55,quillback,35,40619,9732
hs13_003,hl-syst,8/6/2013,30,25,copper,43.5,40890,9890
hs13_003,hl-syst,8/6/2013,30,25,copper,39.5,40890,9890
hs13_004,hl-syst,8/6/2013,30,15,copper,39.5,40890,9890
hs13_004,hl-syst,8/6/2013,30,15,quillback,32.7,40890,9890
hs13_004,hl-syst,8/6/2013,30,15,copper,31,40890,9890
hs13_004,hl-syst,8/6/2013,30,15,quillback,27.5,40890,9890
hs13_005,hl-syst,8/6/2013,30,63.5,none,,40362,9733
hs13_006,hl-syst,8/6/2013,30,35,quillback,35.8,40363,9733
hs13_007,hl-syst,8/6/2013,30,25,quillback,28,40895,9891
hs13_007,hl-syst,8/6/2013,30,25,copper,32.7,40895,9891
hs13_007,hl-syst,8/6/2013,30,25,quillback,32.5,40895,9891
hs13_007,hl-syst,8/6/2013,30,25,copper,36.8,40895,9891
hs13_008,hl-syst,8/7/2013,30,63.5,none,,35910,8941
hs13_009,hl-syst,8/7/2013,30,41,none,,35478,8941
hs13_010,hl-syst,8/7/2013,30,25,quillback,33.3,35260,8941
hs13_010,hl-syst,8/7/2013,30,25,china,33,35260,8941
hs13_011,hl-syst,8/7/2013,30,15,quillback,33.7,35260,8941
hs13_011,hl-syst,8/7/2013,30,15,quillback,36,35260,8941
hs13_011,hl-syst,8/7/2013,30,15,china,28.7,35260,8941
hs13_011,hl-syst,8/7/2013,30,15,quillback,38.5,35260,8941
hs13_012,hl-syst,8/7/2013,30,55,quillback,31.3,38883,9572
hs13_012,hl-syst,8/7/2013,30,55,quillback,34.5,38883,9572
hs13_012,hl-syst,8/7/2013,30,55,yelloweye,38.3,38883,9572
hs13_012,hl-syst,8/7/2013,30,55,quillback,38,38883,9572
hs13_012,hl-syst,8/7/2013,30,55,quillback,38.4,38883,9572
hs13_012,hl-syst,8/7/2013,30,55,quillback,33.5,38883,9572
hs13_013,hl-syst,8/7/2013,30,49,canary,30,39600,9572
hs13_013,hl-syst,8/7/2013,30,49,yelloweye,49.3,39600,9572
hs13_013,hl-syst,8/7/2013,30,49,yelloweye,64,39600,9572
hs13_013,hl-syst,8/7/2013,30,49,yelloweye,47.4,39600,9572
hs13_013,hl-syst,8/7/2013,30,49,copper,37.2,39600,9572
hs13_013,hl-syst,8/7/2013,30,49,yelloweye,60.8,39600,9572
hs13_014,hl-syst,8/7/2013,30,55,copper,36.7,40093,9730
hs13_015,hl-syst,8/8/2013,30,63.5,none,,40612,9730
hs13_016,hl-syst,8/8/2013,30,41,none,,40613,9731
hs13_017,hl-syst,8/8/2013,30,26,none,,40353,9731
hs13_018,hl-syst,8/8/2013,30,18,lingcod,63.6,40353,9731
hs13_018,hl-syst,8/8/2013,30,18,copper,36.8,40353,9731
hs13_018,hl-syst,8/8/2013,30,18,copper,32,40353,9731
hs13_019,hl-syst,8/8/2013,30,41,none,,40616,9731
hs13_020,hl-syst,8/8/2013,30,18,copper,44.6,40617,9732
hs13_020,hl-syst,8/8/2013,30,18,copper,44.9,40617,9732
hs13_020,hl-syst,8/8/2013,30,18,kelp greenling,41,40617,9732
hs13_021,hl-syst,8/8/2013,30,55,quillback,38.3,44974,10368
hs13_021,hl-syst,8/8/2013,30,55,quillback,33.2,44974,10368
hs13_023,hl-syst,8/8/2013,30,45,yelloweye,35.7,45532,10525
hs13_023,hl-syst,8/8/2013,30,45,quillback,35.1,45532,10525
hs13_024,hl-syst,8/8/2013,30,27,quillback,33,44977,10368
hs13_024,hl-syst,8/8/2013,30,27,quillback,36,44977,10368
hs13_025,hl-syst,8/8/2013,30,16,none,,44704,10368
ht-27-10-16,fsc-hl,10/27/2016,6,67,quillback,36.3,47812,10844
ht-27-10-16,fsc-hl,10/27/2016,6,81,yelloweye,43,47812,10844
ht-27-10-16b,fsc-hl,10/27/2016,10,,,,47812,10844
jr-29-07-2018,fsc-hook-amd-line,7/29/2018,30,,,,60678,12759
k15-1,fsc-longline,3/27/2015,180,90,halibut,74.4,55259,11938
k15-1,fsc-longline,3/27/2015,180,90,halibut,77.3,55259,11938
k15-1,fsc-longline,3/27/2015,180,90,halibut,84.9,55259,11938
k15-1,fsc-longline,3/27/2015,180,90,halibut,119,55259,11938
k15-1,fsc-longline,3/27/2015,180,90,halibut,82.5,55259,11938
k15-1,fsc-longline,3/27/2015,180,90,halibut,74.4,55259,11938
k15-1,fsc-longline,3/27/2015,180,90,halibut,109.1,55259,11938
k15-1,fsc-longline,3/27/2015,180,90,halibut,71.6,55259,11938
k15-1,fsc-longline,3/27/2015,180,90,halibut,85.8,55259,11938
k15-1,fsc-longline,3/27/2015,180,90,halibut,65.3,55259,11938
k15-1,fsc-longline,3/27/2015,180,90,halibut,91,55259,11938
k15-1,fsc-longline,3/27/2015,180,90,halibut,88.4,55259,11938
k15-1,fsc-longline,3/27/2015,180,90,halibut,84.4,55259,11938
k15-1,fsc-longline,3/27/2015,180,90,halibut,88.9,55259,11938
k15-1,fsc-longline,3/27/2015,180,90,halibut,112.2,55259,11938
k15-1,fsc-longline,3/27/2015,180,90,halibut,73,55259,11938
k15-1,fsc-longline,3/27/2015,180,90,halibut,98.2,55259,11938
k15-1,fsc-longline,3/27/2015,180,90,halibut,114.7,55259,11938
k15-1,fsc-longline,3/27/2015,180,90,halibut,127.2,55259,11938
k15-1,fsc-longline,3/27/2015,180,90,halibut,121,55259,11938
k15-1,fsc-longline,3/27/2015,180,90,halibut,94.5,55259,11938
k15-1,fsc-longline,3/27/2015,180,90,halibut,81.7,55259,11938
k15-1,fsc-longline,3/27/2015,180,90,halibut,88.3,55259,11938
k15-1,fsc-longline,3/27/2015,180,90,pacific cod,75,55259,11938
k15-1,fsc-longline,3/27/2015,180,90,quillback,35.8,55259,11938
k15-1,fsc-longline,3/27/2015,180,90,quillback,40,55259,11938
k15-1,fsc-longline,3/27/2015,180,90,quillback,39,55259,11938
k15-1,fsc-longline,3/27/2015,180,90,quillback,34,55259,11938
k15-1,fsc-longline,3/27/2015,180,90,quillback,36.1,55259,11938
k15-1,fsc-longline,3/27/2015,180,90,quillback,37.1,55259,11938
k15-1,fsc-longline,3/27/2015,180,90,quillback,43.4,55259,11938
k15-1,fsc-longline,3/27/2015,180,90,quillback,41.1,55259,11938
k15-1,fsc-longline,3/27/2015,180,90,quillback,43.9,55259,11938
k15-1,fsc-longline,3/27/2015,180,90,quillback,42.1,55259,11938
k15-1,fsc-longline,3/27/2015,180,90,quillback,42.5,55259,11938
k15-1,fsc-longline,3/27/2015,180,90,quillback,39.9,55259,11938
k15-1,fsc-longline,3/27/2015,180,90,quillback,41,55259,11938
k15-1,fsc-longline,3/27/2015,180,90,quillback,39.2,55259,11938
k15-10,fsc jiggers,8/13/2015,27,40,black,47.1,51284,11302
k15-10,fsc jiggers,8/13/2015,27,40,black,43,51284,11302
k15-10,fsc jiggers,8/13/2015,27,40,deacon,34.6,51284,11302
k15-10,fsc jiggers,8/13/2015,27,40,china,27,51284,11302
k15-10,fsc jiggers,8/13/2015,27,40,lingcod,86.8,51284,11302
k15-10,fsc jiggers,8/13/2015,27,40,quillback,32.1,51284,11302
k15-10,fsc jiggers,8/13/2015,27,40,vermillion,56.2,51284,11302
k15-10,fsc jiggers,8/13/2015,27,40,vermillion,44.5,51284,11302
k15-10,fsc jiggers,8/13/2015,27,40,yelloweye,56.9,51284,11302
k15-10,fsc jiggers,8/13/2015,27,40,yellowtail,32.8,51284,11302
k15-11,fsc jiggers,8/13/2015,23,45,canary,37,51809,11460
k15-11,fsc jiggers,8/13/2015,23,45,canary,31.9,51809,11460
k15-11,fsc jiggers,8/13/2015,23,45,canary,47,51809,11460
k15-11,fsc jiggers,8/13/2015,23,45,copper,35.5,51809,11460
k15-11,fsc jiggers,8/13/2015,23,45,lingcod,66.2,51809,11460
k15-11,fsc jiggers,8/13/2015,23,45,vermillion,50.3,51809,11460
k15-11,fsc jiggers,8/13/2015,23,45,yelloweye,36.9,51809,11460
k15-12,fsc-longline,8/13/2015,110,63.5,none,,52104,11467
k15-13,fsc jiggers,8/13/2015,15,41,none,,51309,11310
k15-14,fsc jiggers,8/13/2015,16,79,china,32.9,49702,11152
k15-14,fsc jiggers,8/13/2015,16,79,lingcod,64.3,49702,11152
k15-14,fsc jiggers,8/13/2015,16,79,lingcod,66.1,49702,11152
k15-14,fsc jiggers,8/13/2015,16,79,silvergray,59,49702,11152
k15-15,fsc jiggers,8/13/2015,15,41,none,,49701,11152
k15-16,hl-syst,8/16/2015,15,55,black,42.1,59104,12566
k15-16,hl-syst,8/16/2015,15,55,quillback,39.6,59104,12566
k15-16,hl-syst,8/16/2015,15,55,quillback,41.5,59104,12566
k15-16,hl-syst,8/16/2015,15,55,quillback,41.7,59104,12566
k15-16,hl-syst,8/16/2015,15,55,quillback,40.9,59104,12566
k15-16,hl-syst,8/16/2015,15,55,quillback,35.8,59104,12566
k15-16,hl-syst,8/16/2015,15,55,quillback,34.8,59104,12566
k15-16,hl-syst,8/16/2015,15,55,quillback,32.8,59104,12566
k15-17,fsc-hl,8/16/2015,,27,lingcod,94.3,59104,12566
k15-18,hl-syst,8/17/2015,15,85,quillback,39.8,52636,11463
k15-18,hl-syst,8/17/2015,15,85,quillback,39.3,52636,11463
k15-18,hl-syst,8/17/2015,15,85,quillback,39.1,52636,11463
k15-18,hl-syst,8/17/2015,15,85,quillback,38.7,52636,11463
k15-18,hl-syst,8/17/2015,15,85,quillback,38,52636,11463
k15-18,hl-syst,8/17/2015,15,85,quillback,32.6,52636,11463
k15-18,hl-syst,8/17/2015,15,85,quillback,32.8,52636,11463
k15-18,hl-syst,8/17/2015,15,85,silvergray,34.8,52636,11463
k15-19,fsc-hl,8/17/2015,6.5,55,canary,35.9,53433,11619
k15-19,fsc-hl,8/17/2015,6.5,55,canary,36.4,53433,11619
k15-19,fsc-hl,8/17/2015,6.5,55,canary,35.4,53433,11619
k15-19,fsc-hl,8/17/2015,6.5,55,canary,31.4,53433,11619
k15-19,fsc-hl,8/17/2015,6.5,55,lingcod,66.8,53433,11619
k15-19,fsc-hl,8/17/2015,6.5,55,quillback,34.8,53433,11619
k15-19,fsc-hl,8/17/2015,6.5,55,yellowtail,47.2,53433,11619
k15-19,fsc-hl,8/17/2015,6.5,55,yellowtail,41.7,53433,11619
k15-19,fsc-hl,8/17/2015,6.5,55,yellowtail,39.8,53433,11619
k15-19,fsc-hl,8/17/2015,6.5,55,yellowtail,38.3,53433,11619
k15-19,fsc-hl,8/17/2015,6.5,55,yellowtail,36.6,53433,11619
k15-2,fsc-longline,3/29/2015,150,85,halibut,74,55258,11938
k15-2,fsc-longline,3/29/2015,150,85,halibut,68.9,55258,11938
k15-2,fsc-longline,3/29/2015,150,85,halibut,82.5,55258,11938
k15-2,fsc-longline,3/29/2015,150,85,halibut,82.5,55258,11938
k15-2,fsc-longline,3/29/2015,150,85,halibut,69.5,55258,11938
k15-2,fsc-longline,3/29/2015,150,85,halibut,79.3,55258,11938
k15-2,fsc-longline,3/29/2015,150,85,halibut,94.4,55258,11938
k15-2,fsc-longline,3/29/2015,150,85,halibut,97.1,55258,11938
k15-2,fsc-longline,3/29/2015,150,85,halibut,92.8,55258,11938
k15-2,fsc-longline,3/29/2015,150,85,halibut,78.9,55258,11938
k15-2,fsc-longline,3/29/2015,150,85,halibut,76.1,55258,11938
k15-2,fsc-longline,3/29/2015,150,85,halibut,100.9,55258,11938
k15-2,fsc-longline,3/29/2015,150,85,halibut,74.3,55258,11938
k15-2,fsc-longline,3/29/2015,150,85,halibut,86.1,55258,11938
k15-2,fsc-longline,3/29/2015,150,85,halibut,127.2,55258,11938
k15-2,fsc-longline,3/29/2015,150,85,halibut,75.1,55258,11938
k15-2,fsc-longline,3/29/2015,150,85,halibut,79.5,55258,11938
k15-2,fsc-longline,3/29/2015,150,85,halibut,75.7,55258,11938
k15-2,fsc-longline,3/29/2015,150,85,halibut,90.7,55258,11938
k15-2,fsc-longline,3/29/2015,150,85,halibut,76.8,55258,11938
k15-2,fsc-longline,3/29/2015,150,85,halibut,90.9,55258,11938
k15-2,fsc-longline,3/29/2015,150,85,halibut,101.8,55258,11938
k15-2,fsc-longline,3/29/2015,150,85,halibut,100.7,55258,11938
k15-2,fsc-longline,3/29/2015,150,85,halibut,91.2,55258,11938
k15-2,fsc-longline,3/29/2015,150,85,halibut,96,55258,11938
k15-2,fsc-longline,3/29/2015,150,85,halibut,89.4,55258,11938
k15-2,fsc-longline,3/29/2015,150,85,halibut,73.1,55258,11938
k15-2,fsc-longline,3/29/2015,150,85,halibut,86.5,55258,11938
k15-2,fsc-longline,3/29/2015,150,85,halibut,88.4,55258,11938
k15-2,fsc-longline,3/29/2015,150,85,halibut,69.7,55258,11938
k15-2,fsc-longline,3/29/2015,150,85,halibut,82.1,55258,11938
k15-2,fsc-longline,3/29/2015,150,85,halibut,82,55258,11938
k15-2,fsc-longline,3/29/2015,150,85,halibut,87.8,55258,11938
k15-2,fsc-longline,3/29/2015,150,85,halibut,90.8,55258,11938
k15-2,fsc-longline,3/29/2015,150,85,halibut,97,55258,11938
k15-2,fsc-longline,3/29/2015,150,85,halibut,74.3,55258,11938
k15-2,fsc-longline,3/29/2015,150,85,halibut,85.6,55258,11938
k15-2,fsc-longline,3/29/2015,150,85,halibut,81.6,55258,11938
k15-2,fsc-longline,3/29/2015,150,85,halibut,72.8,55258,11938
k15-2,fsc-longline,3/29/2015,150,85,halibut,68.2,55258,11938
k15-2,fsc-longline,3/29/2015,150,85,halibut,94.9,55258,11938
k15-2,fsc-longline,3/29/2015,150,85,halibut,104.8,55258,11938
k15-2,fsc-longline,3/29/2015,150,85,halibut,84.6,55258,11938
k15-2,fsc-longline,3/29/2015,150,85,halibut,101.2,55258,11938
k15-2,fsc-longline,3/29/2015,150,85,halibut,74.4,55258,11938
k15-2,fsc-longline,3/29/2015,150,85,halibut,75.1,55258,11938
k15-2,fsc-longline,3/29/2015,150,85,halibut,78.9,55258,11938
k15-2,fsc-longline,3/29/2015,150,85,halibut,87.9,55258,11938
k15-2,fsc-longline,3/29/2015,150,85,halibut,90.3,55258,11938
k15-2,fsc-longline,3/29/2015,150,85,halibut,80.5,55258,11938
k15-2,fsc-longline,3/29/2015,150,85,halibut,86.4,55258,11938
k15-2,fsc-longline,3/29/2015,150,85,halibut,104.5,55258,11938
k15-2,fsc-longline,3/29/2015,150,85,halibut,84.2,55258,11938
k15-2,fsc-longline,3/29/2015,150,85,pacific cod,62.7,55258,11938
k15-2,fsc-longline,3/29/2015,150,85,quillback,42,55258,11938
k15-2,fsc-longline,3/29/2015,150,85,quillback,42,55258,11938
k15-2,fsc-longline,3/29/2015,150,85,quillback,41,55258,11938
k15-2,fsc-longline,3/29/2015,150,85,quillback,39,55258,11938
k15-2,fsc-longline,3/29/2015,150,85,quillback,38,55258,11938
k15-2,fsc-longline,3/29/2015,150,85,quillback,34.5,55258,11938
k15-20,hl-syst,8/18/2015,15,90,quillback,38.1,58580,12411
k15-20,hl-syst,8/18/2015,15,90,quillback,36.1,58580,12411
k15-20,hl-syst,8/18/2015,15,90,yellowtail,33.7,58580,12411
k15-20,hl-syst,8/18/2015,15,90,yellowtail,30,58580,12411
k15-21,hl-syst,8/19/2015,15,65,greenstriped,22.6,53727,11629
k15-21,hl-syst,8/19/2015,15,65,quillback,28.1,53727,11629
k15-21,hl-syst,8/19/2015,15,65,yelloweye,41.6,53727,11629
k15-21,hl-syst,8/19/2015,15,65,yelloweye,46,53727,11629
k15-21,hl-syst,8/19/2015,15,65,yelloweye,43.8,53727,11629
k15-21,hl-syst,8/19/2015,15,65,yelloweye,40,53727,11629
k15-21,hl-syst,8/19/2015,15,65,yelloweye,43,53727,11629
k15-21,hl-syst,8/19/2015,15,65,yelloweye,36.9,53727,11629
k15-21,hl-syst,8/19/2015,15,65,yelloweye,30.6,53727,11629
k15-21,hl-syst,8/19/2015,15,65,yelloweye,28,53727,11629
k15-21,hl-syst,8/19/2015,15,65,yelloweye,34,53727,11629
k15-21,hl-syst,8/19/2015,15,65,yelloweye,52.3,53727,11629
k15-21,hl-syst,8/19/2015,15,65,yelloweye,48.5,53727,11629
k15-21,hl-syst,8/19/2015,15,65,yelloweye,48.4,53727,11629
k15-21,hl-syst,8/19/2015,15,65,yelloweye,48,53727,11629
k15-21,hl-syst,8/19/2015,15,65,yelloweye,44.2,53727,11629
k15-21,hl-syst,8/19/2015,15,65,yelloweye,46.5,53727,11629
k15-21,hl-syst,8/19/2015,15,65,yelloweye,43.6,53727,11629
k15-21,hl-syst,8/19/2015,15,65,yelloweye,44.5,53727,11629
k15-21,hl-syst,8/19/2015,15,65,yellowtail,35.7,53727,11629
k15-21,hl-syst,8/19/2015,15,65,yellowtail,35.5,53727,11629
k15-21,hl-syst,8/19/2015,15,65,yellowtail,37.6,53727,11629
k15-21,hl-syst,8/19/2015,15,65,yellowtail,32.1,53727,11629
k15-21,hl-syst,8/19/2015,15,65,yellowtail,35.2,53727,11629
k15-21,hl-syst,8/19/2015,15,65,yellowtail,33.6,53727,11629
k15-21,hl-syst,8/19/2015,15,65,yellowtail,32,53727,11629
k15-21,hl-syst,8/19/2015,15,65,yellowtail,27.8,53727,11629
k15-21,hl-syst,8/19/2015,15,65,yellowtail,26.2,53727,11629
k15-22,fsc-hl,8/20/2015,,37,yelloweye,58.1,58580,12411
k15-23,fsc-hl,8/21/2015,,44,lingcod,82.2,46644,10675
k15-23,fsc-hl,8/21/2015,,34,lingcod,67,46644,10675
k15-24,fsc-hl,8/21/2015,,75,lingcod,61,46930,10675
k15-24,fsc-hl,8/21/2015,,75,quillback,38.1,46930,10675
k15-24,fsc-hl,8/21/2015,,75,yelloweye,54.1,46930,10675
k15-24,fsc-hl,8/21/2015,,92,yelloweye,54.1,46930,10675
k15-24,fsc-hl,8/21/2015,,92,yelloweye,55,46930,10675
k15-3,fsc-longline,3/29/2015,,85,canary,36.6,55004,11938
k15-3,fsc-longline,3/29/2015,,85,quillback,39.5,55004,11938
k15-3,fsc-longline,3/29/2015,,85,quillback,33.9,55004,11938
k15-3,fsc-longline,3/29/2015,,85,quillback,41.1,55004,11938
k15-3,fsc-longline,3/29/2015,,85,quillback,38.4,55004,11938
k15-3,fsc-longline,3/29/2015,,85,quillback,37.9,55004,11938
k15-4,fsc-longline,3/30/2015,,85,quillback,39.6,55004,11938
k15-5,fsc-longline,3/31/2015,,50,quillback,38.7,55005,11938
k15-6,hl-syst,4/1/2015,15,55,quillback,28.1,51573,11310
k15-6,hl-syst,4/1/2015,15,55,quillback,39.2,51573,11310
k15-6,hl-syst,4/1/2015,15,55,silvergray,41.2,51573,11310
k15-6,hl-syst,4/1/2015,15,55,yellowtail,36.4,51573,11310
k15-7,hl-syst,4/1/2015,15,70,quillback,32.6,51573,11310
k15-7,hl-syst,4/1/2015,15,80,quillback,39.1,51573,11310
k15-7,hl-syst,4/1/2015,15,80,quillback,32.7,51573,11310
k15-7,hl-syst,4/1/2015,15,80,quillback,34.1,51573,11310
k15-7,hl-syst,4/1/2015,15,80,yelloweye,64.2,51573,11310
k15-7,hl-syst,4/1/2015,15,80,yelloweye,58.2,51573,11310
k15-7,hl-syst,4/1/2015,15,80,yelloweye,58.7,51573,11310
k15-7,hl-syst,4/1/2015,15,80,yelloweye,60,51573,11310
k15-7,hl-syst,4/1/2015,15,70,yellowtail,28,51573,11310
k15-7,hl-syst,4/1/2015,15,70,yellowtail,29.8,51573,11310
k15-7,hl-syst,4/1/2015,15,73,yellowtail,28.8,51573,11310
k15-8,fsc-longline,4/1/2015,150,70,lingcod,84.8,55258,11938
k15-8,fsc-longline,4/1/2015,150,70,pacific cod,68.8,55258,11938
k15-8,fsc-longline,4/1/2015,150,70,pacific cod,61,55258,11938
k15-8,fsc-longline,4/1/2015,150,70,pacific cod,68.2,55258,11938
k15-8,fsc-longline,4/1/2015,150,70,pacific cod,81,55258,11938
k15-8,fsc-longline,4/1/2015,150,70,pacific cod,55.5,55258,11938
k15-8,fsc-longline,4/1/2015,150,70,pacific cod,58.8,55258,11938
k15-8,fsc-longline,4/1/2015,150,70,pacific cod,58.6,55258,11938
k15-8,fsc-longline,4/1/2015,150,70,pacific cod,70.5,55258,11938
k15-8,fsc-longline,4/1/2015,150,70,pacific cod,55.6,55258,11938
k15-8,fsc-longline,4/1/2015,150,70,quillback,38.7,55258,11938
k15-8,fsc-longline,4/1/2015,150,70,quillback,35.2,55258,11938
k15-8,fsc-longline,4/1/2015,150,70,quillback,40.6,55258,11938
k15-8,fsc-longline,4/1/2015,150,70,quillback,39,55258,11938
k15-8,fsc-longline,4/1/2015,150,70,quillback,38.4,55258,11938
k15-8,fsc-longline,4/1/2015,150,70,quillback,35.9,55258,11938
k15-8,fsc-longline,4/1/2015,150,70,yelloweye,68.5,55258,11938
k15-8,fsc-longline,4/1/2015,150,70,yelloweye,53.1,55258,11938
k15-8,fsc-longline,4/1/2015,150,70,yelloweye,53.6,55258,11938
k15-8,fsc-longline,4/1/2015,150,70,yelloweye,56.9,55258,11938
k15-8,fsc-longline,4/1/2015,150,70,yelloweye,67,55258,11938
k15-9,hl-syst,4/2/2015,15,88,lingcod,93.4,63401,13213
k15-9,hl-syst,4/2/2015,15,30,quillback,19.1,63401,13213
k15-9,hl-syst,4/2/2015,15,91,quillback,26.7,63401,13213
k15-9,hl-syst,4/2/2015,15,60,quillback,24.8,63401,13213
k15-9,hl-syst,4/2/2015,15,91,quillback,31.5,63401,13213
k15-9,hl-syst,4/2/2015,15,61,yelloweye,26.6,63401,13213
k15-9,hl-syst,4/2/2015,15,84,yelloweye,63.6,63401,13213
k15-9,hl-syst,4/2/2015,15,60,yelloweye,39.2,63401,13213
k15-9,hl-syst,4/2/2015,15,98,yelloweye,45.7,63401,13213
k15-9,hl-syst,4/2/2015,15,85,yelloweye,39.6,63401,13213
k15-9,hl-syst,4/2/2015,15,91,yelloweye,36.1,63401,13213
kb-30-03-2017,fsc-longline,3/30/2017,1440,,quillback,40,55511,11937
kb-30-03-2017,fsc-longline,3/30/2017,1440,,quillback,40.6,55511,11937
kb-30-03-2017,fsc-longline,3/30/2017,1440,,quillback,39,55511,11937
kb-30-03-2017,fsc-longline,3/30/2017,1440,,quillback,39.1,55511,11937
kb-30-03-2017,fsc-longline,3/30/2017,1440,,quillback,38.2,55511,11937
kb-30-03-2017,fsc-longline,3/30/2017,1440,,quillback,38.6,55511,11937
kc-11-10-2018,fsc crab survey,10/11/2018,2,55,lingcod,59,37773,9266
kc-11-10-2018,fsc crab survey,10/11/2018,2,35,lingcod,74.6,37773,9266
kc-11-10-2018,fsc crab survey,10/11/2018,2,40,copper,40.6,37773,9266
km-29-07-2018,fsc-hook-amd-line,7/29/2018,30,,,,61419,12916
kn-20-09-2018,fsc hook-an-line,9/20/2018,3,64,quillback,37.5,65718,13520
ks13_001,hl-syst,8/11/2013,10,63.5,none,,55514,11938
ks13_002,hl-syst,8/11/2013,10,63.5,none,,55514,11938
ks13_003,hl-syst,8/11/2013,10,41,none,,55514,11938
ks13_004,hl-syst,8/11/2013,30,24,quillback,31.3,56514,12096
ks13_004,hl-syst,8/11/2013,30,27,copper,44.2,56514,12096
ks13_005,hl-syst,8/11/2013,30,63.5,none,,57031,12253
ks13_006,hl-syst,8/11/2013,10,6,none,,57540,12253
ks13_007,hl-syst,8/11/2013,30,11,lingcod,69.4,57290,12253
ks13_007,hl-syst,8/11/2013,30,11,lingcod,77.5,57290,12253
ks13_007,hl-syst,8/11/2013,30,15,lingcod,64.5,57290,12253
ks13_008,hl-syst,8/11/2013,30,63.5,none,,57290,12253
ks13_009,hl-syst,8/11/2013,30,41,none,,57539,12253
ks13_010,hl-syst,8/11/2013,30,21,quillback,28.3,57539,12253
ks13_010,hl-syst,8/11/2013,30,24,quillback,29.4,57539,12253
ks13_012,hl-syst,8/11/2013,30,39,yelloweye,61.5,58060,12411
ks13_013,hl-syst,8/11/2013,30,26,none,,58060,12411
ks13_014,hl-syst,8/11/2013,10,16,none,,58317,12410
ks13_016,hl-syst,8/12/2013,10,41,none,,59854,12559
ks13_017,hl-syst,8/12/2013,30,16,none,,59854,12559
ks13_018,hl-syst,8/12/2013,30,32,quillback,33,59349,12559
ks13_018,hl-syst,8/12/2013,30,32,quillback,28.8,59349,12559
ks13_018,hl-syst,8/12/2013,30,42,lingcod,85.2,59349,12559
ks13_020,hl-syst,8/12/2013,30,30,china,32.6,59346,12558
ks13_020,hl-syst,8/12/2013,30,30,yelloweye,62.5,59346,12558
ks13_020,hl-syst,8/12/2013,30,30,china,32.7,59346,12558
ks13_020,hl-syst,8/12/2013,30,37,quillback,34.5,59346,12558
ks13_020,hl-syst,8/12/2013,30,34,quillback,28.8,59346,12558
ks13_021,hl-syst,8/12/2013,30,41,yelloweye,58.2,58551,12400
ks13_022,hl-syst,8/12/2013,10,41,none,,58290,12400
ks13_023,hl-syst,8/12/2013,30,20,copper,41,58813,12401
ks13_023,hl-syst,8/12/2013,30,18,lingcod,71,58813,12401
ks13_024,hl-syst,8/13/2013,30,41,lingcod,68,51789,11455
ks13_024,hl-syst,8/13/2013,30,34,halibut,102.3,51789,11455
ks13_024,hl-syst,8/13/2013,30,37,lingcod,79.3,51789,11455
ks13_024,hl-syst,8/13/2013,30,37,lingcod,80,51789,11455
ks13_024,hl-syst,8/13/2013,30,40,lingcod,80.9,51789,11455
ks13_024,hl-syst,8/13/2013,30,41,halibut,91,51789,11455
ks13_024,hl-syst,8/13/2013,30,41,halibut,86.3,51789,11455
ks13_025,hl-syst,8/13/2013,10,41,none,,53134,11611
ks13_026,hl-syst,8/13/2013,30,20,copper,41.5,53408,11612
ks13_027,hl-syst,8/13/2013,30,52,yelloweye,62.3,53688,11616
ks13_027,hl-syst,8/13/2013,30,51,yelloweye,60.5,53688,11616
ks13_027,hl-syst,8/13/2013,30,51,yelloweye,60,53688,11616
ks13_028,hl-syst,8/14/2013,30,63.5,none,,51309,11310
ks13_029,hl-syst,8/14/2013,30,49,halibut,66.5,51309,11310
ks13_030,hl-syst,8/14/2013,30,49,lingcod,69.3,51309,11310
ks13_031,hl-syst,8/14/2013,30,63.5,none,,49431,10994
ks13_032,hl-syst,8/14/2013,30,41,none,,49159,10994
ks13_033,hl-syst,8/14/2013,30,45,quillback,33.1,49159,10994
ks13_034,hl-syst,8/14/2013,30,41,none,,49159,10994
ks13_035,hl-syst,8/14/2013,30,52,halibut,93,49702,11152
ks13_036,hl-syst,8/14/2013,30,27,lingcod,49.8,52927,11630
ks13_036,hl-syst,8/14/2013,30,28,lingcod,54.9,52927,11630
ks13_036,hl-syst,8/14/2013,30,42,lingcod,81.5,52927,11630
ks13_036,hl-syst,8/14/2013,30,30,lingcod,64.9,52927,11630
ks13_036,hl-syst,8/14/2013,30,48,lingcod,66.4,52927,11630
ks13_036,hl-syst,8/14/2013,30,44,kelp greenling,36,52927,11630
ks13_037,hl-syst,8/14/2013,30,50,lingcod,50.5,53197,11630
ks13_038,hl-syst,8/15/2013,30,41,none,,55000,11937
ks13_038b,fsc-hl,8/15/2013,0.166666667,31,lingcod,83.5,55000,11937
ks13_039,hl-syst,8/16/2013,15,63.5,none,,53690,11617
ks13_039b,hl-syst,8/16/2013,15,53,yelloweye,39.8,53690,11617
ks13_039b,hl-syst,8/16/2013,15,54,quillback,31.2,53690,11617
ks13_039b,hl-syst,8/16/2013,15,54,quillback,34,53690,11617
ks13_039b,hl-syst,8/16/2013,15,54,quillback,33.3,53690,11617
ks13_040,hl-syst,8/16/2013,15,63.5,none,,53689,11616
ks13_040b,hl-syst,8/16/2013,15,62,copper,38.7,53689,11616
ks13_040b,hl-syst,8/16/2013,15,62,copper,41.7,53689,11616
ks13_040b,hl-syst,8/16/2013,15,62,canary,49.8,53689,11616
ks13_040b,hl-syst,8/16/2013,15,59,silvergray,40.1,53689,11616
ks13_040b,hl-syst,8/16/2013,15,59,canary,42.3,53689,11616
ks13_040b,hl-syst,8/16/2013,15,59,canary,38.3,53689,11616
ks13_040b,hl-syst,8/16/2013,15,59,canary,34.5,53689,11616
ks13_041,fsc-hl,8/16/2013,5,70,lingcod,56.3,53688,11616
ks13_041b,fsc-hl,8/16/2013,5,70,canary,30,53688,11616
ks13_042,hl-syst,8/16/2013,15,52,yelloweye,56.8,53688,11616
ks13_042,hl-syst,8/16/2013,15,68,quillback,39.4,53688,11616
ks13_042b,hl-syst,8/16/2013,15,54,lingcod,58.3,53688,11616
ks13_042b,hl-syst,8/16/2013,15,50,lingcod,63.3,53688,11616
ks13_042b,hl-syst,8/16/2013,15,55,lingcod,57.8,53688,11616
ks13_042b,hl-syst,8/16/2013,15,47,tiger,32,53688,11616
ks13_042b,hl-syst,8/16/2013,15,55,quillback,37.9,53688,11616
ks13_043,fsc-hl,8/17/2013,5,63.5,none,,58061,12411
ks13_043b,fsc-hl,8/17/2013,5,63.5,none,,58061,12411
ks13_044,fsc-hl,8/17/2013,7.183333333,43,yelloweye,71.8,58320,12411
ks13_044b,fsc-hl,8/17/2013,1.85,53,quillback,31.2,58320,12411
ks13_045,fsc-hl,8/17/2013,3.183333333,51,halibut,120,58064,12412
ks13_045b,fsc-hl,8/17/2013,3.25,63.5,none,,58064,12412
ks13_046,fsc-hl,8/17/2013,9.35,41,none,,58323,12412
ks13_046b,fsc-hl,8/17/2013,5,41,none,,58323,12412
ks13_047b,fsc-hl,8/17/2013,5,63.5,none,,58842,12412
ks13_048,hl-syst,8/19/2013,15,78,yelloweye,42.1,63401,13213
ks13_048,hl-syst,8/19/2013,15,60,yelloweye,32.3,63401,13213
ks13_048,hl-syst,8/19/2013,15,56,quillback,29.3,63401,13213
ks13_048b,hl-syst,8/19/2013,15,56,yelloweye,40.8,63401,13213
ks13_048b,hl-syst,8/19/2013,15,56,yelloweye,52.1,63401,13213
ks13_049,hl-syst,8/19/2013,15,41,china,20.7,63401,13213
ks13_049b,hl-syst,8/19/2013,15,41,none,,63401,13213
ks13_051,hl-syst,8/19/2013,15,71,yelloweye,47.3,61664,12895
ks13_051b,hl-syst,8/19/2013,15,73,yelloweye,59.8,61664,12895
ks13_50,hl-syst,8/19/2013,15,55,yelloweye,32.6,63399,13212
ks13_50,hl-syst,8/19/2013,15,58,yelloweye,32.4,63399,13212
ks13_50,hl-syst,8/19/2013,15,55,yelloweye,26.1,63399,13212
ks13_50,hl-syst,8/19/2013,15,59,yelloweye,46.4,63399,13212
ks13_50b,hl-syst,8/19/2013,15,55,yelloweye,47,63399,13212
ks14_1,fsc-longline,7/4/2014,180,69,halibut,87.6,54750,11780
ks14_1,fsc-longline,7/4/2014,180,69,yelloweye,54.5,54750,11780
ks14_1,fsc-longline,7/4/2014,180,69,quillback,40.2,54750,11780
ks14_1,fsc-longline,7/4/2014,180,69,quillback,37,54750,11780
ks14_1,fsc-longline,7/4/2014,180,69,quillback,38.8,54750,11780
ks14_1,fsc-longline,7/4/2014,180,69,silvergray,50,54750,11780
ks14_1,fsc-longline,7/4/2014,180,69,quillback,39.6,54750,11780
ks14_1,fsc-longline,7/4/2014,180,69,silvergray,53.5,54750,11780
ks14_1,fsc-longline,7/4/2014,180,69,quillback,35.9,54750,11780
ks14_1,fsc-longline,7/4/2014,180,69,quillback,34.4,54750,11780
ks14_10,fsc-hl,4/23/2014,0.733333333,60,quillback,35,63908,13213
ks14_11,fsc-hl,4/27/2014,,61,tiger,37,65974,13523
ks14_11,fsc-hl,4/27/2014,,85,yellowtail,41.2,65974,13523
ks14_11,fsc-hl,4/27/2014,,122,lingcod,67.3,65974,13523
ks14_11,fsc-hl,4/27/2014,,122,yellowtail,43.4,65974,13523
ks14_2,fsc-longline,7/4/2014,240,69,yelloweye,56.5,55514,11938
ks14_2,fsc-longline,7/4/2014,240,69,halibut,136.7,55514,11938
ks14_2,fsc-longline,7/4/2014,240,69,halibut,84,55514,11938
ks14_2,fsc-longline,7/4/2014,240,69,halibut,128,55514,11938
ks14_2,fsc-longline,7/4/2014,240,69,halibut,125.6,55514,11938
ks14_2,fsc-longline,7/4/2014,240,69,halibut,83.5,55514,11938
ks14_2,fsc-longline,7/4/2014,240,69,halibut,105,55514,11938
ks14_2,fsc-longline,7/4/2014,240,69,halibut,92,55514,11938
ks14_3,fsc-hl,7/7/2014,,10,china,29.4,61136,12877
ks14_3,fsc-hl,7/7/2014,,10,black,37,61136,12877
ks14_3,fsc-hl,7/7/2014,,10,black,36.8,61136,12877
ks14_3,fsc-hl,7/7/2014,,10,black,39.8,61136,12877
ks14_3,fsc-hl,7/7/2014,,10,black,37,61136,12877
ks14_4,fsc-hl,7/7/2014,,20,copper,30.5,56753,12089
ks14_4,fsc-hl,7/7/2014,,20,copper,29.2,56753,12089
ks14_4,fsc-hl,7/7/2014,,20,copper,29.9,56753,12089
ks14_4,fsc-hl,7/7/2014,,20,copper,40,56753,12089
ks14_4,fsc-hl,7/7/2014,,20,copper,32.3,56753,12089
ks14_4,fsc-hl,7/7/2014,,20,copper,33,56753,12089
ks14_4,fsc-hl,7/7/2014,,20,copper,28,56753,12089
ks14_5,hl-syst,7/9/2014,15,38,quillback,34.9,58317,12410
ks14_5,hl-syst,7/9/2014,15,31,china,30.2,58317,12410
ks14_5,hl-syst,7/9/2014,15,34,lingcod,79.6,58317,12410
ks14_6,hl-syst,7/9/2014,15,88.5,none,,58862,12419
ks14_7,hl-syst,7/9/2014,15,44,yelloweye,53.1,58862,12419
ks14_7,hl-syst,7/9/2014,15,52,yelloweye,56.4,58862,12419
ks14_7,hl-syst,7/9/2014,15,52,quillback,31.6,58862,12419
ks14_7,hl-syst,7/9/2014,15,45,quillback,36.8,58862,12419
ks14_7,hl-syst,7/9/2014,15,45,yelloweye,36.5,58862,12419
ks14_7,hl-syst,7/9/2014,15,66,quillback,36.3,58862,12419
ks14_8,hl-syst,7/10/2014,15,75,quillback,37.3,55778,11944
ks14_8,hl-syst,7/10/2014,15,84,quillback,39,55778,11944
ks14_8,hl-syst,7/10/2014,15,73,yelloweye,32.3,55778,11944
ks14_8,hl-syst,7/10/2014,15,64,silvergray,45.1,55778,11944
ks14_8,hl-syst,7/10/2014,15,84,quillback,37.7,55778,11944
ks14_8,hl-syst,7/10/2014,15,83,quillback,28,55778,11944
ks14_8,hl-syst,7/10/2014,15,80,quillback,25.7,55778,11944
ks14_8,hl-syst,7/10/2014,15,83,yelloweye,48,55778,11944
ks14_8,hl-syst,7/10/2014,15,47,quillback,37.5,55778,11944
ks14_8,hl-syst,7/10/2014,15,77,yelloweye,41,55778,11944
ks14_8,hl-syst,7/10/2014,15,67,yelloweye,39,55778,11944
ks14_9,hl-syst,7/10/2014,15,77,yelloweye,45.1,60138,12734
ks14_9,hl-syst,7/10/2014,15,76,silvergray,45.2,60138,12734
ks14_9,hl-syst,7/10/2014,15,78,silvergray,38.9,60138,12734
ks14_9,hl-syst,7/10/2014,15,74,quillback,35.7,60138,12734
ks14_9,hl-syst,7/10/2014,15,80,quillback,38.7,60138,12734
ks14_9,hl-syst,7/10/2014,15,91,silvergray,42.5,60138,12734
ks14_9,hl-syst,7/10/2014,15,87,silvergray,49.6,60138,12734
ks14_9,hl-syst,7/10/2014,15,81,quillback,31.8,60138,12734
ks14_9,hl-syst,7/10/2014,15,81,silvergray,37.4,60138,12734
ks14_9,hl-syst,7/10/2014,15,72,silvergray,32.1,60138,12734
kx1-11-09-2017,fsc hook-and-line,9/11/2017,1,170,yelloweye,57,63401,13213
kx-14-4-16,fsc-hl,4/14/2016,,30,black,44.8,57541,12254
kx-14-4-16,fsc-hl,4/14/2016,,30,black,40.1,57541,12254
kx-14-4-16,fsc-hl,4/14/2016,,30,yellowtail,40.6,57541,12254
kx-15-09-2018,fsc hook-an-line,9/15/2018,1,30,quillback,31.1,58586,12412
kx-15-09-2018,fsc hook-an-line,9/15/2018,1,30,quillback,31.9,58586,12412
kx-15-09-2018,fsc hook-an-line,9/15/2018,1,26,lingcod,38,58586,12412
kx-15-09-2018,fsc hook-an-line,9/15/2018,1,33,copper,32,58586,12412
kx-15-09-2018,fsc hook-an-line,9/15/2018,1,30,quillback,22,58586,12412
kx-15-09-2018,fsc hook-an-line,9/15/2018,1,29,bocaccio,40,58586,12412
kx-15-09-2018,fsc hook-an-line,9/15/2018,1,30,quillback,26,58586,12412
kx-1-5-16.1,hl-syst,5/1/2016,15,40,yelloweye,46.6,60925,12741
kx-1-5-16.2,hl-syst,5/1/2016,9,,none,,60925,12741
kx-1-5-16.3,hl-syst,5/1/2016,15,40,quillback,30.1,60925,12741
kx-1-5-16.3,hl-syst,5/1/2016,15,40,yelloweye,33.6,60925,12741
kx-1-5-16.3,hl-syst,5/1/2016,15,40,yelloweye,29.7,60925,12741
kx-1-5-16.3,hl-syst,5/1/2016,15,40,yelloweye,48.8,60925,12741
kx-1-5-16.4,fsc jiggers,5/1/2016,3,80,yelloweye,49.5,60667,12741
kx-1-5-16.4,fsc jiggers,5/1/2016,3,80,yelloweye,48.3,60667,12741
kx-1-5-16.4,fsc jiggers,5/1/2016,3,80,yelloweye,32.5,60667,12741
kx-16-8-16.1,fsc-hl,8/16/2016,,30.48,lingcod,75.4,53140,11612
kx-16-8-16.2,fsc-hl,8/16/2016,,18.288,black,45.2,51810,11460
kx-16-8-16.2,fsc-hl,8/16/2016,,29.8704,quillback,37.2,51810,11460
kx-16-8-16.2,fsc-hl,8/16/2016,,29.8704,vermillion,50,51810,11460
kx-17-8-16.1,fsc-hl,8/17/2016,,22.86,lingcod,73.6,47212,10675
kx-17-8-16.2,fsc-hl,8/17/2016,,57.912,lingcod,74,46930,10675
kx-17-8-16.2,fsc-hl,8/17/2016,,47.8536,quillback,34.6,46930,10675
kx-17-8-16.2,fsc-hl,8/17/2016,,57.912,yelloweye,40.9,46930,10675
kx-18-8-16.1,fsc-hl,8/18/2016,,24.384,copper,37.9,48626,10990
kx-18-8-16.2,fsc-hl,8/18/2016,,50.9016,lingcod,73.1,46929,10675
kx-18-8-16.3,fsc-hl,8/18/2016,,54.864,canary,40.7,46929,10675
kx-19-09-2018,fsc hook-an-line,9/19/2018,3,50,quillback,35,58845,12412
kx-19-8-16.1,fsc-hl,8/19/2016,,76.2,quillback,37.3,56008,12093
kx-20-8-16.1,fsc-hl,8/20/2016,,36.576,canary,34.1,55734,11926
kx-20-8-16.1,fsc-hl,8/20/2016,,36.576,quillback,40.7,55734,11926
kx-21-8-16.1,fsc-hl,8/21/2016,,91.44,quillback,37.4,58321,12411
kx-22-8-16.1,fsc-hl,8/22/2016,,51.816,lingcod,77.3,53953,11774
kx-22-8-16.1,fsc-hl,8/22/2016,,51.816,yelloweye,41.6,53953,11774
kx-22-8-16.1,fsc-hl,8/22/2016,,51.816,yelloweye,38.1,53953,11774
kx-22-8-16.2,fsc-hl,8/22/2016,,70.104,quillback,40.2,51812,11461
kx-22-8-16.2,fsc-hl,8/22/2016,,70.104,yelloweye,68.2,51812,11461
kx-22-8-16.3,fsc-hl,8/22/2016,,68.8848,quillback,40.3,51815,11461
kx-23-8-16.1,fsc-hl,8/23/2016,,109.728,quillback,38.2,63375,13193
kx-23-8-16.2,fsc-hl,8/23/2016,,97.536,silvergray,37,63627,13193
kx-24-4-16.1,fsc-hl,4/24/2016,,40,quillback,31.8,60925,12741
kx-24-4-16.1,fsc-hl,4/24/2016,,40,quillback,30.5,60925,12741
kx-24-4-16.1,fsc-hl,4/24/2016,,40,yelloweye,48.3,60925,12741
kx-25-3-16_1,fsc-longline,3/25/2016,,100,quillback,40.9,55258,11938
kx-25-3-16_1,fsc-longline,3/25/2016,,100,quillback,35.3,55258,11938
kx-25-3-16_1,fsc-longline,3/25/2016,,100,quillback,42.5,55258,11938
kx-25-3-16_1,fsc-longline,3/25/2016,,100,quillback,39,55258,11938
kx-25-3-16_1,fsc-longline,3/25/2016,,100,quillback,40.4,55258,11938
kx-25-3-16_1,fsc-longline,3/25/2016,,100,quillback,38,55258,11938
kx-25-8-16.1,fsc-hl,8/25/2016,7.5,67.056,quillback,36,55783,11947
kx-25-8-16.1,fsc-hl,8/25/2016,7.5,67.056,yelloweye,48.1,55783,11947
kx-25-8-16.1,fsc-hl,8/25/2016,7.5,67.056,yelloweye,41.9,55783,11947
kx-30-06-2018,fsc hook-an-line,6/30/2018,3,33,vermillion,49,48884,10990
kx-31-3-16_1,fsc-hl,3/31/2016,,40,canary,38,52103,11467
kx-31-3-16_1,fsc-hl,3/31/2016,,40,canary,37.5,52103,11467
kx-6-4-16,fsc-found,4/6/2016,,,shortraker,84,56771,12097
kx-7-4-16,hl-syst,4/7/2016,15,77,yelloweye,44.2,63150,13213
kx-7-4-16,hl-syst,4/7/2016,15,77,yelloweye,66.1,63150,13213
nn1-25-10-2017,fsc hook-and-line,10/25/2017,9,230,greenstriped,31.1,43377,10222
nn-22-06-2017,fsc hook-and-line,6/22/2017,12,204,yellowtail,40.1,41485,9907
nn-23-07-2018,fsc hook-an-line,7/23/2018,1,44,lingcod,79.5,41757,9917
nn-27-07-2018,fsc hook-an-line,7/27/2018,3,44,quillback,37.4,47564,10862
nn-27-07-2018,fsc hook-an-line,7/27/2018,3,72,redstripe,37.3,47564,10862
nu13_1,hl-syst,10/1/2013,30,53,quillback,32.6,37773,9266
nu13_10,hl-syst,10/2/2013,30,41,none,,51339,11331
nu13_11,hl-syst,10/2/2013,30,51,quillback,34.6,48402,10859
nu13_2,hl-syst,10/1/2013,30,41,none,,37773,9266
nu13_3,hl-syst,10/1/2013,30,33,yellowtail,33.6,37773,9266
nu13_3,hl-syst,10/1/2013,30,35,kelp greenling,39,37773,9266
nu13_4,hl-syst,10/1/2013,30,38,kelp greenling,33.5,36377,9108
nu13_4,hl-syst,10/1/2013,30,39,yellowtail,30.8,36377,9108
nu13_4,hl-syst,10/1/2013,30,66,quillback,32.5,36377,9108
nu13_4,hl-syst,10/1/2013,30,55,quillback,35.6,36377,9108
nu13_4,hl-syst,10/1/2013,30,55,quillback,31.2,36377,9108
nu13_5,hl-syst,10/1/2013,30,43,yellowtail,30.8,42826,10063
nu13_5,hl-syst,10/1/2013,30,81,yellowtail,32.1,42826,10063
nu13_5,hl-syst,10/1/2013,30,35,yellowtail,29.5,42826,10063
nu13_6,hl-syst,10/1/2013,30,44,quillback,35.3,43643,10222
nu13_6,hl-syst,10/1/2013,30,44,quillback,29.4,43643,10222
nu13_7,hl-syst,10/1/2013,30,40,quillback,35.4,44722,10381
nu13_7,hl-syst,10/1/2013,30,74,quillback,31.8,44722,10381
nu13_7,hl-syst,10/1/2013,30,33,quillback,34.6,44722,10381
nu13_7,hl-syst,10/1/2013,30,56,quillback,30.4,44722,10381
nu13_7,hl-syst,10/1/2013,30,48,yellowtail,27.8,44722,10381
nu13_7,hl-syst,10/1/2013,30,71,quillback,39.8,44722,10381
nu13_7,hl-syst,10/1/2013,30,42,quillback,33.3,44722,10381
nu13_8,hl-syst,10/2/2013,30,49,quillback,40.2,49461,11012
nu13_9,hl-syst,10/2/2013,30,41,none,,50535,11171
nux15-1,fsc-longline,7/16/2015,,300,rougheye,66,48938,11021
nux15-10,hl-syst,7/21/2015,15,188.5,none,,42825,10062
nux15-11,hl-syst,7/21/2015,15,110,quillback,36.1,43377,10222
nux15-11,hl-syst,7/21/2015,15,110,silvergray,37.3,43377,10222
nux15-12,hl-syst,7/21/2015,15,50,quillback,35.3,43377,10222
nux15-12,hl-syst,7/21/2015,15,50,quillback,34.9,43377,10222
nux15-12,hl-syst,7/21/2015,15,64,quillback,35.1,43377,10222
nux15-12,hl-syst,7/21/2015,15,48,quillback,36,43377,10222
nux15-13,hl-syst,7/21/2015,15,51,silvergray,53.7,43378,10222
nux15-14,hl-syst,10/19/2015,15,188.5,none,,48937,11021
nux15-15,hl-syst,10/19/2015,15,213.5,none,,47552,10859
nux15-16,hl-syst,10/19/2015,15,103,yellowtail,35.1,47550,10859
nux15-17,fsc-hl,10/19/2015,,103,silvergray,51.8,47550,10859
nux15-18,hl-syst,10/19/2015,15,138.5,none,,46993,10700
nux15-19,hl-syst,10/19/2015,15,138.5,none,,48409,10862
nux15-2,hl-syst,7/20/2015,15,80,quillback,38.5,50271,11171
nux15-3,hl-syst,7/20/2015,15,88.5,none,,50532,11171
nux15-4,hl-syst,7/20/2015,15,88.5,none,,50798,11328
nux15-5,hl-syst,7/20/2015,15,88.5,none,,49196,11016
nux15-6,hl-syst,7/20/2015,15,113.5,none,,49196,11016
nux15-7,hl-syst,7/20/2015,15,210,redstripe,37,48930,11016
nux15-7,hl-syst,7/20/2015,15,212,redstripe,36.2,48930,11016
nux15-7,hl-syst,7/20/2015,15,200,silvergray,56,48930,11016
nux15-8,hl-syst,7/21/2015,15,138.5,none,,36160,9108
nux15-9,hl-syst,7/21/2015,15,95,quillback,38,36601,9108
nux16-07,fsc-hl,7/12/2016,6,38,quillback,33.8,51072,11330
nux16-07,fsc-hl,7/12/2016,6,43,quillback,42.8,51072,11330
nux16-07,fsc-hl,7/12/2016,6,45,quillback,37.2,51072,11330
nux16-07,fsc-hl,7/12/2016,6,35,quillback,30,51072,11330
nux-3-3-16,fsc-hl,3/3/2016,15,83,silvergray,47.8,47538,10852
sp-10-08-2018,fsc-hook-amd-line,8/10/2018,15,,,,29205,7851
w_28-5-16,fsc-hl,5/28/2016,,56,yelloweye,44.8,32472,8326
W15-1,fsc-hl,5/13/2015,,40,quillback,27.3,30970,8168
W15-10,hl-syst,5/16/2015,15,63.5,none,,28383,7687
W15-11,hl-syst,5/16/2015,15,26,none,,28187,7530
W15-2,fsc-hl,5/13/2015,,20,quillback,26.8,32472,8326
W15-3,hl-syst,5/14/2015,15,63.5,none,,25956,7214
W15-4,hl-syst,5/14/2015,15,26,none,,25956,7214
W15-5,hl-syst,5/14/2015,15,49,silvergray,42.8,25956,7214
W15-6,hl-syst,5/14/2015,15,26,none,,25544,7056
W15-7,hl-syst,5/15/2015,15,55,canary,38.6,23419,6736
W15-7,hl-syst,5/15/2015,15,55,canary,35.9,23419,6736
W15-8,fsc-hl,5/15/2015,,91,quillback,44.6,23419,6736
W15-9,fsc-hl,5/15/2015,,37,quillback,36.2,27192,7376
wk-15-10-16,fsc-found,10/15/2016,,43,copper,43.8,26578,7218
wn1-17-05-2017,fsc-hl,5/17/2017,13,,,,32870,8467
wn-17-05-2017,fsc-hl,5/17/2017,13,120,quillback,33.8,32472,8326
wn-17-05-2017,fsc-hl,5/17/2017,13,114,lingcod,79,32472,8326
wn-17-05-2017,fsc-hl,5/17/2017,13,,,,32472,8326
WN18-05-2017,fsc-hl,5/18/2017,15,,none,,24282,6906
wn2-18-05-2017,fsc-hl,5/18/2017,15,,none,,24706,6906
wn-22-08-2018,fsc hook-an-line,8/22/2018,2,22,lingcod,88,37031,9257
wn-24-05-2018,fsc hook-an-line,5/24/2018,2,50.9,quillback,35,28579,7687
wp-25-09-2018,fsc hook-an-line,9/25/2018,1,80,bocaccio,56.1,58585,12412
wp-25-09-2018,fsc hook-an-line,9/25/2018,1,80,bocaccio,46.2,58585,12412
wp-25-09-2018,fsc hook-an-line,9/25/2018,1,80,bocaccio,42,58585,12412
ws13_01,hl-syst,9/17/2013,30,37,quillback,34,26147,7208
ws13_01,hl-syst,9/17/2013,30,43,quillback,39.8,26147,7208
ws13_01,hl-syst,9/17/2013,30,38,yelloweye,54,26147,7208
ws13_02,hl-syst,9/17/2013,30,36,quillback,33.5,26551,7208
ws13_02,hl-syst,9/17/2013,30,34,yelloweye,38.2,26551,7208
ws13_02,hl-syst,9/17/2013,30,36,quillback,32.8,26551,7208
ws13_02,hl-syst,9/17/2013,30,37,quillback,30.4,26551,7208
ws13_02,hl-syst,9/17/2013,30,38,quillback,31.2,26551,7208
ws13_02,hl-syst,9/17/2013,30,35,china,31.8,26551,7208
ws13_02,hl-syst,9/17/2013,30,36,quillback,30.8,26551,7208
ws13_03,hl-syst,9/17/2013,30,29,china,32.4,27776,7524
ws13_03,hl-syst,9/17/2013,30,30,tiger,34.9,27776,7524
ws13_03,hl-syst,9/17/2013,30,32,lingcod,61.5,27776,7524
ws13_03,hl-syst,9/17/2013,30,32,kelp greenling,39.8,27776,7524
ws13_03,hl-syst,9/17/2013,30,32,quillback,31.6,27776,7524
ws13_03,hl-syst,9/17/2013,30,33,quillback,33.2,27776,7524
ws13_03,hl-syst,9/17/2013,30,36,china,31.4,27776,7524
ws13_03,hl-syst,9/17/2013,30,37,china,33.3,27776,7524
ws13_03,hl-syst,9/17/2013,30,38,yelloweye,45.8,27776,7524
ws13_04,hl-syst,9/17/2013,30,100,quillback,37.2,31165,8156
ws13_04,hl-syst,9/17/2013,30,100,quillback,36.5,31165,8156
ws13_05,hl-syst,9/18/2013,30,52,lingcod,68.8,24256,6895
ws13_05,hl-syst,9/18/2013,30,70,lingcod,73.4,24256,6895
ws13_05,hl-syst,9/18/2013,30,80,quillback,34.8,24256,6895
ws13_05,hl-syst,9/18/2013,30,80,quillback,38.9,24256,6895
ws13_05,hl-syst,9/18/2013,30,62,yelloweye,61.5,24256,6895
ws13_05,hl-syst,9/18/2013,30,64,black,40.4,24256,6895
ws13_06,hl-syst,9/18/2013,30,50,canary,42.3,24888,6895
ws13_06,hl-syst,9/18/2013,30,35,quillback,38.1,24888,6895
ws13_06,hl-syst,9/18/2013,30,35,lingcod,83.1,24888,6895
ws13_06,hl-syst,9/18/2013,30,56,canary,53.3,24888,6895
ws13_06,hl-syst,9/18/2013,30,51,tiger,37.8,24888,6895
ws13_06,hl-syst,9/18/2013,30,49,lingcod,60.5,24888,6895
ws13_07,hl-syst,9/18/2013,30,34,kelp greenling,33.7,23231,6581
ws13_07,hl-syst,9/18/2013,30,33,lingcod,59.3,23231,6581
ws13_07,hl-syst,9/18/2013,30,30,copper,33,23231,6581
ws13_07,hl-syst,9/18/2013,30,30,china,32.3,23231,6581
ws13_08,hl-syst,9/18/2013,30,41,tiger,41.7,22601,6582
ws13_09,hl-syst,9/18/2013,30,78,lingcod,78.2,23433,6739
ws13_10,hl-syst,9/18/2013,30,41,none,,23636,6739
ws13_11,hl-syst,9/18/2013,30,26,none,,23434,6740
ws13_12,hl-syst,9/18/2013,30,41,none,,23435,6740
ws13_13,hl-syst,10/12/2013,30,41,none,,28786,7688
ws13_14,hl-syst,10/12/2013,30,42,quillback,28,28994,7689
ws13_14,hl-syst,10/12/2013,30,45,quillback,28,28994,7689
ws13_15,hl-syst,10/12/2013,30,42,quillback,28,29403,7846
ws13_16,hl-syst,10/12/2013,30,45,quillback,25,28781,7687
ws13_16,hl-syst,10/12/2013,30,25,quillback,24,28781,7687
ws13_16,hl-syst,10/12/2013,30,35,copper,40,28781,7687
ws13_16,hl-syst,10/12/2013,30,36,copper,25,28781,7687
ws13_17,hl-syst,10/12/2013,30,36,quillback,29,28987,7687
ws13_17,hl-syst,10/12/2013,30,32,quillback,33,28987,7687
ws13_17,hl-syst,10/12/2013,30,30,quillback,35,28987,7687
ws13_17,hl-syst,10/12/2013,30,35,quillback,35,28987,7687
ws13_18,hl-syst,10/12/2013,30,32,copper,31,28384,7688
ws14_1,fsc-hl,5/3/2014,,40,quillback,33.2,26977,7372
ws14_1,fsc-hl,5/3/2014,,40,quillback,34.6,26977,7372
ws14_1,fsc-hl,5/3/2014,,40,yellowtail,32,26977,7372
ws14_1,fsc-hl,5/3/2014,,32,quillback,30,26977,7372
ws14_1,fsc-hl,5/3/2014,,32,canary,32,26977,7372
ws14_1,fsc-hl,5/3/2014,,32,quillback,31,26977,7372
ws14_1,fsc-hl,5/3/2014,,32,yellowtail,28,26977,7372
ws14_1,fsc-hl,5/3/2014,,32,quillback,24,26977,7372
