"","PU_4Km_ID","species","normalized_lambda","normalized_cpue","depth","max_depth","UpperOceanSR","sample_sizes","dive_samps","hook_samps","mid_samps","deep_samps"
"1",6265,"calcigorgia",1.51137264427808e-07,0,23.5,28,"(13) Eastern Queen Charlotte Sound",2,2,0,0,0
"2",6267,"calcigorgia",1.1461509614939e-07,0,25.6666666666667,30,"(11) Mainland Fjords",6,6,0,0,0
"3",6423,"calcigorgia",1.23621912635274e-07,0,25.0909090909091,31,"(13) Eastern Queen Charlotte Sound",11,11,0,0,0
"4",6424,"calcigorgia",1.80806088103381e-07,0,21.3333333333333,28,"(11) Mainland Fjords",3,3,0,0,0
"5",6425,"calcigorgia",1.06800444704961e-07,0,26.3333333333333,32,"(11) Mainland Fjords",9,9,0,0,0
"6",6426,"calcigorgia",1.20155917077002e-07,0,25.5,33,"(11) Mainland Fjords",2,2,0,0,0
"7",6581,"calcigorgia",1.27032726204243e-07,0,25,30,"(13) Eastern Queen Charlotte Sound",2,2,0,0,0
"8",6739,"calcigorgia",1.14993455017446e-07,0,26,26,"(11) Mainland Fjords",1,1,0,0,0
"9",6740,"calcigorgia",9.339595932736e-08,0,27.5,30,"(11) Mainland Fjords",2,2,0,0,0
"10",6741,"calcigorgia",1.34472213346348e-07,0,24.5,30,"(11) Mainland Fjords",2,2,0,0,0
"11",6742,"calcigorgia",1.18256495991263e-07,0,25.6666666666667,30,"(11) Mainland Fjords",3,3,0,0,0
"12",6895,"calcigorgia",1.54928426903152e-06,0,24.25,31,"(13) Eastern Queen Charlotte Sound",4,4,0,2,0
"13",6896,"calcigorgia",1.65847548815781e-07,0,22.1428571428571,30,"(11) Mainland Fjords",7,7,0,0,0
"14",6899,"calcigorgia",1.31986029752803e-07,0,24.75,33,"(11) Mainland Fjords",4,4,0,1,0
"15",6900,"calcigorgia",1.23991610846272e-07,0,25.2857142857143,30,"(11) Mainland Fjords",7,7,0,0,0
"16",7051,"calcigorgia",1.84494458266634e-07,0,21,22,"(13) Eastern Queen Charlotte Sound",2,2,0,0,0
"17",7052,"calcigorgia",1.27032726204243e-07,0,25,30,"(13) Eastern Queen Charlotte Sound",2,2,0,0,0
"18",7054,"calcigorgia",9.42674778779046e-08,0,27.3333333333333,32,"(11) Mainland Fjords",3,3,0,0,0
"19",7057,"calcigorgia",1.39229373566695e-07,0,23.8333333333333,30,"(11) Mainland Fjords",6,6,0,26,0
"20",7058,"calcigorgia",1.00578358691925e-07,0,27,27,"(11) Mainland Fjords",1,1,0,2,0
"21",7060,"calcigorgia",1.56423817226904e-07,0,23,30,"(11) Mainland Fjords",5,5,0,0,0
"22",7208,"calcigorgia",1.70350301095672e-07,0,22,26,"(13) Eastern Queen Charlotte Sound",2,2,0,0,0
"23",7214,"calcigorgia",1.28462431965785e-07,0,24.8,30,"(11) Mainland Fjords",5,5,0,3,0
"24",7215,"calcigorgia",1.54933545718241e-07,0,22.75,30,"(11) Mainland Fjords",4,4,0,0,0
"25",7217,"calcigorgia",1.41627118282582e-07,0,24,30,"(11) Mainland Fjords",2,2,0,13,0
"26",7218,"calcigorgia",1.00578358691925e-07,0,27,27,"(11) Mainland Fjords",1,1,0,0,0
"27",7370,"calcigorgia",1.41627118282582e-07,0,24,30,"(11) Mainland Fjords",2,2,0,0,0
"28",7373,"calcigorgia",1.43829668295535e-07,0,24,24,"(11) Mainland Fjords",1,1,0,1,0
"29",7374,"calcigorgia",1.20008657393813e-07,0,25.5,33,"(11) Mainland Fjords",4,4,0,0,0
"30",7376,"calcigorgia",8.5485868956978e-08,0,28,28,"(11) Mainland Fjords",1,1,0,2,0
"31",7528,"calcigorgia",1.48803506880878e-07,0,23.5,30,"(11) Mainland Fjords",4,4,0,0,0
"32",7529,"calcigorgia",5.48087679113996e-08,0,30,30,"(11) Mainland Fjords",1,1,0,7,0
"33",7534,"calcigorgia",1.53820843404914e-07,0,23,30,"(11) Mainland Fjords",4,4,0,4,0
"34",7686,"calcigorgia",8.46828516056177e-08,0,28,33,"(11) Mainland Fjords",3,3,0,5,0
"35",7687,"calcigorgia",1.41584925976144e-07,0,23.8571428571429,30,"(11) Mainland Fjords",7,7,0,30,0
"36",7688,"calcigorgia",0.0469450099032211,0.0517799352750809,26.1111111111111,32,"(11) Mainland Fjords",9,9,0,15,29
"37",7689,"calcigorgia",1.48803506880878e-07,0,23.5,30,"(11) Mainland Fjords",4,4,0,0,0
"38",7843,"calcigorgia",1.18965278104916e-07,0,25.5555555555556,32,"(11) Mainland Fjords",9,9,0,0,0
"39",7845,"calcigorgia",1.47173191989316e-07,0,23.5,30,"(11) Mainland Fjords",6,6,0,7,0
"40",7846,"calcigorgia",1.18555619523846e-07,0,25.1666666666667,33,"(11) Mainland Fjords",6,6,0,10,0
"41",7847,"calcigorgia",1.56027784234758e-07,0,22.5,27,"(11) Mainland Fjords",2,2,0,9,0
"42",7851,"calcigorgia",1.22211412520949e-07,0,25.5,29,"(11) Mainland Fjords",2,2,0,0,0
"43",7852,"calcigorgia",1.2477776820595e-07,0,25.2,30,"(11) Mainland Fjords",5,5,0,0,0
"44",7853,"calcigorgia",0.244180964028091,0.233009708737864,24,30,"(11) Mainland Fjords",2,2,0,0,0
"45",7997,"calcigorgia",1.27032726204243e-07,0,25,30,"(13) Eastern Queen Charlotte Sound",2,2,0,1,0
"46",7999,"calcigorgia",1.43979939523922e-07,0,23.5,30,"(11) Mainland Fjords",4,4,0,0,0
"47",8000,"calcigorgia",1.1537167648295e-07,0,25.6666666666667,32,"(11) Mainland Fjords",3,3,0,0,0
"48",8001,"calcigorgia",1.11747004746503e-07,0,25.75,33,"(11) Mainland Fjords",4,4,0,5,0
"49",8002,"calcigorgia",1.77538472676693e-07,0,21.5,25,"(11) Mainland Fjords",2,2,0,0,0
"50",8003,"calcigorgia",7.1768917477005e-08,0,29,29,"(11) Mainland Fjords",1,1,0,0,0
"51",8009,"calcigorgia",1.00578358691925e-07,0,27,27,"(11) Mainland Fjords",1,1,0,0,0
"52",8010,"calcigorgia",1.27032726204243e-07,0,25,30,"(11) Mainland Fjords",2,2,0,0,0
"53",8011,"calcigorgia",1.55979895479173e-07,0,23,28,"(11) Mainland Fjords",2,2,0,0,0
"54",8012,"calcigorgia",1.41627118282582e-07,0,24,30,"(11) Mainland Fjords",2,2,0,0,0
"55",8156,"calcigorgia",0.102833485269341,0.0998613037447989,25.4285714285714,34,"(11) Mainland Fjords",14,14,0,3,0
"56",8157,"calcigorgia",1.2814203133309e-07,0,24.8461538461538,33,"(11) Mainland Fjords",13,13,0,0,0
"57",8159,"calcigorgia",4.08775711716411e-08,0,31,32,"(11) Mainland Fjords",2,2,0,0,0
"58",8160,"calcigorgia",1.29978334080329e-07,0,24.3333333333333,30,"(11) Mainland Fjords",9,9,0,0,0
"59",8165,"calcigorgia",8.61692081200867e-08,0,28,28,"(11) Mainland Fjords",1,1,0,0,0
"60",8168,"calcigorgia",1.77538472676693e-07,0,21.5,25,"(11) Mainland Fjords",2,2,0,0,0
"61",8313,"calcigorgia",0.42267139608663,0.466019417475728,30,30,"(11) Mainland Fjords",1,1,0,1,0
"62",8314,"calcigorgia",1.35606892845917e-07,0,24.375,31,"(11) Mainland Fjords",8,8,0,1,0
"63",8315,"calcigorgia",5.02563704765995e-07,0,25.4,31,"(11) Mainland Fjords",5,5,0,23,0
"64",8316,"calcigorgia",1.00578358691925e-07,0,27,27,"(11) Mainland Fjords",3,3,0,4,0
"65",8318,"calcigorgia",1.03823073902885e-07,0,26.6666666666667,32,"(11) Mainland Fjords",3,3,0,2,0
"66",8326,"calcigorgia",1.22554901023599e-07,0,25.3333333333333,33,"(11) Mainland Fjords",3,3,0,5,0
"67",8470,"calcigorgia",8.92449269469184e-08,0,27.4,33,"(13) Eastern Queen Charlotte Sound",5,5,0,3,0
"68",8473,"calcigorgia",1,1,24.875,31,"(11) Mainland Fjords",8,8,0,0,0
"69",8476,"calcigorgia",9.42466680200184e-08,0,26.375,33,"(11) Mainland Fjords",8,8,0,7,0
"70",8484,"calcigorgia",5.57680494849685e-08,0,30,30,"(11) Mainland Fjords",1,1,0,1,0
"71",8628,"calcigorgia",0.14095708158043,0.155339805825243,28.3333333333333,34,"(13) Eastern Queen Charlotte Sound",3,3,0,3,0
"72",8629,"calcigorgia",1.24719851036857e-07,0,25.25,30,"(11) Mainland Fjords",4,4,0,0,0
"73",8632,"calcigorgia",1.28006111547081e-07,0,25,32,"(11) Mainland Fjords",3,3,0,0,0
"74",8634,"calcigorgia",1.08767402971133e-07,0,26.3333333333333,31,"(11) Mainland Fjords",3,3,0,0,0
"75",8643,"calcigorgia",1.55979895479173e-07,0,23,28,"(11) Mainland Fjords",2,2,0,0,0
"76",8783,"calcigorgia",1.29690029587923e-07,0,24.5,30,"(13) Eastern Queen Charlotte Sound",4,4,0,2,0
"77",8786,"calcigorgia",0.42273860165948,0.466019417475728,29,29,"(13) Eastern Queen Charlotte Sound",1,1,0,0,0
"78",8787,"calcigorgia",8.9503170984274e-08,0,27.6666666666667,33,"(11) Mainland Fjords",3,3,0,0,0
"79",8788,"calcigorgia",1.52395368682946e-07,0,23.25,30,"(11) Mainland Fjords",4,4,0,0,0
"80",8790,"calcigorgia",8.61692081200867e-08,0,28,28,"(11) Mainland Fjords",1,1,0,0,0
"81",8792,"calcigorgia",1.27308418791995e-07,0,25,33,"(11) Mainland Fjords",4,4,0,0,1
"82",8940,"calcigorgia",1.29411550755298e-07,0,25,25,"(13) Eastern Queen Charlotte Sound",1,1,0,0,0
"83",8941,"calcigorgia",0.112112256542551,0.116504854368932,22.5,29,"(13) Eastern Queen Charlotte Sound",4,4,0,0,0
"84",8944,"calcigorgia",1.2794419841903e-07,0,25,30,"(13) Eastern Queen Charlotte Sound",3,3,0,5,0
"85",8950,"calcigorgia",0.0856969457798133,0.0932038834951456,28.4,33,"(11) Mainland Fjords",5,5,0,0,0
"86",9097,"calcigorgia",1.41627118282582e-07,0,24,30,"(13) Eastern Queen Charlotte Sound",2,2,0,0,0
"87",9098,"calcigorgia",1.75923000149271e-07,0,21.6666666666667,27,"(13) Eastern Queen Charlotte Sound",3,3,0,0,0
"88",9099,"calcigorgia",1.75899366165635e-07,0,21.6666666666667,24,"(13) Eastern Queen Charlotte Sound",3,3,0,0,0
"89",9102,"calcigorgia",1.05762318938457e-07,0,26.1,33,"(13) Eastern Queen Charlotte Sound",10,10,0,4,0
"90",9108,"calcigorgia",1.03003376741287e-07,0,26.75,33,"(11) Mainland Fjords",4,4,0,1,21
"91",9109,"calcigorgia",1.2478373391615e-07,0,25.25,33,"(11) Mainland Fjords",4,4,0,0,0
"92",9110,"calcigorgia",7.1768917477005e-08,0,29,29,"(11) Mainland Fjords",1,1,0,0,0
"93",9257,"calcigorgia",1.47251198811731e-07,0,23.6666666666667,33,"(13) Eastern Queen Charlotte Sound",3,3,0,0,0
"94",9259,"calcigorgia",1.23867979982843e-07,0,25,30,"(13) Eastern Queen Charlotte Sound",6,6,0,0,0
"95",9260,"calcigorgia",1.06139790058104e-07,0,26.4285714285714,33,"(13) Eastern Queen Charlotte Sound",7,7,0,0,0
"96",9266,"calcigorgia",1.90693927971158e-05,0,26.4,32,"(11) Mainland Fjords",5,5,0,8,0
"97",9267,"calcigorgia",1.34205172934996e-07,0,24.5,29,"(11) Mainland Fjords",2,2,0,0,0
"98",9268,"calcigorgia",8.61692081200867e-08,0,28,28,"(11) Mainland Fjords",1,1,0,0,0
"99",9269,"calcigorgia",9.72523199552264e-07,0,24.8333333333333,32,"(11) Mainland Fjords",6,6,0,0,0
"100",9415,"calcigorgia",7.1768917477005e-08,0,29,29,"(13) Eastern Queen Charlotte Sound",1,1,0,0,0
"101",9418,"calcigorgia",1.06700953146168e-07,0,26.5,30,"(13) Eastern Queen Charlotte Sound",4,4,0,0,0
"102",9419,"calcigorgia",1.41627118282582e-07,0,24,30,"(11) Mainland Fjords",2,2,0,0,0
"103",9428,"calcigorgia",8.61692081200867e-08,0,28,28,"(11) Mainland Fjords",1,1,0,0,0
"104",9445,"calcigorgia",8.61692081200867e-08,0,28,28,"(11) Mainland Fjords",1,1,0,0,0
"105",9573,"calcigorgia",1.24893634609518e-07,0,25,30,"(13) Eastern Queen Charlotte Sound",3,3,0,0,0
"106",9574,"calcigorgia",1.41403469487656e-07,0,24,25,"(13) Eastern Queen Charlotte Sound",2,2,0,0,0
"107",9575,"calcigorgia",1.39091954486452e-07,0,24.25,28,"(13) Eastern Queen Charlotte Sound",4,4,0,1,0
"108",9586,"calcigorgia",1.24304258391001e-06,0,28,31,"(11) Mainland Fjords",2,2,0,6,0
"109",9730,"calcigorgia",1.66759184077933e-07,0,22.25,28,"(13) Eastern Queen Charlotte Sound",4,4,0,0,0
"110",9731,"calcigorgia",8.61692081200867e-08,0,28,28,"(13) Eastern Queen Charlotte Sound",1,1,0,0,0
"111",9732,"calcigorgia",1.25148958595029e-07,0,24.2,34,"(13) Eastern Queen Charlotte Sound",10,10,0,1,0
"112",9733,"calcigorgia",1.080336122143e-07,0,26,30,"(13) Eastern Queen Charlotte Sound",4,4,0,14,0
"113",9736,"calcigorgia",1.29992861653228e-07,0,24,29,"(11) Mainland Fjords",2,2,0,7,0
"114",9740,"calcigorgia",1.48566170600999e-07,0,23.5,27,"(11) Mainland Fjords",2,2,0,0,0
"115",9741,"calcigorgia",0.467432124888083,0.466019417475728,24.5,29,"(11) Mainland Fjords",2,2,0,6,0
"116",9745,"calcigorgia",1.55979895479173e-07,0,23,28,"(11) Mainland Fjords",2,2,0,0,0
"117",9889,"calcigorgia",1.48796671017819e-07,0,23.4,29,"(13) Eastern Queen Charlotte Sound",5,5,0,0,0
"118",9890,"calcigorgia",1.34472213346348e-07,0,24.5,30,"(13) Eastern Queen Charlotte Sound",2,2,0,7,0
"119",9891,"calcigorgia",1.04482938404732e-07,0,26.25,32,"(13) Eastern Queen Charlotte Sound",4,4,0,0,0
"120",9895,"calcigorgia",1.27030427231047e-07,0,25,28,"(11) Mainland Fjords",2,2,0,1,0
"121",9904,"calcigorgia",8.4074342645762e-08,0,28,34,"(11) Mainland Fjords",2,2,0,0,0
"122",9917,"calcigorgia",1.14993455017446e-07,0,26,26,"(11) Mainland Fjords",1,1,0,0,0
"123",9918,"calcigorgia",1.43134637706859e-08,0,33,33,"(11) Mainland Fjords",1,1,0,0,0
"124",10046,"calcigorgia",1.2098106496418e-07,0,25.5,30,"(13) Eastern Queen Charlotte Sound",4,4,0,0,0
"125",10062,"calcigorgia",1.12678968609245e-07,0,26,30,"(11) Mainland Fjords",2,2,0,0,0
"126",10063,"calcigorgia",1.27032726204243e-07,0,25,30,"(11) Mainland Fjords",2,2,0,0,0
"127",10074,"calcigorgia",1.43829668295535e-07,0,24,24,"(11) Mainland Fjords",1,1,0,0,0
"128",10075,"calcigorgia",1.63176883844807e-07,0,22.5,30,"(11) Mainland Fjords",4,4,0,0,0
"129",10203,"calcigorgia",1.1626537146771e-07,0,25.75,30,"(13) Eastern Queen Charlotte Sound",4,4,0,0,0
"130",10210,"calcigorgia",1.41627118282582e-07,0,24,30,"(11) Mainland Fjords",2,2,0,0,0
"131",10211,"calcigorgia",2.53682178109821e-06,0,28,28,"(11) Mainland Fjords",1,1,0,0,0
"132",10221,"calcigorgia",1.27032726204243e-07,0,25,30,"(11) Mainland Fjords",2,2,0,0,0
"133",10222,"calcigorgia",5.73803678994228e-08,0,30,30,"(11) Mainland Fjords",1,1,0,0,0
"134",10368,"calcigorgia",1.09116035627031e-07,0,26.25,33,"(11) Mainland Fjords",4,4,0,2,0
"135",10369,"calcigorgia",1.04995883113646e-06,0,26.3333333333333,30,"(11) Mainland Fjords",3,3,0,3,51
"136",10382,"calcigorgia",1.22553714430628e-07,0,25,30,"(11) Mainland Fjords",4,4,0,0,0
"137",10389,"calcigorgia",1.43829668295535e-07,0,24,24,"(11) Mainland Fjords",1,1,0,0,0
"138",10528,"calcigorgia",1.07785906854686e-07,0,26.5,27,"(11) Mainland Fjords",2,2,0,1,0
"139",10674,"calcigorgia",0,0,34,34,"(13) Eastern Queen Charlotte Sound",1,1,0,0,0
"140",10675,"calcigorgia",1.16614004748624e-07,0,25.5714285714286,35,"(13) Eastern Queen Charlotte Sound",7,7,0,0,0
"141",10676,"calcigorgia",1.51101256620234e-07,0,23,27,"(13) Eastern Queen Charlotte Sound",4,4,0,0,0
"142",10680,"calcigorgia",2.01441762281191e-07,0,20,20,"(11) Mainland Fjords",1,1,0,0,0
"143",10682,"calcigorgia",1.4857871235127e-07,0,23.5,26,"(11) Mainland Fjords",2,2,0,18,0
"144",10685,"calcigorgia",1.55979895479173e-07,0,23,28,"(11) Mainland Fjords",2,2,0,0,0
"145",10845,"calcigorgia",5.73803678994228e-08,0,30,30,"(11) Mainland Fjords",1,1,0,0,0
"146",10863,"calcigorgia",6.46534593940662e-08,0,29.5,33,"(11) Mainland Fjords",2,2,0,0,0
"147",10990,"calcigorgia",1.31862507242502e-07,0,24.75,29,"(13) Eastern Queen Charlotte Sound",4,4,0,0,0
"148",10994,"calcigorgia",8.61692081200867e-08,0,28,28,"(11) Mainland Fjords",1,1,0,0,0
"149",11016,"calcigorgia",1.27032726204243e-07,0,25,30,"(11) Mainland Fjords",2,2,0,0,0
"150",11021,"calcigorgia",2.30458473351796e-07,0,18,18,"(11) Mainland Fjords",1,1,0,0,0
"151",11174,"calcigorgia",9.84295307244904e-08,0,27,34,"(11) Mainland Fjords",2,2,0,0,0
"152",11302,"calcigorgia",1.77538472676693e-07,0,21.5,25,"(13) Eastern Queen Charlotte Sound",2,2,0,3,0
"153",11304,"calcigorgia",1.12693527054986e-07,0,26,31,"(13) Eastern Queen Charlotte Sound",2,2,0,0,0
"154",11310,"calcigorgia",1.4914603487132e-07,0,22.8333333333333,28,"(11) Mainland Fjords",6,6,0,0,0
"155",11311,"calcigorgia",1.00578358691925e-07,0,27,27,"(11) Mainland Fjords",1,1,0,0,0
"156",11314,"calcigorgia",1.12678968609245e-07,0,26,30,"(11) Mainland Fjords",2,2,0,0,0
"157",11330,"calcigorgia",1.35342793579488e-07,0,24.5,28,"(11) Mainland Fjords",4,4,0,0,0
"158",11331,"calcigorgia",1.12654233067309e-07,0,26,27,"(11) Mainland Fjords",2,2,0,3,0
"159",11460,"calcigorgia",1.86397292296995e-07,0,20.8333333333333,25,"(13) Eastern Queen Charlotte Sound",6,6,0,1,0
"160",11463,"calcigorgia",1.14993455017446e-07,0,26,26,"(13) Eastern Queen Charlotte Sound",1,1,0,0,0
"161",11470,"calcigorgia",0.224647867277922,0.233009708737864,26,30,"(11) Mainland Fjords",2,2,0,0,0
"162",11471,"calcigorgia",8.61692081200867e-08,0,28,28,"(11) Mainland Fjords",1,1,0,0,0
"163",11611,"calcigorgia",2.30458473351796e-07,0,18,18,"(10 Aristazabal Banks Upwelling",1,1,0,0,0
"164",11612,"calcigorgia",1.87053926165285e-07,0,21,21,"(10 Aristazabal Banks Upwelling",1,1,0,0,0
"165",11617,"calcigorgia",1.55751832782073e-07,0,23,26,"(13) Eastern Queen Charlotte Sound",2,2,0,0,0
"166",11619,"calcigorgia",1.43829668295535e-07,0,24,24,"(13) Eastern Queen Charlotte Sound",1,1,0,0,0
"167",11630,"calcigorgia",1.27032726204243e-07,0,25,30,"(11) Mainland Fjords",2,2,0,0,0
"168",11648,"calcigorgia",1.05494513403351e-07,0,26.5,30,"(11) Mainland Fjords",2,2,0,0,0
"169",11771,"calcigorgia",1.14993455017446e-07,0,26,26,"(10 Aristazabal Banks Upwelling",1,1,0,6,0
"170",11774,"calcigorgia",1.15426453860533e-07,0,25.5,30,"(13) Eastern Queen Charlotte Sound",4,4,0,0,0
"171",11779,"calcigorgia",2.01441762281191e-07,0,20,20,"(13) Eastern Queen Charlotte Sound",1,1,0,0,0
"172",11788,"calcigorgia",1.63163619083311e-07,0,22.5,27,"(11) Mainland Fjords",2,2,0,0,0
"173",11789,"calcigorgia",1.06124116546711e-07,0,22.5,27,"(11) Mainland Fjords",2,2,0,0,10
"174",11806,"calcigorgia",1.29411550755298e-07,0,25,25,"(11) Mainland Fjords",1,1,0,0,0
"175",11926,"calcigorgia",1.18275891142537e-07,0,25.6666666666667,29,"(10 Aristazabal Banks Upwelling",3,3,0,0,0
"176",11932,"calcigorgia",1.19867545523083e-07,0,25.5,31,"(10 Aristazabal Banks Upwelling",2,2,0,0,0
"177",11937,"calcigorgia",1.05494513403351e-07,0,26.5,30,"(13) Eastern Queen Charlotte Sound",2,2,0,2,0
"178",11938,"calcigorgia",1.24184945892486e-07,0,25.25,31,"(13) Eastern Queen Charlotte Sound",4,4,0,21,0
"179",11939,"calcigorgia",1.3748577108427e-07,0,24.3333333333333,30,"(13) Eastern Queen Charlotte Sound",3,3,0,0,0
"180",11943,"calcigorgia",1.29411550755298e-07,0,25,25,"(11) Mainland Fjords",1,1,0,0,0
"181",11947,"calcigorgia",1.41627118282582e-07,0,24,30,"(11) Mainland Fjords",2,2,0,0,0
"182",12088,"calcigorgia",1.11801704836224e-07,0,26,34,"(10 Aristazabal Banks Upwelling",7,7,0,0,0
"183",12093,"calcigorgia",1.63179901651374e-07,0,22.5,27,"(13) Eastern Queen Charlotte Sound",4,4,0,0,0
"184",12096,"calcigorgia",2.12166037744469e-07,0,19,22,"(13) Eastern Queen Charlotte Sound",5,5,0,0,0
"185",12124,"calcigorgia",1.43829668295535e-07,0,24,24,"(11) Mainland Fjords",1,1,0,0,0
"186",12242,"calcigorgia",1.35778032671685e-07,0,23.5,27,"(10 Aristazabal Banks Upwelling",2,2,0,9,0
"187",12251,"calcigorgia",1.29411550755298e-07,0,25,25,"(13) Eastern Queen Charlotte Sound",1,1,0,0,0
"188",12253,"calcigorgia",1.05494513403351e-07,0,26.5,30,"(13) Eastern Queen Charlotte Sound",2,2,0,0,0
"189",12254,"calcigorgia",1.19867545523083e-07,0,25.5,31,"(13) Eastern Queen Charlotte Sound",2,2,0,0,0
"190",12258,"calcigorgia",1.34209986271387e-07,0,24.5,28,"(11) Mainland Fjords",2,2,0,1,0
"191",12284,"calcigorgia",1.14993455017446e-07,0,26,26,"(11) Mainland Fjords",1,1,0,0,0
"192",12400,"calcigorgia",1.77572927298004e-07,0,21.5,24,"(10 Aristazabal Banks Upwelling",2,2,0,1,0
"193",12409,"calcigorgia",1.7114100462619e-07,0,22,25,"(11) Mainland Fjords",3,3,0,0,0
"194",12410,"calcigorgia",8.61692081200867e-08,0,28,28,"(13) Eastern Queen Charlotte Sound",1,1,0,0,0
"195",12411,"calcigorgia",1.40217000569714e-07,0,23.7272727272727,30,"(13) Eastern Queen Charlotte Sound",11,11,0,9,0
"196",12412,"calcigorgia",1.91913331747751e-07,0,20.5,23,"(11) Mainland Fjords",2,2,0,0,0
"197",12415,"calcigorgia",1.70350301095672e-07,0,22,26,"(11) Mainland Fjords",2,2,0,0,0
"198",12416,"calcigorgia",1.27032726204243e-07,0,25,30,"(11) Mainland Fjords",2,2,0,0,0
"199",12419,"calcigorgia",2.16234435224482e-07,0,18,18,"(11) Mainland Fjords",1,1,0,24,0
"200",12565,"calcigorgia",8.61692081200867e-08,0,28,28,"(11) Mainland Fjords",1,1,0,0,0
"201",12566,"calcigorgia",1.71235495642179e-07,0,22,29,"(11) Mainland Fjords",3,3,0,0,0
"202",12570,"calcigorgia",9.12097411103277e-08,0,27.5,33,"(11) Mainland Fjords",2,2,0,0,0
"203",12574,"calcigorgia",1.19867545523083e-07,0,25.5,31,"(11) Mainland Fjords",2,2,0,0,0
"204",12741,"calcigorgia",1.01962784103912e-07,0,24.75,30,"(11) Mainland Fjords",4,4,0,0,14
"205",12742,"calcigorgia",1.27032726204243e-07,0,25,30,"(11) Mainland Fjords",2,2,0,0,0
"206",12743,"calcigorgia",1.18322065866036e-07,0,25.6666666666667,31,"(11) Mainland Fjords",3,3,0,0,0
"207",12759,"calcigorgia",5.73803678994228e-08,0,30,30,"(11) Mainland Fjords",1,1,0,0,0
"208",12897,"calcigorgia",1.03867364922281e-06,0,24,28,"(11) Mainland Fjords",2,2,0,8,9
"209",13034,"calcigorgia",7.1768917477005e-08,0,29,29,"(10 Aristazabal Banks Upwelling",1,1,0,0,0
"210",13035,"calcigorgia",2.30458473351796e-07,0,18,18,"(10 Aristazabal Banks Upwelling",1,1,0,0,0
"211",13050,"calcigorgia",1.41627118282582e-07,0,24,30,"(11) Mainland Fjords",2,2,0,0,12
"212",13193,"calcigorgia",1.00578358691925e-07,0,27,27,"(11) Mainland Fjords",1,1,0,0,0
"213",13194,"calcigorgia",1.48800583095505e-07,0,23.5,29,"(11) Mainland Fjords",2,2,0,0,0
"214",13206,"calcigorgia",1.41627118282582e-07,0,24,30,"(11) Mainland Fjords",2,2,0,0,0
"215",13213,"calcigorgia",1.03724801505795e-07,0,26.25,35,"(11) Mainland Fjords",4,4,0,26,0
"216",13361,"calcigorgia",1.63163619083311e-07,0,22.5,27,"(11) Mainland Fjords",4,4,0,0,0
"217",14312,"calcigorgia",1.70420520751947e-06,0,29.5,36,"(11) Mainland Fjords",2,2,0,0,0
"218",14314,"calcigorgia",8.4074342645762e-08,0,28,34,"(11) Mainland Fjords",2,2,0,0,0
"219",8792,"chrysopathes",1,1,299.40235,299.40235,"(11) Mainland Fjords",1,4,0,0,1
"220",9265,"chrysopathes",0.000156427173021159,0,429.324087466667,448.3930164,"(11) Mainland Fjords",15,0,0,0,15
"221",10524,"chrysopathes",5.32451320859864e-06,0,494.3701014275,515.7025758,"(11) Mainland Fjords",40,0,0,8,40
"222",11789,"chrysopathes",2.75596781518532e-05,0,430.74152702,437.8952156,"(11) Mainland Fjords",10,2,0,0,10
"223",12417,"chrysopathes",0.159427196684463,0.123487125646529,427.440352930851,457.5016208,"(11) Mainland Fjords",94,0,0,0,94
"224",12739,"chrysopathes",0.102465350993552,0.100921448461326,418.83034298,426.1415882,"(11) Mainland Fjords",5,0,0,0,5
"225",13050,"chrysopathes",0,0,540.69583565,551.5662586,"(11) Mainland Fjords",12,2,0,0,12
"226",6736,"paragorgia",6.90527535523092e-07,0,84,84,"(13) Eastern Queen Charlotte Sound",2,0,0,2,0
"227",6737,"paragorgia",0.239686824333955,0.501695267959798,76.425,76.425,"(13) Eastern Queen Charlotte Sound",1,0,0,1,0
"228",6895,"paragorgia",1.31623105160518e-06,0,46.855,53.11,"(13) Eastern Queen Charlotte Sound",2,4,0,2,0
"229",7056,"paragorgia",1.05417229639886e-07,0,49.396639843,63.35862069,"(11) Mainland Fjords",10,0,0,10,0
"230",7057,"paragorgia",3.68249070230298e-07,0,66.5008480057692,113,"(11) Mainland Fjords",26,6,0,26,0
"231",7214,"paragorgia",5.02772940286407e-07,0,69.1525988166667,94,"(11) Mainland Fjords",3,5,0,3,0
"232",7216,"paragorgia",1.89928721816105e-07,0,54.7,54.7,"(11) Mainland Fjords",3,0,0,3,0
"233",7217,"paragorgia",1.18896091676279e-06,0,110.806037437692,185.7,"(11) Mainland Fjords",13,2,0,13,0
"234",7372,"paragorgia",1.28547061505202e-06,0,114.4604166625,123.0333333,"(11) Mainland Fjords",8,0,0,8,0
"235",7373,"paragorgia",1.07731215867186e-06,0,101.2666667,101.2666667,"(11) Mainland Fjords",1,1,0,1,0
"236",7375,"paragorgia",2.8536946644764e-07,0,63.4720261572727,117.75,"(11) Mainland Fjords",11,0,0,11,0
"237",7529,"paragorgia",8.46389065755505e-07,0,83.6408797428571,137.9666667,"(11) Mainland Fjords",7,1,0,7,0
"238",7530,"paragorgia",2.26220128104946e-07,0,58.236111111,66,"(11) Mainland Fjords",10,0,0,10,0
"239",7533,"paragorgia",4.41882767202819e-07,0,70,70,"(11) Mainland Fjords",1,0,0,1,0
"240",7534,"paragorgia",1.1416289495173e-07,0,48.81684524,61.45071429,"(11) Mainland Fjords",4,4,0,4,0
"241",7686,"paragorgia",1.04543672840669e-06,0,100.643314414,154.1585526,"(11) Mainland Fjords",5,3,0,5,0
"242",7687,"paragorgia",8.97260906695102e-07,0,93.964713121,192.8684211,"(11) Mainland Fjords",30,7,0,30,0
"243",7688,"paragorgia",2.67844086975588e-05,0,110.697000786621,167.327653,"(11) Mainland Fjords",44,9,0,15,29
"244",7845,"paragorgia",6.23848233868168e-07,0,71.0983990771429,171.3774319,"(11) Mainland Fjords",7,6,0,7,0
"245",7846,"paragorgia",8.28050631128754e-07,0,94.096999996,100.8333333,"(11) Mainland Fjords",10,6,0,10,0
"246",7847,"paragorgia",3.56471213392935e-07,0,66.5429012344444,87.6,"(11) Mainland Fjords",9,2,0,9,0
"247",7850,"paragorgia",4.56959263384853e-07,0,71,71,"(11) Mainland Fjords",1,0,0,1,0
"248",8001,"paragorgia",9.75147479199788e-07,0,97.987,134.06,"(11) Mainland Fjords",5,4,0,5,0
"249",8155,"paragorgia",1,1,92.8098821572222,124.5545455,"(11) Mainland Fjords",18,0,0,18,0
"250",8156,"paragorgia",0.255941827537222,0.468995804872326,92.3495370266667,124.3333333,"(11) Mainland Fjords",3,14,0,3,0
"251",8312,"paragorgia",1.1882265258772e-06,0,105.6,105.6,"(13) Eastern Queen Charlotte Sound",1,0,0,1,0
"252",8313,"paragorgia",0.0226193775217733,0.0448675653098981,44.33333333,44.33333333,"(11) Mainland Fjords",1,1,0,1,0
"253",8314,"paragorgia",9.15234008793052e-08,0,46.81698113,46.81698113,"(11) Mainland Fjords",1,8,0,1,0
"254",8315,"paragorgia",0.0377923321879714,0.0290195043272862,83.7126800982609,140.5865177,"(11) Mainland Fjords",23,5,0,23,0
"255",8316,"paragorgia",5.20967351652505e-07,0,75.1247619025,98.0047619,"(11) Mainland Fjords",4,3,0,4,0
"256",8318,"paragorgia",0,0,39.434285715,40.46857143,"(11) Mainland Fjords",2,3,0,2,0
"257",8326,"paragorgia",1.24346707639775e-07,0,48.985226666,58.2168,"(11) Mainland Fjords",5,3,0,5,0
"258",8470,"paragorgia",4.46486238116163e-08,0,43.58173731,45.58367347,"(13) Eastern Queen Charlotte Sound",3,5,0,3,0
"259",8476,"paragorgia",2.64107171077549e-07,0,61.15470992,75.7,"(11) Mainland Fjords",7,8,0,7,0
"260",8484,"paragorgia",7.78936494306554e-07,0,87.7,87.7,"(11) Mainland Fjords",1,1,0,1,0
"261",8625,"paragorgia",1.59745598442543e-06,0,123.9268094,130.4032787,"(13) Eastern Queen Charlotte Sound",2,0,0,2,0
"262",8628,"paragorgia",1.73650584471696e-07,0,53.8183226733333,59.22,"(13) Eastern Queen Charlotte Sound",3,3,0,3,0
"263",8630,"paragorgia",8.71891375050438e-07,0,93.7896418775,115.9285714,"(11) Mainland Fjords",4,0,0,4,0
"264",8783,"paragorgia",1.44652670698089e-06,0,117.8802841,119.7484663,"(13) Eastern Queen Charlotte Sound",2,4,0,2,0
"265",8792,"paragorgia",0.0224018457252606,0.0215345439868755,266.741054505,303.7648017,"(11) Mainland Fjords",80,4,0,0,1
"266",8944,"paragorgia",1.29704813075409e-07,0,50.933377256,62.65454545,"(13) Eastern Queen Charlotte Sound",5,3,0,5,0
"267",9102,"paragorgia",2.84056071641307e-07,0,60.6713541675,78.14791667,"(13) Eastern Queen Charlotte Sound",4,10,0,4,0
"268",9108,"paragorgia",0.021244844526825,0.0206162164019278,172.330147542857,206.7811421,"(11) Mainland Fjords",21,4,0,1,21
"269",9265,"paragorgia",0.0246543692521073,0.0253992048995949,397.525127808333,448.3930164,"(11) Mainland Fjords",84,0,0,0,15
"270",9266,"paragorgia",0.28594672904891,0.506676606993718,67.69058638375,162.9,"(11) Mainland Fjords",8,5,0,8,0
"271",9586,"paragorgia",2.46155969666011e-07,0,58.2111772466667,88.4,"(11) Mainland Fjords",6,2,0,6,0
"272",9732,"paragorgia",1.97999426083937e-08,0,41.0537037,41.0537037,"(13) Eastern Queen Charlotte Sound",1,10,0,1,0
"273",9733,"paragorgia",1.16707943219523e-06,0,109.462735768571,138.4,"(13) Eastern Queen Charlotte Sound",14,4,0,14,0
"274",9734,"paragorgia",5.14477310729856e-07,0,74.5297186145455,102.3,"(13) Eastern Queen Charlotte Sound",11,0,0,11,0
"275",9736,"paragorgia",7.16921828775725e-07,0,85.2950448757143,149.1285714,"(11) Mainland Fjords",7,2,0,7,0
"276",9737,"paragorgia",5.74590556267554e-07,0,77.7870553725,91.80689655,"(11) Mainland Fjords",4,0,0,4,0
"277",9739,"paragorgia",1.13597282342207e-06,0,105.40268018,169.8521167,"(11) Mainland Fjords",6,0,0,6,0
"278",9741,"paragorgia",1.34816786250432e-06,0,67.9436363633333,85.2,"(11) Mainland Fjords",6,2,0,6,0
"279",9890,"paragorgia",1.67652144693757e-07,0,52.8833903371429,75.89571429,"(13) Eastern Queen Charlotte Sound",7,2,0,7,0
"280",9895,"paragorgia",4.48988527562276e-08,0,43.05202958,43.05202958,"(11) Mainland Fjords",1,2,0,1,0
"281",9905,"paragorgia",7.85953408723903e-07,0,90.8894557857143,132.25,"(11) Mainland Fjords",14,0,0,14,0
"282",9906,"paragorgia",9.82971739666646e-07,0,97.425888892,142.775,"(11) Mainland Fjords",10,0,0,10,0
"283",10367,"paragorgia",0.50000223391856,0.5,144.244666258871,244.5752333,"(11) Mainland Fjords",37,0,0,6,31
"284",10368,"paragorgia",1.00886625728759e-07,0,47.75761563,52.23947368,"(11) Mainland Fjords",2,4,0,2,0
"285",10369,"paragorgia",0.169806851307892,0.158523355856134,98.3986851135294,182.335316,"(11) Mainland Fjords",54,3,0,3,51
"286",10520,"paragorgia",2.62721486815647e-07,0,58.995714286,65.7,"(13) Eastern Queen Charlotte Sound",5,0,0,5,0
"287",10521,"paragorgia",6.54453807942088e-07,0,82.214285715,91.6,"(13) Eastern Queen Charlotte Sound",2,0,0,2,0
"288",10523,"paragorgia",0.018043728315433,0.0190170486510602,356.139026168889,407.6385613,"(11) Mainland Fjords",45,0,0,0,45
"289",10524,"paragorgia",4.78861018150787e-07,0,267.949758758778,515.7025758,"(11) Mainland Fjords",75,0,0,8,40
"290",10525,"paragorgia",0.0472106220505916,0.0459052165974285,155.567730340007,319.4306807,"(11) Mainland Fjords",74,0,0,11,63
"291",10527,"paragorgia",1.0341431385504e-06,0,102.438242698333,131.4230769,"(11) Mainland Fjords",6,0,0,6,0
"292",10528,"paragorgia",5.74215821970584e-07,0,77.325,77.325,"(11) Mainland Fjords",1,2,0,1,0
"293",10682,"paragorgia",1.24930081393035e-06,0,117.262789066667,152.2994565,"(11) Mainland Fjords",18,2,0,18,0
"294",10683,"paragorgia",7.03419530264373e-07,0,89.4491186313333,120.8548387,"(11) Mainland Fjords",15,0,0,15,0
"295",10684,"paragorgia",3.28913088252126e-07,0,63.6772897075,85.6,"(11) Mainland Fjords",4,0,0,4,0
"296",10846,"paragorgia",2.25469967243015e-07,0,55.4688862683333,86.4,"(11) Mainland Fjords",6,0,0,6,0
"297",11152,"paragorgia",1.47945458651694e-07,0,52.0543075542857,62.70918367,"(11) Mainland Fjords",7,0,0,7,0
"298",11171,"paragorgia",8.72102977041851e-07,0,92.4222222233333,112.5,"(11) Mainland Fjords",3,0,0,3,0
"299",11302,"paragorgia",2.38466318957163e-07,0,57.4474258733333,62.71969697,"(13) Eastern Queen Charlotte Sound",3,2,0,3,0
"300",11331,"paragorgia",1.87103616105423e-06,0,136.379798,151.1727273,"(11) Mainland Fjords",3,2,0,3,0
"301",11332,"paragorgia",1.16714437712575e-06,0,103.9,114.7,"(11) Mainland Fjords",2,0,0,2,0
"302",11460,"paragorgia",7.39641642636437e-08,0,45.3,45.3,"(13) Eastern Queen Charlotte Sound",1,6,0,1,0
"303",11461,"paragorgia",1.94455067302118e-07,0,54.6885555433333,63.76385542,"(13) Eastern Queen Charlotte Sound",3,0,0,3,0
"304",11616,"paragorgia",1.76883314388413e-07,0,55.53793633,62.35284553,"(13) Eastern Queen Charlotte Sound",9,0,0,9,0
"305",11771,"paragorgia",1.458529380008e-07,0,52.2470405516667,67.31666667,"(10 Aristazabal Banks Upwelling",6,1,0,6,0
"306",11789,"paragorgia",2.43937894018825e-05,0,330.868415705556,437.8952156,"(11) Mainland Fjords",36,2,0,0,10
"307",11929,"paragorgia",2.20250818400933e-07,0,60.8308560347059,71.448,"(10 Aristazabal Banks Upwelling",17,0,0,17,0
"308",11937,"paragorgia",1.5056676153601e-06,0,111.24547257,173.954386,"(13) Eastern Queen Charlotte Sound",2,2,0,2,0
"309",11938,"paragorgia",1.42308747921824e-06,0,124.200935300476,172.6322368,"(13) Eastern Queen Charlotte Sound",21,4,0,21,0
"310",12095,"paragorgia",2.85459798408156e-06,0,183.790539125,191.115625,"(13) Eastern Queen Charlotte Sound",4,0,0,4,0
"311",12242,"paragorgia",1.91414710157369e-07,0,54.7010410566667,75.59298246,"(10 Aristazabal Banks Upwelling",9,2,0,9,0
"312",12258,"paragorgia",4.34345570124583e-07,0,69.57073171,69.57073171,"(11) Mainland Fjords",1,2,0,1,0
"313",12411,"paragorgia",8.8562958425495e-08,0,46.9090935188889,55.66969697,"(13) Eastern Queen Charlotte Sound",9,11,0,9,0
"314",12417,"paragorgia",0.0181392890807662,0.0175000744855424,420.051401727273,457.5016208,"(11) Mainland Fjords",110,0,0,0,94
"315",12419,"paragorgia",4.77922889908353e-07,0,72.7152690283333,100.3556757,"(11) Mainland Fjords",24,1,0,24,0
"316",12734,"paragorgia",1.45693760303619e-07,0,50.8206140825,72.62124126,"(11) Mainland Fjords",8,0,0,8,0
"317",12739,"paragorgia",0.0646910939700006,0.054916165922487,294.763156493617,426.1415882,"(11) Mainland Fjords",47,0,0,0,5
"318",12741,"paragorgia",4.09778112057497e-05,0,262.019654407143,374.4818179,"(11) Mainland Fjords",14,4,0,0,14
"319",12895,"paragorgia",5.23377242919207e-05,0,257.2440827,269.7604305,"(11) Mainland Fjords",11,0,0,0,11
"320",12897,"paragorgia",0.0112587989229491,0.0120314584963209,113.338495847778,207.8217523,"(11) Mainland Fjords",17,2,0,8,9
"321",13050,"paragorgia",0.0502203318747204,0.0533793028585564,250.733170016944,551.5662586,"(11) Mainland Fjords",36,2,0,0,12
"322",13054,"paragorgia",0.0542873553836736,0.0507301359324418,171.529543183333,207.1087045,"(11) Mainland Fjords",30,0,0,0,30
"323",13055,"paragorgia",2.91711292329973e-06,0,177.65597825,186.8369565,"(11) Mainland Fjords",2,0,0,2,0
"324",13207,"paragorgia",0.0730850230404629,0.0611440381795003,93.2684846071429,114.6,"(11) Mainland Fjords",7,0,0,7,0
"325",13212,"paragorgia",0.0453121532381558,0.0461939463386453,109.624934186429,157.8731092,"(11) Mainland Fjords",14,0,0,0,14
"326",13213,"paragorgia",5.77871885550967e-07,0,84.0098195842308,120.3085366,"(11) Mainland Fjords",26,4,0,26,0
"327",8792,"primnoa",0.00133578659105635,0.00137148106424568,266.741054505,303.7648017,"(11) Mainland Fjords",80,4,0,0,1
"328",9108,"primnoa",2.46150329681801e-05,0,196.49039526,206.7811421,"(11) Mainland Fjords",5,4,0,1,21
"329",9265,"primnoa",0.00401615762117978,0.00388226788600725,397.525127808333,448.3930164,"(11) Mainland Fjords",84,0,0,0,15
"330",10367,"primnoa",0.27113991002725,0.27244093131709,227.747006767742,244.5752333,"(11) Mainland Fjords",31,0,0,6,31
"331",10369,"primnoa",1,1,135.895325291304,155.9841087,"(11) Mainland Fjords",23,3,0,3,51
"332",10523,"primnoa",3.66735157322754e-06,0,356.139026168889,407.6385613,"(11) Mainland Fjords",45,0,0,0,45
"333",10524,"primnoa",0,0,438.004144138806,515.7025758,"(11) Mainland Fjords",67,0,0,8,40
"334",10525,"primnoa",0.10373570450258,0.110879783560233,252.646854093651,319.4306807,"(11) Mainland Fjords",63,0,0,11,63
"335",11789,"primnoa",3.63789028626325e-06,0,340.070533711765,437.8952156,"(11) Mainland Fjords",34,2,0,0,10
"336",12417,"primnoa",0.00507492655330706,0.00495349256203597,420.051401727273,457.5016208,"(11) Mainland Fjords",110,0,0,0,94
"337",12739,"primnoa",5.43266664268832e-06,0,355.464261320588,426.1415882,"(11) Mainland Fjords",34,0,0,0,5
"338",12741,"primnoa",7.33638005411256e-06,0,268.942075776923,374.4818179,"(11) Mainland Fjords",13,4,0,0,14
"339",12895,"primnoa",8.5933723565586e-06,0,257.2440827,269.7604305,"(11) Mainland Fjords",11,0,0,0,11
"340",13050,"primnoa",0.810201531246319,0.817957898232458,323.7929709164,551.5662586,"(11) Mainland Fjords",25,2,0,0,12
"341",13054,"primnoa",3.27960100203507e-05,0,199.541487085714,207.1087045,"(11) Mainland Fjords",14,0,0,0,30
"342",13212,"primnoa",0.092078587084445,0.108799479870082,150.92623185,154.210958,"(11) Mainland Fjords",2,0,0,0,14
"343",6265,"stylaster",3.43720436801389e-09,0,28,28,"(13) Eastern Queen Charlotte Sound",1,2,0,0,0
"344",6267,"stylaster",3.82123923835597e-09,0,29.25,30,"(11) Mainland Fjords",4,6,0,0,0
"345",6423,"stylaster",3.69869820882098e-09,0,28.8571428571429,31,"(13) Eastern Queen Charlotte Sound",7,11,0,0,0
"346",6424,"stylaster",3.43246174959635e-09,0,28,28,"(11) Mainland Fjords",1,3,0,0,0
"347",6425,"stylaster",4.45378368984186e-09,0,30.5,32,"(11) Mainland Fjords",6,9,0,0,0
"348",6426,"stylaster",5.62327616166001e-09,0,33,33,"(11) Mainland Fjords",1,2,0,0,0
"349",6581,"stylaster",2.05916330701232e-09,0,25,30,"(13) Eastern Queen Charlotte Sound",2,2,0,0,0
"350",6736,"stylaster",2.02908467207837e-07,0,84,84,"(13) Eastern Queen Charlotte Sound",2,0,0,2,0
"351",6737,"stylaster",9.6575987858324e-07,0,76.425,76.425,"(13) Eastern Queen Charlotte Sound",1,0,0,1,0
"352",6739,"stylaster",2.5689564228474e-09,0,26,26,"(11) Mainland Fjords",1,1,0,0,0
"353",6740,"stylaster",3.22366587270842e-09,0,27.5,30,"(11) Mainland Fjords",2,2,0,0,0
"354",6741,"stylaster",4.30563322710747e-09,0,30,30,"(11) Mainland Fjords",1,2,0,0,0
"355",6742,"stylaster",2.36679519293571e-09,0,25.6666666666667,30,"(11) Mainland Fjords",3,3,0,0,0
"356",6895,"stylaster",0.140619746052994,0.144647528396777,36.7016666666667,53.11,"(13) Eastern Queen Charlotte Sound",5,4,0,2,0
"357",6896,"stylaster",2.01237403832253e-09,0,25,30,"(11) Mainland Fjords",4,7,0,0,0
"358",6899,"stylaster",1.29908603881293e-08,0,28.5,33,"(11) Mainland Fjords",4,4,0,1,0
"359",6900,"stylaster",2.76292315108619e-09,0,26.5,30,"(11) Mainland Fjords",6,7,0,0,0
"360",7051,"stylaster",3.37225604706247e-10,0,21,22,"(13) Eastern Queen Charlotte Sound",2,2,0,0,0
"361",7052,"stylaster",2.05916330701232e-09,0,25,30,"(13) Eastern Queen Charlotte Sound",2,2,0,0,0
"362",7054,"stylaster",3.10070800382027e-09,0,27.3333333333333,32,"(11) Mainland Fjords",3,3,0,0,0
"363",7056,"stylaster",6.40289673412761e-08,0,44.4478163385714,63.35862069,"(11) Mainland Fjords",14,0,0,10,0
"364",7057,"stylaster",5.85392896142048e-08,0,45.3302989368333,113,"(11) Mainland Fjords",33,6,0,26,0
"365",7058,"stylaster",1.48476779637651e-08,0,29.196058665,31.45735294,"(11) Mainland Fjords",3,1,0,2,0
"366",7060,"stylaster",2.71474979127544e-09,0,26.3333333333333,30,"(11) Mainland Fjords",3,5,0,0,0
"367",7208,"stylaster",2.56432471631141e-09,0,26,26,"(13) Eastern Queen Charlotte Sound",1,2,0,0,0
"368",7214,"stylaster",6.25027018850608e-08,0,43.17660480875,94,"(11) Mainland Fjords",8,5,0,3,0
"369",7215,"stylaster",3.11246250143837e-09,0,27.5,30,"(11) Mainland Fjords",2,4,0,0,0
"370",7216,"stylaster",1.07192745430559e-07,0,54.7,54.7,"(11) Mainland Fjords",3,0,0,3,0
"371",7217,"stylaster",1.04511319563345e-07,0,70.4030187188462,185.7,"(11) Mainland Fjords",14,2,0,13,0
"372",7218,"stylaster",3.00241904400782e-09,0,27,27,"(11) Mainland Fjords",1,1,0,0,0
"373",7370,"stylaster",4.30558725006866e-09,0,30,30,"(11) Mainland Fjords",1,2,0,0,0
"374",7372,"stylaster",2.32614983998166e-07,0,104.349999996667,123.0333333,"(11) Mainland Fjords",9,0,0,8,0
"375",7373,"stylaster",1.25404892551403e-07,0,62.63333335,101.2666667,"(11) Mainland Fjords",2,1,0,1,0
"376",7374,"stylaster",3.38567416035102e-09,0,28,33,"(11) Mainland Fjords",3,4,0,0,0
"377",7375,"stylaster",1.16602231372613e-07,0,63.4720261572727,117.75,"(11) Mainland Fjords",11,0,0,11,0
"378",7376,"stylaster",1.40395302014358e-08,0,29.35,31,"(11) Mainland Fjords",3,1,0,2,0
"379",7528,"stylaster",3.86902449983251e-09,0,29,30,"(11) Mainland Fjords",2,4,0,0,0
"380",7529,"stylaster",7.66767789470666e-08,0,50.7016119633333,137.9666667,"(11) Mainland Fjords",10,1,0,7,0
"381",7530,"stylaster",6.77026629445563e-08,0,44.4482253083333,66,"(11) Mainland Fjords",18,0,0,10,0
"382",7533,"stylaster",1.6250435656104e-07,0,70,70,"(11) Mainland Fjords",1,0,0,1,0
"383",7534,"stylaster",2.23450074897785e-08,0,32.008857143,61.45071429,"(11) Mainland Fjords",12,4,0,4,0
"384",7686,"stylaster",1.08236905283813e-07,0,64.321657207,154.1585526,"(11) Mainland Fjords",8,3,0,5,0
"385",7687,"stylaster",6.99998253642149e-08,0,52.1321071017073,192.8684211,"(11) Mainland Fjords",45,7,0,30,0
"386",7688,"stylaster",1.16090216387517e-05,0,81.5587055128305,167.327653,"(11) Mainland Fjords",53,9,0,15,29
"387",7689,"stylaster",3.86902449983251e-09,0,29,30,"(11) Mainland Fjords",2,4,0,0,0
"388",7843,"stylaster",3.98282256020323e-09,0,29.3333333333333,32,"(11) Mainland Fjords",6,9,0,0,0
"389",7845,"stylaster",3.4647149109693e-08,0,37.5449355166667,171.3774319,"(11) Mainland Fjords",19,6,0,7,0
"390",7846,"stylaster",1.09782005352928e-07,0,61.423499998,100.8333333,"(11) Mainland Fjords",14,6,0,10,0
"391",7847,"stylaster",5.00216165208722e-08,0,40.38765873,87.6,"(11) Mainland Fjords",15,2,0,9,0
"392",7850,"stylaster",1.65173845243297e-07,0,71,71,"(11) Mainland Fjords",1,0,0,1,0
"393",7851,"stylaster",2.36151360444557e-09,0,25.5,29,"(11) Mainland Fjords",2,2,0,0,0
"394",7852,"stylaster",4.30720530472554e-09,0,30,30,"(11) Mainland Fjords",3,5,0,0,0
"395",7853,"stylaster",6.65344881167892e-08,0,30,30,"(11) Mainland Fjords",1,2,0,0,0
"396",7997,"stylaster",2.23327549072573e-08,0,30.266666665,35.53333333,"(13) Eastern Queen Charlotte Sound",3,2,0,1,0
"397",7999,"stylaster",2.09111244742879e-09,0,25.3333333333333,30,"(11) Mainland Fjords",3,4,0,0,0
"398",8000,"stylaster",3.98392124008252e-09,0,29.5,32,"(11) Mainland Fjords",2,3,0,0,0
"399",8001,"stylaster",8.15928628727727e-08,0,53.7225000002381,134.06,"(11) Mainland Fjords",10,4,0,5,0
"400",8002,"stylaster",2.13231381920874e-09,0,25,25,"(11) Mainland Fjords",1,2,0,0,0
"401",8003,"stylaster",3.87323728411593e-09,0,29,29,"(11) Mainland Fjords",1,1,0,0,0
"402",8009,"stylaster",3.00241904400782e-09,0,27,27,"(11) Mainland Fjords",1,1,0,0,0
"403",8010,"stylaster",2.05916330701232e-09,0,25,30,"(11) Mainland Fjords",2,2,0,0,0
"404",8011,"stylaster",3.43246174959635e-09,0,28,28,"(11) Mainland Fjords",1,2,0,0,0
"405",8012,"stylaster",4.30558725006866e-09,0,30,30,"(11) Mainland Fjords",1,2,0,0,0
"406",8155,"stylaster",0.0150679207889473,0.01134977617695,92.8098821572222,124.5545455,"(11) Mainland Fjords",18,0,0,18,0
"407",8156,"stylaster",5.14914869186232e-07,0,59.5081018466667,124.3333333,"(11) Mainland Fjords",15,14,0,3,0
"408",8157,"stylaster",2.86884541518866e-09,0,26.9,33,"(11) Mainland Fjords",10,13,0,0,0
"409",8159,"stylaster",4.63908300549872e-09,0,31,32,"(11) Mainland Fjords",2,2,0,0,0
"410",8160,"stylaster",3.78266802157988e-09,0,29.2,30,"(11) Mainland Fjords",5,9,0,0,0
"411",8165,"stylaster",3.43720436801389e-09,0,28,28,"(11) Mainland Fjords",1,1,0,0,0
"412",8168,"stylaster",2.13231381920874e-09,0,25,25,"(11) Mainland Fjords",1,2,0,0,0
"413",8312,"stylaster",9.14039894274764e-08,0,55.4,105.6,"(13) Eastern Queen Charlotte Sound",3,0,0,1,0
"414",8313,"stylaster",9.10389634476823e-08,0,29.861822865,44.33333333,"(11) Mainland Fjords",6,1,0,1,0
"415",8314,"stylaster",2.29188832751999e-08,0,30.6924727953571,46.81698113,"(11) Mainland Fjords",9,8,0,1,0
"416",8315,"stylaster",3.06919677458921e-07,0,56.0414925470833,140.5865177,"(11) Mainland Fjords",27,5,0,23,0
"417",8316,"stylaster",8.47671812848003e-08,0,51.06238095125,98.0047619,"(11) Mainland Fjords",7,3,0,4,0
"418",8318,"stylaster",2.16565892727393e-08,0,32.813232781,40.46857143,"(11) Mainland Fjords",7,3,0,2,0
"419",8326,"stylaster",3.63025002358088e-08,0,36.2447238092857,58.2168,"(11) Mainland Fjords",9,3,0,5,0
"420",8470,"stylaster",2.16786893043171e-08,0,31.7688531683333,45.58367347,"(13) Eastern Queen Charlotte Sound",11,5,0,3,0
"421",8473,"stylaster",4.84135122940268e-08,0,29.4,31,"(11) Mainland Fjords",5,8,0,0,0
"422",8476,"stylaster",4.84772959787931e-08,0,41.0481541084921,75.7,"(11) Mainland Fjords",16,8,0,7,0
"423",8484,"stylaster",1.09949598975415e-07,0,58.85,87.7,"(11) Mainland Fjords",2,1,0,1,0
"424",8625,"stylaster",2.80254947933207e-07,0,123.9268094,130.4032787,"(13) Eastern Queen Charlotte Sound",2,0,0,2,0
"425",8628,"stylaster",6.34574998925703e-08,0,41.0758280033333,59.22,"(13) Eastern Queen Charlotte Sound",6,3,0,3,0
"426",8629,"stylaster",3.29775506571132e-09,0,27.6666666666667,30,"(11) Mainland Fjords",3,4,0,0,0
"427",8630,"stylaster",2.12438852624438e-07,0,93.7896418775,115.9285714,"(11) Mainland Fjords",4,0,0,4,0
"428",8632,"stylaster",3.65998781795529e-09,0,28.5,32,"(11) Mainland Fjords",2,3,0,0,0
"429",8634,"stylaster",4.52713519671488e-09,0,30.5,31,"(11) Mainland Fjords",2,3,0,0,0
"430",8643,"stylaster",3.43246174959635e-09,0,28,28,"(11) Mainland Fjords",1,2,0,0,0
"431",8783,"stylaster",1.38604365692229e-07,0,72.2734753833333,119.7484663,"(13) Eastern Queen Charlotte Sound",5,4,0,2,0
"432",8786,"stylaster",7.0280820585854e-08,0,29,29,"(13) Eastern Queen Charlotte Sound",1,1,0,0,0
"433",8787,"stylaster",3.24674568538636e-09,0,27.6666666666667,33,"(11) Mainland Fjords",3,3,0,0,0
"434",8788,"stylaster",3.65165960781929e-09,0,28.5,30,"(11) Mainland Fjords",2,4,0,0,0
"435",8790,"stylaster",3.43720436801389e-09,0,28,28,"(11) Mainland Fjords",1,1,0,0,0
"436",8792,"stylaster",9.14966541632904e-06,0,149.3705272525,303.7648017,"(11) Mainland Fjords",82,4,0,0,1
"437",8940,"stylaster",2.13689033137758e-09,0,25,25,"(13) Eastern Queen Charlotte Sound",1,1,0,0,0
"438",8941,"stylaster",3.24930930406686e-08,0,27.5,29,"(13) Eastern Queen Charlotte Sound",2,4,0,0,0
"439",8944,"stylaster",3.69542749832192e-08,0,37.283501785,62.65454545,"(13) Eastern Queen Charlotte Sound",8,3,0,5,0
"440",8950,"stylaster",0.00209895788911991,0.00212314225053079,28.4,33,"(11) Mainland Fjords",5,5,0,0,0
"441",9097,"stylaster",4.30558725006866e-09,0,30,30,"(13) Eastern Queen Charlotte Sound",1,2,0,0,0
"442",9098,"stylaster",1.49886598278496e-09,0,23.5,27,"(13) Eastern Queen Charlotte Sound",2,3,0,0,0
"443",9099,"stylaster",1.48950416270305e-09,0,23.5,24,"(13) Eastern Queen Charlotte Sound",2,3,0,0,0
"444",9102,"stylaster",3.61193953660756e-08,0,35.88437390625,78.14791667,"(13) Eastern Queen Charlotte Sound",18,10,0,4,0
"445",9108,"stylaster",1.2738016012512e-05,0,74.183171087619,206.7811421,"(11) Mainland Fjords",26,4,0,1,21
"446",9109,"stylaster",3.29901894147172e-09,0,27.6666666666667,33,"(11) Mainland Fjords",3,4,0,0,0
"447",9110,"stylaster",3.87323728411593e-09,0,29,29,"(11) Mainland Fjords",1,1,0,0,0
"448",9257,"stylaster",2.81163808083001e-09,0,26.5,33,"(13) Eastern Queen Charlotte Sound",2,3,0,0,0
"449",9259,"stylaster",1.92868246847611e-09,0,25,30,"(13) Eastern Queen Charlotte Sound",6,6,0,0,0
"450",9260,"stylaster",2.6569081342715e-09,0,26.4285714285714,33,"(13) Eastern Queen Charlotte Sound",7,7,0,0,0
"451",9265,"stylaster",0.0867416693129986,0.0713737447084049,397.525127808333,448.3930164,"(11) Mainland Fjords",84,0,0,0,15
"452",9266,"stylaster",1,1,43.868780008,162.9,"(11) Mainland Fjords",14,5,0,8,0
"453",9267,"stylaster",1.84162091927674e-09,0,24.5,29,"(11) Mainland Fjords",2,2,0,0,0
"454",9268,"stylaster",3.43720436801389e-09,0,28,28,"(11) Mainland Fjords",1,1,0,0,0
"455",9269,"stylaster",0.0025862272693873,0.00265392781316348,28,32,"(11) Mainland Fjords",4,6,0,0,0
"456",9415,"stylaster",3.87323728411593e-09,0,29,29,"(13) Eastern Queen Charlotte Sound",1,1,0,0,0
"457",9418,"stylaster",4.0177443440406e-09,0,29.3333333333333,30,"(13) Eastern Queen Charlotte Sound",3,4,0,0,0
"458",9419,"stylaster",4.30558725006866e-09,0,30,30,"(11) Mainland Fjords",1,2,0,0,0
"459",9428,"stylaster",3.43720436801389e-09,0,28,28,"(11) Mainland Fjords",1,1,0,0,0
"460",9445,"stylaster",3.43720436801389e-09,0,28,28,"(11) Mainland Fjords",1,1,0,0,0
"461",9573,"stylaster",3.54747907064301e-09,0,28.5,30,"(13) Eastern Queen Charlotte Sound",2,3,0,0,0
"462",9574,"stylaster",1.61299147510928e-09,0,24,25,"(13) Eastern Queen Charlotte Sound",2,2,0,0,0
"463",9575,"stylaster",9.4811830280123e-09,0,27.2327777766667,28.13222222,"(13) Eastern Queen Charlotte Sound",4,4,0,1,0
"464",9586,"stylaster",0.00258800320042736,0.00265392781316348,43.1055886233333,88.4,"(11) Mainland Fjords",8,2,0,6,0
"465",9730,"stylaster",2.78238778440255e-09,0,26.5,28,"(13) Eastern Queen Charlotte Sound",2,4,0,0,0
"466",9731,"stylaster",3.43720436801389e-09,0,28,28,"(13) Eastern Queen Charlotte Sound",1,1,0,0,0
"467",9732,"stylaster",9.77814280979426e-09,0,28.9776193175,41.0537037,"(13) Eastern Queen Charlotte Sound",12,10,0,1,0
"468",9733,"stylaster",1.15216174094414e-07,0,67.7313678842857,138.4,"(13) Eastern Queen Charlotte Sound",18,4,0,14,0
"469",9734,"stylaster",1.55812807862847e-07,0,70.9682677041667,102.3,"(13) Eastern Queen Charlotte Sound",12,0,0,11,0
"470",9736,"stylaster",6.99403653216108e-08,0,51.1504884661111,149.1285714,"(11) Mainland Fjords",10,2,0,7,0
"471",9737,"stylaster",1.27950409108335e-07,0,62.0597969716667,91.80689655,"(11) Mainland Fjords",6,0,0,4,0
"472",9739,"stylaster",1.78879346317878e-07,0,94.7440830114286,169.8521167,"(11) Mainland Fjords",7,0,0,6,0
"473",9740,"stylaster",1.40832248055843e-09,0,23.5,27,"(11) Mainland Fjords",2,2,0,0,0
"474",9741,"stylaster",2.7372004519461e-07,0,40.0597114,85.2,"(11) Mainland Fjords",11,2,0,6,0
"475",9745,"stylaster",3.43246174959635e-09,0,28,28,"(11) Mainland Fjords",1,2,0,0,0
"476",9889,"stylaster",2.93235858406583e-09,0,27,29,"(13) Eastern Queen Charlotte Sound",3,5,0,0,0
"477",9890,"stylaster",3.93015776543921e-08,0,38.4504230261111,75.89571429,"(13) Eastern Queen Charlotte Sound",10,2,0,7,0
"478",9891,"stylaster",2.39826054161666e-09,0,26.25,32,"(13) Eastern Queen Charlotte Sound",4,4,0,0,0
"479",9895,"stylaster",1.5722813282712e-08,0,28.83285542,43.05202958,"(11) Mainland Fjords",6,2,0,1,0
"480",9904,"stylaster",3.35686095457999e-09,0,28,34,"(11) Mainland Fjords",2,2,0,0,0
"481",9905,"stylaster",1.73437522134793e-07,0,83.86230159,132.25,"(11) Mainland Fjords",16,0,0,14,0
"482",9906,"stylaster",2.1518618053038e-07,0,97.425888892,142.775,"(11) Mainland Fjords",10,0,0,10,0
"483",9917,"stylaster",2.5689564228474e-09,0,26,26,"(11) Mainland Fjords",1,1,0,0,0
"484",9918,"stylaster",5.62829865886203e-09,0,33,33,"(11) Mainland Fjords",1,1,0,0,0
"485",10046,"stylaster",2.31599417663343e-09,0,25.5,30,"(13) Eastern Queen Charlotte Sound",4,4,0,0,0
"486",10062,"stylaster",2.48174762371477e-09,0,26,30,"(11) Mainland Fjords",2,2,0,0,0
"487",10063,"stylaster",2.05916330701232e-09,0,25,30,"(11) Mainland Fjords",2,2,0,0,0
"488",10074,"stylaster",1.70629329700701e-09,0,24,24,"(11) Mainland Fjords",1,1,0,0,0
"489",10075,"stylaster",3.00367952122436e-09,0,27,30,"(11) Mainland Fjords",2,4,0,0,0
"490",10203,"stylaster",2.37298914875678e-09,0,25.75,30,"(13) Eastern Queen Charlotte Sound",4,4,0,0,0
"491",10210,"stylaster",4.30558725006866e-09,0,30,30,"(11) Mainland Fjords",1,2,0,0,0
"492",10211,"stylaster",0.0114060561887022,0.0106157112526539,22,28,"(11) Mainland Fjords",2,1,0,0,0
"493",10221,"stylaster",2.05916330701232e-09,0,25,30,"(11) Mainland Fjords",2,2,0,0,0
"494",10222,"stylaster",4.31044141403927e-09,0,30,30,"(11) Mainland Fjords",1,1,0,0,0
"495",10367,"stylaster",3.16067798792207e-05,0,142.158063352442,244.5752333,"(11) Mainland Fjords",38,0,0,6,31
"496",10368,"stylaster",1.92041731196507e-08,0,30.5141305057143,52.23947368,"(11) Mainland Fjords",11,4,0,2,0
"497",10369,"stylaster",0.0613205839467551,0.055607289133974,64.2243966159064,182.335316,"(11) Mainland Fjords",65,3,0,3,51
"498",10382,"stylaster",2.95007708395131e-09,0,27.3333333333333,30,"(11) Mainland Fjords",3,4,0,0,0
"499",10389,"stylaster",1.70629329700701e-09,0,24,24,"(11) Mainland Fjords",1,1,0,0,0
"500",10520,"stylaster",8.27970543178261e-08,0,49.9052721085714,65.7,"(13) Eastern Queen Charlotte Sound",7,0,0,5,0
"501",10521,"stylaster",1.94868361307516e-07,0,82.214285715,91.6,"(13) Eastern Queen Charlotte Sound",2,0,0,2,0
"502",10523,"stylaster",2.51450707579766e-06,0,356.139026168889,407.6385613,"(11) Mainland Fjords",45,0,0,0,45
"503",10524,"stylaster",1.01754011742805e-07,0,264.558349126625,515.7025758,"(11) Mainland Fjords",76,0,0,8,40
"504",10525,"stylaster",1.60622668895329e-05,0,151.971152412825,319.4306807,"(11) Mainland Fjords",78,0,0,11,63
"505",10527,"stylaster",1.92357220809204e-07,0,92.99651572,131.4230769,"(11) Mainland Fjords",7,0,0,6,0
"506",10528,"stylaster",9.42395369338772e-08,0,51.9125,77.325,"(11) Mainland Fjords",3,2,0,1,0
"507",10674,"stylaster",6.06939913162973e-09,0,34,34,"(13) Eastern Queen Charlotte Sound",1,1,0,0,0
"508",10675,"stylaster",2.67386395382479e-09,0,26.6666666666667,35,"(13) Eastern Queen Charlotte Sound",6,7,0,0,0
"509",10676,"stylaster",1.80684481658308e-09,0,24.6666666666667,27,"(13) Eastern Queen Charlotte Sound",3,4,0,0,0
"510",10680,"stylaster",0,0,20,20,"(11) Mainland Fjords",1,1,0,0,0
"511",10682,"stylaster",1.23910651086835e-07,0,70.3813945333333,152.2994565,"(11) Mainland Fjords",20,2,0,18,0
"512",10683,"stylaster",1.68939540222728e-07,0,82.3315752629412,120.8548387,"(11) Mainland Fjords",17,0,0,15,0
"513",10684,"stylaster",6.57585979425205e-08,0,44.67018946625,85.6,"(11) Mainland Fjords",8,0,0,4,0
"514",10685,"stylaster",3.43246174959635e-09,0,28,28,"(11) Mainland Fjords",1,2,0,0,0
"515",10845,"stylaster",4.31044141403927e-09,0,30,30,"(11) Mainland Fjords",1,1,0,0,0
"516",10846,"stylaster",9.01142666338421e-08,0,51.8684049785714,86.4,"(11) Mainland Fjords",7,0,0,6,0
"517",10863,"stylaster",4.09862754085472e-09,0,29.5,33,"(11) Mainland Fjords",2,2,0,0,0
"518",10990,"stylaster",1.98370783710151e-09,0,24.75,29,"(13) Eastern Queen Charlotte Sound",4,4,0,0,0
"519",10994,"stylaster",3.43720436801389e-09,0,28,28,"(11) Mainland Fjords",1,1,0,0,0
"520",11016,"stylaster",2.05916330701232e-09,0,25,30,"(11) Mainland Fjords",2,2,0,0,0
"521",11152,"stylaster",7.99694546552282e-08,0,47.90732656,62.70918367,"(11) Mainland Fjords",9,0,0,7,0
"522",11171,"stylaster",1.54243735628142e-07,0,76.6666666675,112.5,"(11) Mainland Fjords",4,0,0,3,0
"523",11174,"stylaster",2.93437897706685e-09,0,27,34,"(11) Mainland Fjords",2,2,0,0,0
"524",11302,"stylaster",4.90092359261893e-08,0,38.0796268075,62.71969697,"(13) Eastern Queen Charlotte Sound",5,2,0,3,0
"525",11304,"stylaster",2.48809517560495e-09,0,26,31,"(13) Eastern Queen Charlotte Sound",2,2,0,0,0
"526",11310,"stylaster",2.93173754746703e-09,0,27.3333333333333,28,"(11) Mainland Fjords",3,6,0,0,0
"527",11311,"stylaster",3.00241904400782e-09,0,27,27,"(11) Mainland Fjords",1,1,0,0,0
"528",11314,"stylaster",2.48174762371477e-09,0,26,30,"(11) Mainland Fjords",2,2,0,0,0
"529",11330,"stylaster",1.88486226154105e-09,0,24.5,28,"(11) Mainland Fjords",4,4,0,0,0
"530",11331,"stylaster",1.42601534548548e-07,0,81.189899,151.1727273,"(11) Mainland Fjords",5,2,0,3,0
"531",11332,"stylaster",2.5269192919241e-07,0,103.9,114.7,"(11) Mainland Fjords",2,0,0,2,0
"532",11460,"stylaster",7.73264629277609e-09,0,26.2954534433333,45.3,"(13) Eastern Queen Charlotte Sound",10,6,0,1,0
"533",11461,"stylaster",5.75237259786809e-08,0,41.8559544157143,63.76385542,"(13) Eastern Queen Charlotte Sound",7,0,0,3,0
"534",11463,"stylaster",2.5689564228474e-09,0,26,26,"(13) Eastern Queen Charlotte Sound",1,1,0,0,0
"535",11470,"stylaster",6.08681192304903e-08,0,26,30,"(11) Mainland Fjords",2,2,0,0,0
"536",11471,"stylaster",3.43720436801389e-09,0,28,28,"(11) Mainland Fjords",1,1,0,0,0
"537",11612,"stylaster",4.24022016657264e-10,0,21,21,"(10 Aristazabal Banks Upwelling",1,1,0,0,0
"538",11616,"stylaster",9.1582936709127e-08,0,53.554142697,62.35284553,"(13) Eastern Queen Charlotte Sound",10,0,0,9,0
"539",11617,"stylaster",1.19264180661259e-09,0,23,26,"(13) Eastern Queen Charlotte Sound",2,2,0,0,0
"540",11619,"stylaster",1.70629329700701e-09,0,24,24,"(13) Eastern Queen Charlotte Sound",1,1,0,0,0
"541",11629,"stylaster",2.73252094269928e-08,0,31.26666667,31.26666667,"(11) Mainland Fjords",1,0,0,1,0
"542",11630,"stylaster",2.05916330701232e-09,0,25,30,"(11) Mainland Fjords",2,2,0,0,0
"543",11648,"stylaster",2.69430868309455e-09,0,26.5,30,"(11) Mainland Fjords",2,2,0,0,0
"544",11771,"stylaster",4.39226124840553e-08,0,38.0707554742857,67.31666667,"(10 Aristazabal Banks Upwelling",8,1,0,6,0
"545",11774,"stylaster",3.09104537465766e-09,0,27.6666666666667,30,"(13) Eastern Queen Charlotte Sound",3,4,0,0,0
"546",11779,"stylaster",0,0,20,20,"(13) Eastern Queen Charlotte Sound",1,1,0,0,0
"547",11788,"stylaster",2.99773196556991e-09,0,27,27,"(11) Mainland Fjords",1,2,0,0,0
"548",11789,"stylaster",2.08448075754746e-06,0,178.934207852778,437.8952156,"(11) Mainland Fjords",37,2,0,0,10
"549",11806,"stylaster",2.13689033137758e-09,0,25,25,"(11) Mainland Fjords",1,1,0,0,0
"550",11926,"stylaster",2.36195868270463e-09,0,25.6666666666667,29,"(10 Aristazabal Banks Upwelling",3,3,0,0,0
"551",11929,"stylaster",6.76374052553651e-08,0,50.79848731625,71.448,"(10 Aristazabal Banks Upwelling",24,0,0,17,0
"552",11932,"stylaster",2.2772498464826e-09,0,25.5,31,"(10 Aristazabal Banks Upwelling",2,2,0,0,0
"553",11937,"stylaster",4.67451378399202e-08,0,47.61989087,173.954386,"(13) Eastern Queen Charlotte Sound",6,2,0,2,0
"554",11938,"stylaster",1.15146114367994e-07,0,72.5452979704546,172.6322368,"(13) Eastern Queen Charlotte Sound",26,4,0,21,0
"555",11939,"stylaster",3.22137761662401e-09,0,27.5,30,"(13) Eastern Queen Charlotte Sound",2,3,0,0,0
"556",11943,"stylaster",2.13689033137758e-09,0,25,25,"(11) Mainland Fjords",1,1,0,0,0
"557",11947,"stylaster",4.30558725006866e-09,0,30,30,"(11) Mainland Fjords",1,2,0,0,0
"558",12088,"stylaster",3.05505450584628e-09,0,27.3333333333333,34,"(10 Aristazabal Banks Upwelling",6,7,0,0,0
"559",12093,"stylaster",2.78105027594295e-09,0,26.5,27,"(13) Eastern Queen Charlotte Sound",2,4,0,0,0
"560",12095,"stylaster",2.30582586809529e-07,0,183.790539125,191.115625,"(13) Eastern Queen Charlotte Sound",4,0,0,4,0
"561",12096,"stylaster",8.4102187633027e-10,0,22,22,"(13) Eastern Queen Charlotte Sound",1,5,0,0,0
"562",12124,"stylaster",1.70629329700701e-09,0,24,24,"(11) Mainland Fjords",1,1,0,0,0
"563",12242,"stylaster",2.13369686515834e-08,0,31.25493683025,75.59298246,"(10 Aristazabal Banks Upwelling",22,2,0,9,0
"564",12251,"stylaster",2.13689033137758e-09,0,25,25,"(13) Eastern Queen Charlotte Sound",1,1,0,0,0
"565",12253,"stylaster",2.69430868309455e-09,0,26.5,30,"(13) Eastern Queen Charlotte Sound",2,2,0,0,0
"566",12254,"stylaster",2.2772498464826e-09,0,25.5,31,"(13) Eastern Queen Charlotte Sound",2,2,0,0,0
"567",12258,"stylaster",8.14559262037274e-08,0,47.035365855,69.57073171,"(11) Mainland Fjords",3,2,0,1,0
"568",12284,"stylaster",2.5689564228474e-09,0,26,26,"(11) Mainland Fjords",1,1,0,0,0
"569",12400,"stylaster",1.48444187046875e-08,0,27.743846155,31.48769231,"(10 Aristazabal Banks Upwelling",2,2,0,1,0
"570",12409,"stylaster",1.49107354560394e-09,0,23.5,25,"(11) Mainland Fjords",2,3,0,0,0
"571",12410,"stylaster",3.43720436801389e-09,0,28,28,"(13) Eastern Queen Charlotte Sound",1,1,0,0,0
"572",12411,"stylaster",1.28191703982757e-08,0,28.4170115937879,55.66969697,"(13) Eastern Queen Charlotte Sound",42,11,0,9,0
"573",12412,"stylaster",1.27276983999205e-09,0,23,23,"(11) Mainland Fjords",1,2,0,0,0
"574",12415,"stylaster",2.56432471631141e-09,0,26,26,"(11) Mainland Fjords",1,2,0,0,0
"575",12416,"stylaster",2.05916330701232e-09,0,25,30,"(11) Mainland Fjords",2,2,0,0,0
"576",12417,"stylaster",1.44958396318025e-06,0,420.051401727273,457.5016208,"(11) Mainland Fjords",110,0,0,0,94
"577",12419,"stylaster",1.33747554569125e-07,0,65.9197239255172,100.3556757,"(11) Mainland Fjords",29,1,0,24,0
"578",12565,"stylaster",3.43720436801389e-09,0,28,28,"(11) Mainland Fjords",1,1,0,0,0
"579",12566,"stylaster",3.86843896726052e-09,0,29,29,"(11) Mainland Fjords",1,3,0,0,0
"580",12570,"stylaster",3.13740546222463e-09,0,27.5,33,"(11) Mainland Fjords",2,2,0,0,0
"581",12574,"stylaster",2.2772498464826e-09,0,25.5,31,"(11) Mainland Fjords",2,2,0,0,0
"582",12734,"stylaster",7.33664116983727e-08,0,46.954526489,72.62124126,"(11) Mainland Fjords",10,0,0,8,0
"583",12739,"stylaster",1.67318817720623e-05,0,294.763156493617,426.1415882,"(11) Mainland Fjords",47,0,0,0,5
"584",12741,"stylaster",4.00763243506814e-06,0,144.509827203571,374.4818179,"(11) Mainland Fjords",17,4,0,0,14
"585",12742,"stylaster",2.05916330701232e-09,0,25,30,"(11) Mainland Fjords",2,2,0,0,0
"586",12743,"stylaster",4.09060043940516e-09,0,29.5,31,"(11) Mainland Fjords",2,3,0,0,0
"587",12759,"stylaster",4.31044141403927e-09,0,30,30,"(11) Mainland Fjords",1,1,0,0,0
"588",12895,"stylaster",7.93266297927763e-06,0,257.2440827,269.7604305,"(11) Mainland Fjords",11,0,0,0,11
"589",12897,"stylaster",8.3830706547973e-06,0,62.6649630139153,207.8217523,"(11) Mainland Fjords",32,2,0,8,9
"590",13034,"stylaster",3.87323728411593e-09,0,29,29,"(10 Aristazabal Banks Upwelling",1,1,0,0,0
"591",13050,"stylaster",0.500000002152794,0.5,140.366585008472,551.5662586,"(11) Mainland Fjords",37,2,0,0,12
"592",13054,"stylaster",4.06146021324963e-05,0,171.529543183333,207.1087045,"(11) Mainland Fjords",30,0,0,0,30
"593",13055,"stylaster",2.49359497148955e-07,0,177.65597825,186.8369565,"(11) Mainland Fjords",2,0,0,2,0
"594",13193,"stylaster",3.00241904400782e-09,0,27,27,"(11) Mainland Fjords",1,1,0,0,0
"595",13194,"stylaster",3.86843896726052e-09,0,29,29,"(11) Mainland Fjords",1,2,0,0,0
"596",13206,"stylaster",4.30558725006866e-09,0,30,30,"(11) Mainland Fjords",1,2,0,0,0
"597",13207,"stylaster",6.64490526389976e-07,0,71.0964911072727,114.6,"(11) Mainland Fjords",11,0,0,7,0
"598",13212,"stylaster",4.91766294039865e-05,0,109.624934186429,157.8731092,"(11) Mainland Fjords",14,0,0,0,14
"599",13213,"stylaster",8.63115674397279e-08,0,55.1299097921154,120.3085366,"(11) Mainland Fjords",30,4,0,26,0
"600",13361,"stylaster",2.99773196556991e-09,0,27,27,"(11) Mainland Fjords",2,4,0,0,0
"601",14312,"stylaster",4.96805180074425e-08,0,29.5,36,"(11) Mainland Fjords",2,2,0,0,0
"602",14314,"stylaster",3.35686095457999e-09,0,28,34,"(11) Mainland Fjords",2,2,0,0,0
"603",8792,"swiftia",1.21020027842078e-05,0,266.741054505,303.7648017,"(11) Mainland Fjords",80,4,0,0,1
"604",9108,"swiftia",0.129420043123569,0.184173473028838,154.6502876,154.6502876,"(11) Mainland Fjords",1,4,0,1,21
"605",9265,"swiftia",0.00111317203095796,0.00110345012899073,397.525127808333,448.3930164,"(11) Mainland Fjords",84,0,0,0,15
"606",10367,"swiftia",0.0807103159320992,0.0856245605635111,233.768583565385,244.5752333,"(11) Mainland Fjords",26,0,0,6,31
"607",10369,"swiftia",1,1,132.230718942105,155.1439474,"(11) Mainland Fjords",19,3,0,3,51
"608",10523,"swiftia",3.53343457606784e-06,0,356.139026168889,407.6385613,"(11) Mainland Fjords",45,0,0,0,45
"609",10524,"swiftia",0,0,438.004144138806,515.7025758,"(11) Mainland Fjords",67,0,0,8,40
"610",10525,"swiftia",0.00302164683963976,0.00315353071844374,255.764102930508,319.4306807,"(11) Mainland Fjords",59,0,0,11,63
"611",11789,"swiftia",2.56890748639685e-06,0,359.134427516667,437.8952156,"(11) Mainland Fjords",30,2,0,0,10
"612",12417,"swiftia",0.00579912757126758,0.00591327417414509,420.051401727273,457.5016208,"(11) Mainland Fjords",110,0,0,0,94
"613",12739,"swiftia",5.27096351997271e-06,0,355.464261320588,426.1415882,"(11) Mainland Fjords",34,0,0,0,5
"614",12741,"swiftia",5.97075353415203e-06,0,291.1992289,374.4818179,"(11) Mainland Fjords",10,4,0,0,14
"615",12895,"swiftia",7.93374466015897e-06,0,263.15008819,269.7604305,"(11) Mainland Fjords",10,0,0,0,11
"616",13050,"swiftia",0.00487126377654755,0.00665055662778097,498.021181371429,551.5662586,"(11) Mainland Fjords",14,2,0,0,12
"617",13054,"swiftia",0.29609858228933,0.299466530410015,148.324701811111,174.620875,"(11) Mainland Fjords",9,0,0,0,30
"618",13212,"swiftia",0.274991453695949,0.324700777491298,150.92623185,154.210958,"(11) Mainland Fjords",2,0,0,0,14
