"","PU_4Km_ID","raw_score","obs_score","UpperOceanSR","depth","max_depth","dive_samps","hook_samps","mid_samps","deep_samps","normalized_obs_score","normalized_score","coral_rank","coral_hotspot","coral_hotspot2"
"1",6265,1.10324207461531e-08,0,"(13) Eastern Queen Charlotte Sound",25.75,28,2,0,0,0,0,1.00924733386488e-08,6,0,0
"2",6267,8.78116789557887e-09,0,"(11) Mainland Fjords",27.4583333333333,30,6,0,0,0,0,8.03302420271006e-09,3,0,0
"3",6423,8.78116789557887e-09,0,"(13) Eastern Queen Charlotte Sound",26.974025974026,31,11,0,0,0,0,8.03302420271006e-09,3,0,0
"4",6424,1.13060273241381e-08,0,"(11) Mainland Fjords",24.6666666666667,28,3,0,0,0,0,1.03427690042266e-08,6,0,0
"5",6425,8.9174250274066e-09,0,"(11) Mainland Fjords",28.4166666666667,32,9,0,0,0,0,8.15767241018997e-09,3,0,0
"6",6426,8.23663076292724e-09,0,"(11) Mainland Fjords",29.25,33,2,0,0,0,0,7.53488090128575e-09,2,0,0
"7",6581,8.51150826945724e-09,0,"(13) Eastern Queen Charlotte Sound",25,30,2,0,0,0,0,7.78633921400606e-09,2,0,0
"8",6736,2.33075077147586e-06,0,"(13) Eastern Queen Charlotte Sound",84,84,0,0,2,0,0,2.13217394091478e-06,8,0,0
"9",6737,0.0361255041361888,0.109296805786489,"(13) Eastern Queen Charlotte Sound",76.425,76.425,0,0,1,0,0.0964514639567113,0.033047659777376,10,1,1
"10",6739,8.69584646078933e-09,0,"(11) Mainland Fjords",26,26,1,0,0,0,0,7.95497203939595e-09,3,0,0
"11",6740,9.07129880686646e-09,0,"(11) Mainland Fjords",27.5,30,2,0,0,0,0,8.29843635062047e-09,4,0,0
"12",6741,8.78116789557887e-09,0,"(11) Mainland Fjords",27.25,30,2,0,0,0,0,8.03302420271006e-09,3,0,0
"13",6742,9.07129880686646e-09,0,"(11) Mainland Fjords",25.6666666666667,30,3,0,0,0,0,8.29843635062047e-09,4,0,0
"14",6895,0.00450211574439362,0.00848816959999629,"(13) Eastern Queen Charlotte Sound",39.0444444444445,53.11,4,0,3,0,0.0074905792382608,0.00411854153891359,9,0,0
"15",6896,1.10324207461531e-08,0,"(11) Mainland Fjords",23.5714285714285,30,7,0,0,0,0,1.00924733386488e-08,6,0,0
"16",6899,4.35123154990866e-08,0,"(11) Mainland Fjords",27.9375,33,4,0,1,0,0,3.98051247483951e-08,6,0,0
"17",6900,9.43036749307398e-09,0,"(11) Mainland Fjords",25.8928571428571,30,7,0,0,0,0,8.62691286775808e-09,4,0,0
"18",7051,1.00405484348561e-08,0,"(13) Eastern Queen Charlotte Sound",21,22,2,0,0,0,0,9.1851072140746e-09,5,0,0
"19",7052,8.51150826945724e-09,0,"(13) Eastern Queen Charlotte Sound",25,30,2,0,0,0,0,7.78633921400606e-09,2,0,0
"20",7054,8.04955803517114e-09,0,"(11) Mainland Fjords",27.3333333333333,32,3,0,0,0,0,7.36374651829686e-09,2,0,0
"21",7056,5.35672696111332e-07,0,"(11) Mainland Fjords",46.0974241733809,63.35862069,0,0,14,0,0,4.90034102953411e-07,7,0,0
"22",7057,1.8106023903288e-06,0,"(11) Mainland Fjords",51.4149264042564,113,6,0,30,0,0,1.65634150217295e-06,8,0,0
"23",7058,4.32718430772706e-08,0,"(11) Mainland Fjords",29.196058665,31.45735294,1,0,2,0,0,3.95851402534506e-08,6,0,0
"24",7060,1.00657621574487e-08,0,"(11) Mainland Fjords",24.6666666666667,30,5,0,0,0,0,9.2081727614181e-09,5,0,0
"25",7208,9.71517471029034e-09,0,"(13) Eastern Queen Charlotte Sound",24,26,2,0,0,0,0,8.88745489317106e-09,5,0,0
"26",7214,1.69380210272484e-06,0,"(11) Mainland Fjords",49.2718181201389,94,5,0,6,0,0,1.54949244196098e-06,8,0,0
"27",7215,8.74233659887974e-09,0,"(11) Mainland Fjords",25.125,30,4,0,0,0,0,7.99750128025646e-09,3,0,0
"28",7216,6.66625974825846e-07,0,"(11) Mainland Fjords",54.7,54.7,0,0,3,0,0,6.09830338470963e-07,7,0,0
"29",7217,1.05368068275574e-05,0,"(11) Mainland Fjords",82.8706916251281,185.7,2,0,13,0,0,9.63908505925101e-06,9,0,0
"30",7218,8.3041292975943e-09,0,"(11) Mainland Fjords",27,27,1,0,0,0,0,7.59662865159365e-09,2,0,0
"31",7370,8.9174250274066e-09,0,"(11) Mainland Fjords",27,30,2,0,0,0,0,8.15767241018997e-09,3,0,0
"32",7372,4.48514801761271e-06,0,"(11) Mainland Fjords",107.720138885278,123.0333333,0,0,9,0,0,4.10301943963057e-06,9,0,0
"33",7373,3.63348799764986e-06,0,"(11) Mainland Fjords",75.5111111333333,101.2666667,1,0,1,0,0,3.32391970777296e-06,8,0,0
"34",7374,8.9174250274066e-09,0,"(11) Mainland Fjords",26.75,33,4,0,0,0,0,8.15767241018997e-09,3,0,0
"35",7375,9.73300666581583e-07,0,"(11) Mainland Fjords",63.4720261572727,117.75,0,0,11,0,0,8.90376759007212e-07,7,0,0
"36",7376,2.5568458344317e-08,0,"(11) Mainland Fjords",29.35,31,1,0,2,0,0,2.33900600863461e-08,6,0,0
"37",7528,9.33223227917437e-09,0,"(11) Mainland Fjords",26.25,30,4,0,0,0,0,8.53713864207786e-09,4,0,0
"38",7529,5.63628649851365e-06,0,"(11) Mainland Fjords",61.6813678898412,137.9666667,1,0,9,0,0,5.15608247039255e-06,9,0,0
"39",7530,9.62885390161722e-07,0,"(11) Mainland Fjords",49.0441872425555,66,0,0,18,0,0,8.80848850128396e-07,7,0,0
"40",7533,1.50476803561681e-06,0,"(11) Mainland Fjords",70,70,0,0,1,0,0,1.37656382309468e-06,7,0,0
"41",7534,1.03476757035249e-06,0,"(11) Mainland Fjords",36.5091853279697,61.45071429,4,0,11,0,0,9.46606765257968e-07,7,0,0
"42",7686,3.51753385638252e-06,0,"(11) Mainland Fjords",76.428876276,154.1585526,3,0,5,0,0,3.21784470336792e-06,8,0,0
"43",7687,6.7771246271743e-06,0,"(11) Mainland Fjords",65.385832917662,192.8684211,7,0,41,0,0,6.19972272506979e-06,9,0,0
"44",7688,0.035653052496976,0.00616427800893821,"(11) Mainland Fjords",81.6336332052107,167.327653,9,0,16,29,0.00543980799731433,0.032615460382314,10,1,1
"45",7689,9.33223227917437e-09,0,"(11) Mainland Fjords",26.25,30,4,0,0,0,0,8.53713864207786e-09,4,0,0
"46",7843,9.07129880686646e-09,0,"(11) Mainland Fjords",27.4444444444444,32,9,0,0,0,0,8.29843635062047e-09,4,0,0
"47",7845,6.34909955464904e-06,0,"(11) Mainland Fjords",48.2710900368254,171.3774319,6,0,15,0,0,5.80816481297323e-06,9,0,0
"48",7846,3.50081036473825e-06,0,"(11) Mainland Fjords",71.7174444417778,100.8333333,6,0,10,0,0,3.20254603071643e-06,8,0,0
"49",7847,1.47827815825072e-06,0,"(11) Mainland Fjords",48.3560728981481,87.6,2,0,14,0,0,1.35233084764779e-06,7,0,0
"50",7850,1.55427790447924e-06,0,"(11) Mainland Fjords",71,71,0,0,1,0,0,1.42185551772736e-06,7,0,0
"51",7851,1.00989029917468e-08,0,"(11) Mainland Fjords",25.5,29,2,0,0,0,0,9.23849004121286e-09,5,0,0
"52",7852,8.9174250274066e-09,0,"(11) Mainland Fjords",27.6,30,5,0,0,0,0,8.15767241018997e-09,3,0,0
"53",7853,0.0198608195248427,0.0554785020804438,"(11) Mainland Fjords",27,30,2,0,0,0,0.0489582719758289,0.0181687044167604,10,1,1
"54",7997,4.32512697617019e-08,0,"(13) Eastern Queen Charlotte Sound",30.266666665,35.53333333,2,0,1,0,0,3.95663197566944e-08,6,0,0
"55",7999,8.45898958761641e-09,0,"(11) Mainland Fjords",24.4166666666667,30,4,0,0,0,0,7.73829505321349e-09,2,0,0
"56",8000,7.94685999575148e-09,0,"(11) Mainland Fjords",27.5833333333333,32,3,0,0,0,0,7.26979821369328e-09,2,0,0
"57",8001,3.26939778956855e-06,0,"(11) Mainland Fjords",68.0467777779365,134.06,4,0,7,0,0,2.9908494956706e-06,8,0,0
"58",8002,9.89454196578949e-09,0,"(11) Mainland Fjords",23.25,25,2,0,0,0,0,9.05154029977441e-09,5,0,0
"59",8003,7.47239993186025e-09,0,"(11) Mainland Fjords",29,29,1,0,0,0,0,6.83576150903392e-09,1,0,0
"60",8009,8.3041292975943e-09,0,"(11) Mainland Fjords",27,27,1,0,0,0,0,7.59662865159365e-09,2,0,0
"61",8010,8.51150826945724e-09,0,"(11) Mainland Fjords",25,30,2,0,0,0,0,7.78633921400606e-09,2,0,0
"62",8011,9.33223227917437e-09,0,"(11) Mainland Fjords",25.5,28,2,0,0,0,0,8.53713864207786e-09,4,0,0
"63",8012,8.9174250274066e-09,0,"(11) Mainland Fjords",27,30,2,0,0,0,0,8.15767241018997e-09,3,0,0
"64",8155,0.350303982618537,0.453046977069931,"(11) Mainland Fjords",92.8098821572222,124.5545455,0,0,18,0,0.399801658109933,0.320458554504717,10,1,1
"65",8156,0.0817891259329164,0.145318676609738,"(11) Mainland Fjords",70.2488977003175,124.3333333,14,0,3,0,0.128239787049603,0.0748208024206452,10,1,1
"66",8157,1.00989029917468e-08,0,"(11) Mainland Fjords",25.8730769230769,33,13,0,0,0,0,9.23849004121286e-09,5,0,0
"67",8159,6.22024767793991e-09,0,"(11) Mainland Fjords",31,32,2,0,0,0,0,5.69029094283688e-09,1,0,0
"68",8160,7.83506289076612e-09,0,"(11) Mainland Fjords",26.7666666666667,30,9,0,0,0,0,7.16752607167075e-09,1,0,0
"69",8165,7.89627098116286e-09,0,"(11) Mainland Fjords",28,28,1,0,0,0,0,7.22351931509868e-09,1,0,0
"70",8168,9.89454196578949e-09,0,"(11) Mainland Fjords",23.25,25,2,0,0,0,0,9.05154029977441e-09,5,0,0
"71",8312,4.01037027204565e-06,0,"(13) Eastern Queen Charlotte Sound",72.1333333333333,105.6,0,0,3,0,0,3.66869211934684e-06,8,0,0
"72",8313,0.0392451325990308,0.15304426478519,"(11) Mainland Fjords",34.1833432233333,44.33333333,1,0,7,0,0.135057408882987,0.0359015000914976,10,1,1
"73",8314,3.2768583753425e-07,0,"(11) Mainland Fjords",34.9344547867857,46.81698113,8,0,3,0,0,2.99767444957209e-07,7,0,0
"74",8315,0.0211823940286058,0.0102841584277722,"(11) Mainland Fjords",64.442999508587,140.5865177,5,0,24,0,0.00907549062192269,0.0193776825504957,10,1,1
"75",8316,1.76386879893784e-06,0,"(11) Mainland Fjords",59.0831746016667,98.0047619,3,0,4,0,0,1.61358954990562e-06,8,0,0
"76",8318,4.27467641671506e-08,0,"(11) Mainland Fjords",34.2980282034444,40.46857143,3,0,5,0,0,3.9104797360172e-08,6,0,0
"77",8326,6.53920785179698e-07,0,"(11) Mainland Fjords",39.880446983746,58.2168,3,0,7,0,0,5.98207613892502e-07,7,0,0
"78",8470,1.69799459073547e-07,0,"(13) Eastern Queen Charlotte Sound",35.7064812155555,45.58367347,5,0,6,0,0,1.55332773563255e-07,6,0,0
"79",8473,0.238095243196411,0.238095238095238,"(11) Mainland Fjords",27.1375,31,8,0,0,0,0.210112583896266,0.217809848745731,10,1,1
"80",8476,8.87419105769526e-07,0,"(11) Mainland Fjords",47.55093461709,75.7,8,0,9,0,0,8.11812191654262e-07,7,0,0
"81",8484,2.61609941795885e-06,0,"(11) Mainland Fjords",68.4666666666667,87.7,1,0,1,0,0,2.39321126654916e-06,8,0,0
"82",8625,5.38298666285742e-06,0,"(13) Eastern Queen Charlotte Sound",123.9268094,130.4032787,0,0,2,0,0,4.92436344001239e-06,9,0,0
"83",8628,0.0357125105104413,0.0184928340268146,"(13) Eastern Queen Charlotte Sound",45.3233262266666,59.22,3,0,3,0,0.016319423991943,0.032669852653011,10,1,1
"84",8629,9.77293856006582e-09,0,"(11) Mainland Fjords",26.4583333333333,30,4,0,0,0,0,8.9402973406457e-09,5,0,0
"85",8630,2.93462410895981e-06,0,"(11) Mainland Fjords",93.7896418775,115.9285714,0,0,4,0,0,2.68459808233477e-06,8,0,0
"86",8632,9.07129880686646e-09,0,"(11) Mainland Fjords",26.75,32,3,0,0,0,0,8.29843635062047e-09,4,0,0
"87",8634,8.69823543189581e-09,0,"(11) Mainland Fjords",28.4166666666667,31,3,0,0,0,0,7.95715747337765e-09,3,0,0
"88",8643,9.33223227917437e-09,0,"(11) Mainland Fjords",25.5,28,2,0,0,0,0,8.53713864207786e-09,4,0,0
"89",8783,4.87184751656699e-06,0,"(13) Eastern Queen Charlotte Sound",87.1146338444444,119.7484663,4,0,2,0,0,4.45677266143602e-06,9,0,0
"90",8786,0.035709510271096,0.110957004160888,"(13) Eastern Queen Charlotte Sound",29,29,1,0,0,0,0.0979165439516578,0.0326671080300222,10,1,1
"91",8787,7.80700343319805e-09,0,"(11) Mainland Fjords",27.6666666666667,33,3,0,0,0,0,7.14185724214379e-09,1,0,0
"92",8788,9.52771811349216e-09,0,"(11) Mainland Fjords",25.875,30,4,0,0,0,0,8.71596934626612e-09,5,0,0
"93",8790,7.89627098116286e-09,0,"(11) Mainland Fjords",28,28,1,0,0,0,0,7.22351931509868e-09,1,0,0
"94",8792,0.505149314991459,0.50598602620429,"(11) Mainland Fjords",212.33267346125,303.7648017,4,0,0,1,0.446518931800986,0.462111272846959,10,1,1
"95",8940,9.07129880686646e-09,0,"(13) Eastern Queen Charlotte Sound",25,25,1,0,0,0,0,8.29843635062047e-09,4,0,0
"96",8941,0.0195081188415362,0.0277392510402219,"(13) Eastern Queen Charlotte Sound",25,29,4,0,0,0,0.0244791359879145,0.0178460533572424,10,1,1
"97",8944,4.66676949262218e-07,0,"(13) Eastern Queen Charlotte Sound",41.250126942,62.65454545,3,0,6,0,0,4.26916700927419e-07,7,0,0
"98",8950,0.0367545305799467,0.0223430538500726,"(11) Mainland Fjords",28.4,33,5,0,0,0,0.0197171384616031,0.0336230940142496,10,1,1
"99",9097,8.9174250274066e-09,0,"(13) Eastern Queen Charlotte Sound",27,30,2,0,0,0,0,8.15767241018997e-09,3,0,0
"100",9098,1.07006009428698e-08,0,"(13) Eastern Queen Charlotte Sound",22.5833333333333,27,3,0,0,0,0,9.78892413626364e-09,6,0,0
"101",9099,1.00657621574487e-08,0,"(13) Eastern Queen Charlotte Sound",22.5833333333333,24,3,0,0,0,0,9.2081727614181e-09,5,0,0
"102",9102,9.76958713043824e-07,0,"(13) Eastern Queen Charlotte Sound",43.6664950905093,78.14791667,10,0,9,0,0,8.93723144831428e-07,7,0,0
"103",9108,0.0149576700637932,0.0219580914222072,"(11) Mainland Fjords",124.552736870095,206.7811421,4,0,1,21,0.0193774195698316,0.0136832966944065,10,1,1
"104",9109,9.07129880686646e-09,0,"(11) Mainland Fjords",26.4583333333333,33,4,0,0,0,0,8.29843635062047e-09,4,0,0
"105",9110,7.47239993186025e-09,0,"(11) Mainland Fjords",29,29,1,0,0,0,0,6.83576150903392e-09,1,0,0
"106",9257,1.07006009428698e-08,0,"(13) Eastern Queen Charlotte Sound",25.0833333333333,33,3,0,0,0,0,9.78892413626364e-09,6,0,0
"107",9259,8.36560923719007e-09,0,"(13) Eastern Queen Charlotte Sound",25,30,6,0,0,0,0,7.65287058303453e-09,2,0,0
"108",9260,8.49123026913265e-09,0,"(13) Eastern Queen Charlotte Sound",26.4285714285714,33,7,0,0,0,0,7.76778887203253e-09,2,0,0
"109",9265,0.013561335057808,0.0145281697607104,"(11) Mainland Fjords",403.88491974,448.3930164,0,0,0,15,0.0128207154083671,0.0124059275526756,9,0,1
"110",9266,0.0776581173434066,0.0963436952272695,"(11) Mainland Fjords",53.0598862467619,162.9,5,0,10,0,0.0850206955345269,0.0710417502062076,10,1,1
"111",9267,8.73075985942651e-09,0,"(11) Mainland Fjords",24.5,29,2,0,0,0,0,7.98691086343240e-09,3,0,0
"112",9268,7.89627098116286e-09,0,"(11) Mainland Fjords",28,28,1,0,0,0,0,7.22351931509868e-09,1,0,0
"113",9269,0.0003665653284357,0.00018956627236882,"(11) Mainland Fjords",26.4166666666667,32,6,0,0,0,0.000167287089089383,0.000335334455531923,9,0,0
"114",9415,7.47239993186025e-09,0,"(13) Eastern Queen Charlotte Sound",29,29,1,0,0,0,0,6.83576150903392e-09,1,0,0
"115",9418,8.9174250274066e-09,0,"(13) Eastern Queen Charlotte Sound",27.9166666666667,30,4,0,0,0,0,8.15767241018997e-09,3,0,0
"116",9419,8.9174250274066e-09,0,"(11) Mainland Fjords",27,30,2,0,0,0,0,8.15767241018997e-09,3,0,0
"117",9428,7.89627098116286e-09,0,"(11) Mainland Fjords",28,28,1,0,0,0,0,7.22351931509868e-09,1,0,0
"118",9445,7.89627098116286e-09,0,"(11) Mainland Fjords",28,28,1,0,0,0,0,7.22351931509868e-09,1,0,0
"119",9573,8.24872474950427e-09,0,"(13) Eastern Queen Charlotte Sound",26.75,30,3,0,0,0,0,7.54594449647443e-09,2,0,0
"120",9574,9.06528387925891e-09,0,"(13) Eastern Queen Charlotte Sound",24,25,2,0,0,0,0,8.29293388675422e-09,4,0,0
"121",9575,4.35414074217344e-08,0,"(13) Eastern Queen Charlotte Sound",26.7119444433334,28.13222222,4,0,1,0,0,3.98317380783658e-08,6,0,0
"122",9586,0.000366795146719801,0.00018956627236882,"(11) Mainland Fjords",48.1407848311111,88.4,2,0,6,0,0.000167287089089383,0.000335544693607354,9,0,0
"123",9730,9.89454196578949e-09,0,"(13) Eastern Queen Charlotte Sound",24.375,28,4,0,0,0,0,9.05154029977441e-09,5,0,0
"124",9731,7.89627098116286e-09,0,"(13) Eastern Queen Charlotte Sound",28,28,1,0,0,0,0,7.22351931509868e-09,1,0,0
"125",9732,8.74624981790468e-08,0,"(13) Eastern Queen Charlotte Sound",32.3140918894444,41.0537037,10,0,6,0,0,8.00108109828428e-08,6,0,0
"126",9733,4.29826960091797e-06,0,"(13) Eastern Queen Charlotte Sound",81.6418238457141,138.4,4,0,14,0,0,3.93206281266198e-06,8,0,0
"127",9734,2.23728571644089e-06,0,"(13) Eastern Queen Charlotte Sound",72.1554180076263,102.3,0,0,12,0,0,2.04667198284591e-06,8,0,0
"128",9736,2.4047648605657e-06,0,"(11) Mainland Fjords",61.6986739359788,149.1285714,2,0,9,0,0,2.19988212917293e-06,8,0,0
"129",9737,1.94123833206523e-06,0,"(11) Mainland Fjords",67.3022164386111,91.80689655,0,0,6,0,0,1.77584743739608e-06,8,0,0
"130",9739,3.82335628207694e-06,0,"(11) Mainland Fjords",98.2969487342857,169.8521167,0,0,7,0,0,3.49761146976486e-06,8,0,0
"131",9740,9.14547281692366e-09,0,"(11) Mainland Fjords",23.5,27,2,0,0,0,0,8.36629083479468e-09,4,0,0
"132",9741,0.0197659798863811,0.0554785020804438,"(11) Mainland Fjords",49.3543530544444,85.2,2,0,9,0,0.0489582719758289,0.0180819449879238,10,1,1
"133",9745,9.33223227917437e-09,0,"(11) Mainland Fjords",25.5,28,2,0,0,0,0,8.53713864207786e-09,4,0,0
"134",9889,9.52771811349216e-09,0,"(13) Eastern Queen Charlotte Sound",25.2,29,5,0,0,0,0,8.71596934626612e-09,5,0,0
"135",9890,6.34630772829554e-07,0,"(13) Eastern Queen Charlotte Sound",42.3447454631217,75.89571429,2,0,9,0,0,5.80561084646968e-07,7,0,0
"136",9891,7.35655485043665e-09,0,"(13) Eastern Queen Charlotte Sound",26.25,32,4,0,0,0,0,6.72978627272062e-09,1,0,0
"137",9895,1.90660492768547e-07,0,"(11) Mainland Fjords",33.57258014,43.05202958,2,0,4,0,0,1.74416475248296e-07,6,0,0
"138",9904,7.25665120168056e-09,0,"(11) Mainland Fjords",28,34,2,0,0,0,0,6.63839428045491e-09,1,0,0
"139",9905,3.38145072431498e-06,0,"(11) Mainland Fjords",86.2046863219048,132.25,0,0,16,0,0,3.09335567110269e-06,8,0,0
"140",9906,4.76517604488729e-06,0,"(11) Mainland Fjords",97.425888892,142.775,0,0,10,0,0,4.35918945565617e-06,9,0,0
"141",9917,8.69584646078933e-09,0,"(11) Mainland Fjords",26,26,1,0,0,0,0,7.95497203939595e-09,3,0,0
"142",9918,5.61951947591182e-09,0,"(11) Mainland Fjords",33,33,1,0,0,0,0,5.14074397556253e-09,1,0,0
"143",10046,9.14547281692366e-09,0,"(13) Eastern Queen Charlotte Sound",25.5,30,4,0,0,0,0,8.36629083479468e-09,4,0,0
"144",10062,8.21133825361883e-09,0,"(11) Mainland Fjords",26,30,2,0,0,0,0,7.51174327974864e-09,2,0,0
"145",10063,8.51150826945724e-09,0,"(11) Mainland Fjords",25,30,2,0,0,0,0,7.78633921400606e-09,2,0,0
"146",10074,9.43036749307398e-09,0,"(11) Mainland Fjords",24,24,1,0,0,0,0,8.62691286775808e-09,4,0,0
"147",10075,1.00657621574487e-08,0,"(11) Mainland Fjords",24.75,30,4,0,0,0,0,9.2081727614181e-09,5,0,0
"148",10203,8.43059159774192e-09,0,"(13) Eastern Queen Charlotte Sound",25.75,30,4,0,0,0,0,7.71231653387724e-09,2,0,0
"149",10210,8.9174250274066e-09,0,"(11) Mainland Fjords",27,30,2,0,0,0,0,8.15767241018997e-09,3,0,0
"150",10211,0.000405579428262025,0.000758265089475278,"(11) Mainland Fjords",25,28,1,0,0,0,0.000669148356357532,0.00037102460653218,9,0,0
"151",10221,8.51150826945724e-09,0,"(11) Mainland Fjords",25,30,2,0,0,0,0,7.78633921400606e-09,3,0,0
"152",10222,7.03264925955813e-09,0,"(11) Mainland Fjords",30,30,1,0,0,0,0,6.43347700248901e-09,1,0,0
"153",10367,0.343681765933652,0.387738508513615,"(11) Mainland Fjords",159.958259977888,244.5752333,0,0,8,31,0.342168707579495,0.314400541773626,10,1,1
"154",10368,3.74017485627004e-07,0,"(11) Mainland Fjords",36.2619588804762,52.23947368,4,0,7,0,0,3.42151698954666e-07,7,0,0
"155",10369,0.791533839588248,1.13317933500255,"(11) Mainland Fjords",94.1421803452356,182.335316,3,0,6,51,1,0.724096221173239,10,1,1
"156",10382,7.87214695469504e-09,0,"(11) Mainland Fjords",26.1666666666667,30,4,0,0,0,0,7.20145062323591e-09,1,0,0
"157",10389,4.37755036926969e-08,0,"(11) Mainland Fjords",22.675,24,1,0,1,0,0,4.00458896619328e-08,6,0,0
"158",10520,1.1029846847837e-06,0,"(13) Eastern Queen Charlotte Sound",52.9354195010476,65.7,0,0,7,0,0,1.0090118733007e-06,7,0,0
"159",10521,2.21132894290968e-06,0,"(13) Eastern Queen Charlotte Sound",82.214285715,91.6,0,0,2,0,0,2.02292669150425e-06,8,0,0
"160",10523,0.00404445704274707,0.00407508185379861,"(11) Mainland Fjords",356.139026168889,407.6385613,0,0,0,45,0.00359614910713973,0.00369987474303572,9,0,0
"161",10524,5.7119721411645e-06,0,"(11) Mainland Fjords",332.33317528416,515.7025758,0,0,9,40,0,5.22531979809678e-06,9,0,0
"162",10525,0.114480104801995,0.121016951947153,"(11) Mainland Fjords",173.042001872398,319.4306807,0,0,16,63,0.106794174769239,0.104726553863777,10,1,1
"163",10527,3.47090316908455e-06,0,"(11) Mainland Fjords",96.143758046111,131.4230769,0,0,7,0,0,3.17518688790328e-06,8,0,0
"164",10528,1.94575071664934e-06,0,"(11) Mainland Fjords",60.3833333333333,77.325,2,0,1,0,0,1.77997537288338e-06,8,0,0
"165",10674,5.11767272984797e-09,0,"(13) Eastern Queen Charlotte Sound",34,34,1,0,0,0,0,4.68165389721295e-09,1,0,0
"166",10675,9.39146380308830e-09,0,"(13) Eastern Queen Charlotte Sound",26.1190476190476,35,7,0,0,0,0,8.59132371982856e-09,4,0,0
"167",10676,8.64168694693806e-09,0,"(13) Eastern Queen Charlotte Sound",23.8333333333333,27,4,0,0,0,0,7.90542684327309e-09,3,0,0
"168",10680,1.07006009428698e-08,0,"(11) Mainland Fjords",20,20,1,0,0,0,0,9.78892413626364e-09,6,0,0
"169",10682,4.321415988837e-06,0,"(11) Mainland Fjords",86.0085260444445,152.2994565,2,0,18,0,0,3.95323715946527e-06,9,0,0
"170",10683,2.49382003807082e-06,0,"(11) Mainland Fjords",84.7040897190719,120.8548387,0,0,17,0,0,2.28134992534562e-06,8,0,0
"171",10684,2.49749223092997e-06,0,"(11) Mainland Fjords",51.0058895466667,85.6,0,0,8,0,0,2.28470925231276e-06,8,0,0
"172",10685,9.33223227917437e-09,0,"(11) Mainland Fjords",25.5,28,2,0,0,0,0,8.53713864207786e-09,4,0,0
"173",10845,7.03264925955813e-09,0,"(11) Mainland Fjords",30,30,1,0,0,0,0,6.43347700248901e-09,1,0,0
"174",10846,7.83804271692349e-07,0,"(11) Mainland Fjords",53.068565408492,86.4,0,0,7,0,0,7.17025202064778e-07,7,0,0
"175",10863,8.69584646078933e-09,0,"(11) Mainland Fjords",29.5,33,2,0,0,0,0,7.95497203939595e-09,3,0,0
"176",10990,9.77293856006582e-09,0,"(13) Eastern Queen Charlotte Sound",24.75,29,4,0,0,0,0,8.9402973406457e-09,5,0,0
"177",10994,7.89627098116286e-09,0,"(11) Mainland Fjords",28,28,1,0,0,0,0,7.22351931509868e-09,1,0,0
"178",11016,8.51150826945724e-09,0,"(11) Mainland Fjords",25,30,2,0,0,0,0,7.78633921400606e-09,3,0,0
"179",11021,1.13060273241381e-08,0,"(11) Mainland Fjords",18,18,1,0,0,0,0,1.03427690042266e-08,6,0,0
"180",11152,6.55779275424973e-07,0,"(11) Mainland Fjords",49.2896535580952,62.70918367,0,0,9,0,0,5.99907763268796e-07,7,0,0
"181",11171,2.94250192692013e-06,0,"(11) Mainland Fjords",81.9185185194444,112.5,0,0,4,0,0,2.69180472080157e-06,8,0,0
"182",11174,7.55682888039339e-09,0,"(11) Mainland Fjords",27,34,2,0,0,0,0,6.91299722472016e-09,1,0,0
"183",11302,1.00103368903857e-06,0,"(13) Eastern Queen Charlotte Sound",43.9522264961111,62.71969697,2,0,4,0,0,9.15746965255457e-07,7,0,0
"184",11304,8.13851744898415e-09,0,"(13) Eastern Queen Charlotte Sound",26,31,2,0,0,0,0,7.4451267097152e-09,2,0,0
"185",11310,8.09502067831342e-09,0,"(11) Mainland Fjords",25.0833333333333,28,6,0,0,0,0,7.4053358053967e-09,2,0,0
"186",11311,8.3041292975943e-09,0,"(11) Mainland Fjords",27,27,1,0,0,0,0,7.59662865159365e-09,2,0,0
"187",11314,8.21133825361883e-09,0,"(11) Mainland Fjords",26,30,2,0,0,0,0,7.51174327974864e-09,2,0,0
"188",11330,9.87796279437476e-09,0,"(11) Mainland Fjords",24.5,28,4,0,0,0,0,9.03637365146303e-09,5,0,0
"189",11331,6.30093382957848e-06,0,"(11) Mainland Fjords",99.586532,151.1727273,2,0,3,0,0,5.7641027428894e-06,9,0,0
"190",11332,3.93293277728898e-06,0,"(11) Mainland Fjords",103.9,114.7,0,0,2,0,0,3.59785219497974e-06,8,0,0
"191",11460,2.87357871399984e-07,0,"(13) Eastern Queen Charlotte Sound",31.95350530125,45.3,6,0,8,0,0,2.62875367291123e-07,6,0,0
"192",11461,6.81142651067308e-07,0,"(13) Eastern Queen Charlotte Sound",46.1334881249206,63.76385542,0,0,7,0,0,6.23110213423505e-07,7,0,0
"193",11463,8.69584646078933e-09,0,"(13) Eastern Queen Charlotte Sound",26,26,1,0,0,0,0,7.95497203939595e-09,3,0,0
"194",11470,0.0194918746682051,0.0554785020804438,"(11) Mainland Fjords",26,30,2,0,0,0,0.0489582719758289,0.0178311931656286,10,1,1
"195",11471,7.89627098116286e-09,0,"(11) Mainland Fjords",28,28,1,0,0,0,0,7.22351931509868e-09,1,0,0
"196",11611,1.13060273241381e-08,0,"(10 Aristazabal Banks Upwelling",18,18,1,0,0,0,0,1.03427690042266e-08,6,0,0
"197",11612,1.04081567726603e-08,0,"(10 Aristazabal Banks Upwelling",21,21,1,0,0,0,0,9.52139581597982e-09,5,0,0
"198",11616,6.16344356204544e-07,0,"(13) Eastern Queen Charlotte Sound",54.2154072413333,62.35284553,0,0,10,0,0,5.63832646120755e-07,7,0,0
"199",11617,9.34080384188535e-09,0,"(13) Eastern Queen Charlotte Sound",23,26,2,0,0,0,0,8.54497991917574e-09,4,0,0
"200",11619,9.43036749307398e-09,0,"(13) Eastern Queen Charlotte Sound",24,24,1,0,0,0,0,8.62691286775808e-09,5,0,0
"201",11629,4.34475913329162e-08,0,"(11) Mainland Fjords",31.26666667,31.26666667,0,0,1,0,0,3.97459149941199e-08,6,0,0
"202",11630,8.51150826945724e-09,0,"(11) Mainland Fjords",25,30,2,0,0,0,0,7.78633921400606e-09,3,0,0
"203",11648,8.04874464934208e-09,0,"(11) Mainland Fjords",26.5,30,2,0,0,0,0,7.36300243184632e-09,2,0,0
"204",11771,5.18326164702571e-07,0,"(10 Aristazabal Banks Upwelling",42.7961838334127,67.31666667,1,0,7,0,0,4.74165472687293e-07,7,0,0
"205",11774,7.72493947822998e-09,0,"(13) Eastern Queen Charlotte Sound",26.5833333333333,30,4,0,0,0,0,7.0667850257521e-09,1,0,0
"206",11779,1.07006009428698e-08,0,"(13) Eastern Queen Charlotte Sound",20,20,1,0,0,0,0,9.78892413626364e-09,6,0,0
"207",11788,9.52771811349216e-09,0,"(11) Mainland Fjords",24.75,27,2,0,0,0,0,8.71596934626612e-09,5,0,0
"208",11789,2.18573870615336e-05,0,"(11) Mainland Fjords",277.041518634461,437.8952156,2,0,0,10,0,1.99951670849731e-05,9,0,0
"209",11806,9.07129880686646e-09,0,"(11) Mainland Fjords",25,25,1,0,0,0,0,8.29843635062047e-09,4,0,0
"210",11926,9.77293856006582e-09,0,"(10 Aristazabal Banks Upwelling",25.6666666666667,29,3,0,0,0,0,8.9402973406457e-09,5,0,0
"211",11929,7.48188761800405e-07,0,"(10 Aristazabal Banks Upwelling",54.142610222402,71.448,0,0,24,0,0,6.84444085708046e-07,7,0,0
"212",11932,8.2844173591735e-09,0,"(10 Aristazabal Banks Upwelling",25.5,31,2,0,0,0,0,7.57859614381113e-09,2,0,0
"213",11937,1.00046773527839e-05,0,"(13) Eastern Queen Charlotte Sound",68.8284181033333,173.954386,2,0,4,0,0,9.15229229994354e-06,9,0,0
"214",11938,6.73799898648448e-06,0,"(13) Eastern Queen Charlotte Sound",89.027252796687,172.6322368,4,0,23,0,0,6.16393053633757e-06,9,0,0
"215",11939,9.89454196578949e-09,0,"(13) Eastern Queen Charlotte Sound",25.9166666666667,30,3,0,0,0,0,9.05154029977441e-09,5,0,0
"216",11943,9.07129880686646e-09,0,"(11) Mainland Fjords",25,25,1,0,0,0,0,8.29843635062047e-09,4,0,0
"217",11947,8.9174250274066e-09,0,"(11) Mainland Fjords",27,30,2,0,0,0,0,8.15767241018997e-09,3,0,0
"218",12088,9.04064044609585e-09,0,"(10 Aristazabal Banks Upwelling",26.6666666666667,34,7,0,0,0,0,8.27039004094797e-09,4,0,0
"219",12093,9.57892124097191e-09,0,"(13) Eastern Queen Charlotte Sound",24.5,27,4,0,0,0,0,8.76281003615958e-09,5,0,0
"220",12095,9.6238621622254e-06,0,"(13) Eastern Queen Charlotte Sound",183.790539125,191.115625,0,0,4,0,0,8.80392205137377e-06,9,0,0
"221",12096,1.09904958688165e-08,0,"(13) Eastern Queen Charlotte Sound",20.5,22,5,0,0,0,0,1.00541204044667e-08,6,0,0
"222",12124,9.43036749307398e-09,0,"(11) Mainland Fjords",24,24,1,0,0,0,0,8.62691286775808e-09,5,0,0
"223",12242,1.59469591538858e-06,0,"(10 Aristazabal Banks Upwelling",39.0703049057222,75.59298246,2,0,20,0,0,1.45882996847481e-06,8,0,0
"224",12251,9.07129880686646e-09,0,"(13) Eastern Queen Charlotte Sound",25,25,1,0,0,0,0,8.29843635062047e-09,4,0,0
"225",12253,8.04874464934208e-09,0,"(13) Eastern Queen Charlotte Sound",26.5,30,2,0,0,0,0,7.36300243184632e-09,2,0,0
"226",12254,8.2844173591735e-09,0,"(13) Eastern Queen Charlotte Sound",25.5,31,2,0,0,0,0,7.57859614381113e-09,2,0,0
"227",12258,1.47966297648516e-06,0,"(11) Mainland Fjords",54.5471544733333,69.57073171,2,0,1,0,0,1.35359768123142e-06,7,0,0
"228",12284,8.69584646078933e-09,0,"(11) Mainland Fjords",26,26,1,0,0,0,0,7.95497203939595e-09,3,0,0
"229",12400,4.3419650194798e-08,0,"(10 Aristazabal Banks Upwelling",27.118846155,31.48769231,2,0,1,0,0,3.97203544033847e-08,6,0,0
"230",12409,1.00989029917468e-08,0,"(11) Mainland Fjords",22.75,25,3,0,0,0,0,9.23849004121286e-09,5,0,0
"231",12410,7.89627098116286e-09,0,"(13) Eastern Queen Charlotte Sound",28,28,1,0,0,0,0,7.22351931509868e-09,2,0,0
"232",12411,4.22381377683981e-07,0,"(13) Eastern Queen Charlotte Sound",34.2013369201136,55.66969697,11,0,36,0,0,3.86395052464234e-07,7,0,0
"233",12412,1.0228779974579e-08,0,"(11) Mainland Fjords",21.75,23,2,0,0,0,0,9.35730167980944e-09,5,0,0
"234",12415,9.71517471029034e-09,0,"(11) Mainland Fjords",24,26,2,0,0,0,0,8.88745489317106e-09,5,0,0
"235",12416,8.51150826945724e-09,0,"(11) Mainland Fjords",25,30,2,0,0,0,0,7.78633921400606e-09,3,0,0
"236",12417,0.426378226684093,0.0710102403154543,"(11) Mainland Fjords",421.529191967989,457.5016208,0,0,0,94,0.0626646093182545,0.390051375305828,10,1,1
"237",12419,2.64406709891777e-06,0,"(11) Mainland Fjords",60.198284972203,100.3556757,1,0,29,0,0,2.41879613871062e-06,8,0,0
"238",12565,7.89627098116286e-09,0,"(11) Mainland Fjords",28,28,1,0,0,0,0,7.22351931509868e-09,2,0,0
"239",12566,1.10324207461531e-08,0,"(11) Mainland Fjords",25.5,29,3,0,0,0,0,1.00924733386488e-08,6,0,0
"240",12570,7.50682776597591e-09,0,"(11) Mainland Fjords",27.5,33,2,0,0,0,0,6.86725613799292e-09,1,0,0
"241",12574,8.2844173591735e-09,0,"(11) Mainland Fjords",25.5,31,2,0,0,0,0,7.57859614381113e-09,2,0,0
"242",12734,5.17121244970716e-07,0,"(11) Mainland Fjords",48.2432223535,72.62124126,0,0,10,0,0,4.73063210495815e-07,7,0,0
"243",12739,0.149088532709819,0.0622284740711959,"(11) Mainland Fjords",343.857035721682,426.1415882,0,0,0,5,0.0549149390118872,0.136386390266777,10,1,1
"244",12741,1.80319817563149e-05,0,"(11) Mainland Fjords",198.284157257527,374.4818179,4,0,0,14,0,1.64956811660819e-05,9,0,0
"245",12742,8.51150826945724e-09,0,"(11) Mainland Fjords",25,30,2,0,0,0,0,7.78633921400606e-09,3,0,0
"246",12743,9.33223227917437e-09,0,"(11) Mainland Fjords",27.5833333333333,31,3,0,0,0,0,8.53713864207786e-09,4,0,0
"247",12759,7.03264925955813e-09,0,"(11) Mainland Fjords",30,30,1,0,0,0,0,6.43347700248901e-09,1,0,0
"248",12895,2.18418115324721e-05,0,"(11) Mainland Fjords",258.7205840725,269.7604305,0,0,0,11,0,1.99809185700365e-05,9,0,0
"249",12897,0.00218231621401474,0.00257816967778305,"(11) Mainland Fjords",72.6317502587528,207.8217523,2,0,23,9,0.0022751647494324,0.0019963858080852,9,0,0
"250",13034,7.47239993186025e-09,0,"(10 Aristazabal Banks Upwelling",29,29,1,0,0,0,0,6.83576150903392e-09,1,0,0
"251",13035,1.13060273241381e-08,0,"(10 Aristazabal Banks Upwelling",18,18,1,0,0,0,0,1.03427690042266e-08,6,0,0
"252",13050,1.09313350414361,0.865743992333366,"(11) Mainland Fjords",296.268290493874,551.5662586,2,0,0,12,0.763995570331696,1,10,1,1
"253",13054,0.038730556049914,0.0393913653579056,"(11) Mainland Fjords",172.731318815873,207.1087045,0,0,0,30,0.0347618105459159,0.0354307647721918,10,1,1
"254",13055,9.89170049469807e-06,0,"(11) Mainland Fjords",177.65597825,186.8369565,0,0,2,0,0,9.04894091819783e-06,9,0,0
"255",13193,8.3041292975943e-09,0,"(11) Mainland Fjords",27,27,1,0,0,0,0,7.59662865159365e-09,2,0,0
"256",13194,9.12877966056722e-09,0,"(11) Mainland Fjords",26.25,29,2,0,0,0,0,8.3510199129053e-09,4,0,0
"257",13206,8.9174250274066e-09,0,"(11) Mainland Fjords",27,30,2,0,0,0,0,8.15767241018997e-09,4,0,0
"258",13207,0.127990627178536,0.164235791379953,"(11) Mainland Fjords",78.4871556072294,114.6,0,0,11,0,0.144933627279378,0.117085997907279,10,1,1
"259",13212,0.101167760568168,0.149622066227534,"(11) Mainland Fjords",130.275583018214,157.8731092,0,0,0,14,0.132037411560455,0.0925484034518047,10,1,1
"260",13213,4.3198241283522e-06,0,"(11) Mainland Fjords",64.7565463894872,120.3085366,4,0,26,0,0,3.95178092335251e-06,9,0,0
"261",13361,9.52771811349216e-09,0,"(11) Mainland Fjords",24.75,27,4,0,0,0,0,8.71596934626612e-09,5,0,0
"262",14312,2.96393651481955e-07,0,"(11) Mainland Fjords",29.5,36,2,0,0,0,0,2.71141311064432e-07,6,0,0
"263",14314,7.25665120168056e-09,0,"(11) Mainland Fjords",28,34,2,0,0,0,0,6.63839428045491e-09,1,0,0
