Dive_Bin,X4km2grid,binArea,AvgDepth,Aphrocallistidae,Boot.sponge,Chrysopathes,Farrea,Mycale,Paragorgia,Primnoa,Swiftia,Stylaster,Greenstriped rockfish,Quillback rockfish,Redbanded rockfish,Redstriped rockfish,Rosethorn rockfish,Sebastolobus alascanus,Sharpchin rockfish,Shortraker rockfish,Tiger rockfish,Yelloweye rockfish,X1km2grid,UpperOceanSR
B061_1,7688,120.6038609,109.2313342,16,11,0,0,0,0,0,0,0,0,0,0,0,0,0,2,0,0,0,28384,(11) Mainland Fjords
B061_10,7688,115.820659,154.6327857,0,1,0,0,0,0,0,0,0,0,0,0,0,0,0,0,0,0,0,28384,(11) Mainland Fjords
B061_11,7688,120.8545456,162.514885,0,7,0,1,0,0,0,0,0,0,0,0,0,0,0,0,0,0,0,28384,(11) Mainland Fjords
B061_12,7688,120.540495,165.4081336,0,0,0,0,0,0,0,0,0,0,0,0,0,0,0,0,0,0,0,28384,(11) Mainland Fjords
B061_13,7688,121.2754422,150.6291733,0,0,0,0,0,0,0,0,0,0,0,0,0,0,0,0,0,0,0,28384,(11) Mainland Fjords
B061_14,7688,120.5964665,164.0556812,0,1,0,0,0,0,0,0,0,0,0,0,0,0,0,0,0,0,0,28384,(11) Mainland Fjords
B061_15,7688,121.395152,164.89923,0,0,0,0,0,0,0,0,0,0,0,0,0,0,0,0,0,0,0,28384,(11) Mainland Fjords
B061_16,7688,121.5990872,167.2866533,0,0,0,0,0,0,0,0,0,0,0,0,0,0,0,0,0,0,0,28384,(11) Mainland Fjords
B061_17,7688,121.2839257,167.327653,0,1,0,0,0,0,0,0,0,0,0,0,0,0,0,0,0,0,0,28384,(11) Mainland Fjords
B061_18,7688,120.65205,164.6914037,0,0,0,0,0,0,0,0,0,0,0,0,0,0,0,0,0,0,0,28384,(11) Mainland Fjords
B061_19,7688,120.8877272,150.7636264,0,0,0,0,0,0,0,0,0,0,0,0,0,0,0,0,0,0,0,28384,(11) Mainland Fjords
B061_2,7688,120.7915326,114.1486899,28,14,0,0,0,0,0,0,0,0,1,0,0,0,0,0,0,0,0,28384,(11) Mainland Fjords
B061_20,7688,121.9854324,158.1478144,21,0,0,0,0,0,0,0,0,0,0,0,0,0,0,0,0,0,0,28384,(11) Mainland Fjords
B061_21,7688,120.5587392,152.1201863,0,0,0,0,0,0,0,0,0,0,0,0,0,0,0,0,0,0,0,28384,(11) Mainland Fjords
B061_23,7688,121.129503,119.3370528,0,0,0,0,0,0,0,0,0,0,0,0,0,0,0,0,0,0,0,28384,(11) Mainland Fjords
B061_25,7688,120.8747026,113.2427194,1,5,0,0,0,0,0,0,0,0,0,0,0,0,0,1,0,0,0,28384,(11) Mainland Fjords
B061_26,7688,121.9042608,117.6261456,9,12,0,0,0,0,0,0,0,0,0,0,0,0,0,0,0,0,0,28384,(11) Mainland Fjords
B061_27,7688,120.2968952,115.0199199,36,7,0,0,0,0,0,0,0,0,1,0,0,0,0,0,0,0,0,28384,(11) Mainland Fjords
B061_28,7688,121.1400514,114.2614302,14,7,0,0,0,0,0,0,0,0,0,0,1,0,0,0,0,0,0,28384,(11) Mainland Fjords
B061_29,7688,118.5239494,115.0890852,16,9,0,0,0,0,0,0,0,0,0,0,0,0,0,0,0,0,0,28384,(11) Mainland Fjords
B061_3,7688,120.9545875,121.6797474,35,3,0,0,0,0,0,0,0,0,1,0,0,0,0,0,0,0,0,28384,(11) Mainland Fjords
B061_30,7688,121.1012261,116.4869667,10,6,0,0,0,0,0,0,0,0,1,0,2,0,0,0,0,0,0,28384,(11) Mainland Fjords
B061_31,7688,121.1037153,120.8642179,15,0,0,0,0,0,0,0,0,0,0,0,1,0,0,0,0,0,0,28384,(11) Mainland Fjords
B061_32,7688,13.37517773,101.1930009,0,0,0,0,0,0,0,0,0,0,0,0,0,0,0,0,0,0,0,28384,(11) Mainland Fjords
B061_4,7688,120.7116942,121.3950943,39,24,0,0,0,0,0,0,0,0,0,0,0,0,0,0,0,0,0,28384,(11) Mainland Fjords
B061_5,7688,120.3446493,124.6064482,93,27,0,0,0,0,0,0,0,0,0,0,1,0,0,2,0,0,0,28384,(11) Mainland Fjords
B061_6,7688,121.76765,136.5427533,19,8,0,0,0,0,0,0,0,0,0,0,0,0,0,0,0,0,0,28384,(11) Mainland Fjords
B061_7,7688,121.03117,134.7896566,21,11,0,1,0,0,0,0,0,0,0,0,0,0,0,0,0,0,0,28384,(11) Mainland Fjords
B061_8,7688,119.9402215,144.3353958,3,2,0,0,0,0,0,0,0,0,0,0,0,0,0,0,0,0,0,28384,(11) Mainland Fjords
B061_9,7688,121.5933156,151.6495062,0,0,0,0,0,0,0,0,0,0,0,0,0,0,0,0,0,0,0,28384,(11) Mainland Fjords
B054_10,8792,118.2111536,296.6075,0,0,0,0,0,0,0,0,0,0,0,0,0,0,0,0,0,0,0,34418,(11) Mainland Fjords
B054_11,8792,120.5091351,298.1244694,0,0,0,0,0,0,0,0,0,0,0,0,0,0,0,0,0,0,0,34418,(11) Mainland Fjords
B054_12,8792,119.0878411,300.6711724,0,0,0,0,0,0,0,0,0,0,0,0,0,0,0,0,0,0,0,34418,(11) Mainland Fjords
B054_13,8792,121.9880756,303.2110247,0,0,0,0,0,0,0,0,0,0,0,0,0,0,0,0,0,0,0,34418,(11) Mainland Fjords
B054_14,8792,121.3852716,302.6456471,0,0,0,0,0,0,0,0,0,0,0,0,0,0,0,0,0,0,0,34418,(11) Mainland Fjords
B054_15,8792,121.2492376,301.7577966,0,0,0,0,0,0,0,0,0,0,0,0,0,0,0,0,0,0,0,34418,(11) Mainland Fjords
B054_16,8792,121.1131126,300.754241,0,0,0,0,0,0,0,0,0,0,0,0,0,0,0,0,0,0,0,34418,(11) Mainland Fjords
B054_17,8792,121.5430291,301.5418646,0,0,0,0,0,0,0,0,0,0,0,0,0,0,0,0,0,0,0,34418,(11) Mainland Fjords
B054_18,8792,120.902078,303.7648017,0,0,0,0,0,0,0,0,0,0,0,0,0,0,0,0,0,0,0,34418,(11) Mainland Fjords
B054_19,8792,121.8613679,299.40235,0,0,2,0,0,0,0,0,0,0,0,0,0,0,0,0,1,0,0,34418,(11) Mainland Fjords
B054_20,8792,121.5176292,297.2077338,0,0,0,0,0,0,0,0,0,0,0,0,0,0,0,0,0,0,0,34418,(11) Mainland Fjords
B054_21,8792,121.2174165,293.3485596,0,0,0,0,0,2,0,0,0,0,0,0,0,0,0,0,0,0,0,34418,(11) Mainland Fjords
B054_22,8792,120.4458469,280.1701556,1,0,0,0,0,0,0,0,0,0,0,0,0,0,0,0,0,0,0,34418,(11) Mainland Fjords
B054_23,8792,120.2852235,269.6854012,0,0,0,0,0,3,0,0,0,0,0,0,0,0,0,0,0,0,0,34418,(11) Mainland Fjords
B054_24,8792,118.9885225,263.8414825,0,0,0,0,0,0,0,0,0,0,0,0,0,0,0,0,0,0,0,34418,(11) Mainland Fjords
B054_25,8792,119.455275,264.2271364,0,0,0,0,0,0,0,0,0,0,0,0,0,0,0,0,0,0,0,34418,(11) Mainland Fjords
B054_26,8792,118.0375899,266.3022188,0,0,0,0,0,0,0,0,0,0,0,0,0,0,0,0,0,0,0,34418,(11) Mainland Fjords
B054_27,8792,121.0565022,268.3301346,0,0,0,0,0,0,0,0,0,0,0,0,0,0,0,0,0,0,0,34418,(11) Mainland Fjords
B054_28,8792,120.7351499,271.7819412,0,0,0,0,0,0,0,0,0,0,0,0,0,0,0,0,0,0,0,34418,(11) Mainland Fjords
B054_29,8792,121.2280286,273.52475,0,0,0,0,0,0,0,0,0,0,0,0,0,0,0,0,0,0,0,34418,(11) Mainland Fjords
B054_3,8792,119.656822,290.2478186,0,0,0,0,0,0,0,0,0,0,0,0,0,0,0,0,0,0,0,34418,(11) Mainland Fjords
B054_30,8792,120.8671154,275.6457818,0,0,0,0,0,0,0,0,0,0,0,0,0,0,0,0,0,0,0,34418,(11) Mainland Fjords
B054_31,8792,120.622189,274.8580935,0,0,0,0,0,0,0,0,0,0,0,0,0,0,0,0,0,0,0,34418,(11) Mainland Fjords
B054_32,8792,120.4179976,268.9103036,0,0,0,0,0,0,0,0,0,0,0,0,0,0,0,0,0,0,0,34418,(11) Mainland Fjords
B054_33,8792,115.8995339,262.7735556,1,0,0,0,0,0,0,0,0,0,0,0,0,0,0,1,0,0,0,34418,(11) Mainland Fjords
B054_34,8792,120.4897753,260.2483409,0,2,0,0,0,0,0,0,0,0,0,0,0,0,0,0,0,0,0,34418,(11) Mainland Fjords
B054_35,8792,121.6587958,254.0040882,1,0,0,0,0,0,0,0,0,0,0,0,0,0,0,0,0,0,0,34418,(11) Mainland Fjords
B054_36,8792,120.617621,248.7385775,0,0,0,0,0,0,1,0,0,0,0,0,0,0,0,1,0,0,0,34418,(11) Mainland Fjords
B054_37,8792,121.1367072,248.1464085,0,1,0,0,0,0,0,0,0,0,0,0,0,0,0,0,0,0,0,34418,(11) Mainland Fjords
B054_38,8792,121.7804271,249.8165667,0,0,0,0,0,0,0,0,0,0,0,0,0,0,0,0,0,0,0,34418,(11) Mainland Fjords
B054_39,8792,121.0395439,253.2205,0,2,0,0,0,0,0,0,0,0,0,0,0,0,0,0,0,0,0,34418,(11) Mainland Fjords
B054_4,8792,119.9832439,290.9752632,0,0,0,0,0,0,0,0,0,0,0,0,0,0,0,0,0,0,0,34418,(11) Mainland Fjords
B054_40,8792,119.4133759,266.7688806,0,0,0,0,0,0,0,0,0,0,0,0,0,0,0,0,0,0,0,34418,(11) Mainland Fjords
B054_41,8792,120.5565059,280.9867576,0,0,0,0,1,0,0,0,0,0,0,0,0,0,0,0,0,0,0,34418,(11) Mainland Fjords
B054_42,8792,121.2281607,284.6746218,0,0,0,0,0,0,0,0,0,0,0,0,0,0,0,0,0,0,0,34418,(11) Mainland Fjords
B054_43,8792,118.2205237,282.1697286,0,0,0,0,0,0,0,0,0,0,0,0,0,0,0,0,0,0,0,34418,(11) Mainland Fjords
B054_44,8792,120.3770569,281.0337778,0,0,0,0,0,0,0,0,0,0,0,0,0,0,0,0,0,0,0,34418,(11) Mainland Fjords
B054_45,8792,119.0871074,278.0918108,1,0,0,0,0,0,0,0,0,0,0,0,0,0,0,0,0,0,0,34418,(11) Mainland Fjords
B054_46,8792,118.6563666,274.3123438,0,0,0,0,0,0,0,0,0,0,0,0,0,0,0,0,0,0,0,34418,(11) Mainland Fjords
B054_47,8792,121.2061726,272.384,0,0,0,0,0,0,0,0,0,0,0,0,0,0,0,0,0,0,0,34418,(11) Mainland Fjords
B054_48,8792,120.7783786,269.7168929,0,0,0,0,0,0,0,0,0,0,0,0,0,0,0,0,0,0,0,34418,(11) Mainland Fjords
B054_49,8792,121.7828783,266.9825882,0,0,0,0,0,0,0,0,0,0,0,0,0,0,0,0,0,0,0,34418,(11) Mainland Fjords
B054_5,8792,118.5148267,294.4375323,0,0,0,0,0,0,0,0,0,0,0,0,0,0,0,0,0,0,0,34418,(11) Mainland Fjords
B054_50,8792,119.9819668,265.0851389,0,0,0,0,0,0,0,0,0,0,0,0,0,0,0,0,0,0,0,34418,(11) Mainland Fjords
B054_51,8792,119.7557071,262.7917083,0,0,0,0,0,1,0,0,0,0,0,0,0,0,0,0,0,0,0,34418,(11) Mainland Fjords
B054_52,8792,119.7502656,263.6213937,0,0,0,0,0,0,0,0,0,0,0,0,0,0,0,0,0,0,0,34418,(11) Mainland Fjords
B054_53,8792,118.6318995,264.1438261,0,0,0,0,0,0,0,0,0,0,0,0,0,0,0,0,0,0,0,34418,(11) Mainland Fjords
B054_54,8792,118.7523491,259.9785649,0,2,0,0,0,0,0,0,0,0,0,0,0,0,0,0,0,0,0,34418,(11) Mainland Fjords
B054_55,8792,120.667485,256.4968015,0,0,0,0,0,0,0,0,0,0,0,0,0,0,0,0,0,0,0,34418,(11) Mainland Fjords
B054_56,8792,121.3181128,256.4360922,0,0,0,0,0,0,0,0,0,0,0,0,0,0,0,0,0,0,0,34418,(11) Mainland Fjords
B054_57,8792,120.9137785,256.3145775,0,0,0,0,0,0,0,0,0,0,0,0,0,0,0,0,0,0,0,34418,(11) Mainland Fjords
B054_58,8792,121.4835863,255.8507955,0,0,0,0,0,0,0,0,0,0,0,0,0,0,0,0,0,0,0,34418,(11) Mainland Fjords
B054_59,8792,120.1101502,254.1467763,0,1,0,0,0,0,0,0,0,0,0,0,0,0,0,0,0,0,0,34418,(11) Mainland Fjords
B054_6,8792,121.7328031,294.36225,0,0,0,0,0,0,0,0,0,0,0,0,0,0,0,0,0,0,0,34418,(11) Mainland Fjords
B054_60,8792,120.467006,253.1115678,0,1,0,0,0,0,0,0,0,0,0,0,0,0,0,0,0,0,0,34418,(11) Mainland Fjords
B054_61,8792,118.6838476,247.7571,0,0,0,0,0,0,0,0,0,0,0,0,0,0,0,0,0,0,0,34418,(11) Mainland Fjords
B054_62,8792,118.8507288,239.4561735,0,0,0,0,0,0,0,0,0,0,0,0,0,0,0,0,0,0,0,34418,(11) Mainland Fjords
B054_63,8792,120.6210654,237.7374762,0,1,0,0,0,0,0,0,0,0,0,0,0,0,0,0,0,0,0,34418,(11) Mainland Fjords
B054_64,8792,120.4850766,234.8332037,0,0,0,0,0,0,0,0,0,0,0,0,0,0,0,0,0,0,0,34418,(11) Mainland Fjords
B054_65,8792,118.9662552,237.4842857,1,1,0,0,0,0,0,0,0,0,0,0,0,0,0,0,0,0,0,34418,(11) Mainland Fjords
B054_66,8792,118.2555308,237.9049333,0,1,0,0,0,1,0,0,0,0,0,0,0,0,0,0,0,0,0,34418,(11) Mainland Fjords
B054_67,8792,121.5194215,240.7061691,1,1,0,0,0,0,0,0,0,0,0,0,0,0,0,0,0,0,0,34418,(11) Mainland Fjords
B054_68,8792,120.2831182,251.285,0,0,0,0,0,1,0,0,0,0,0,0,0,0,0,0,0,0,0,34418,(11) Mainland Fjords
B054_69,8792,120.2396654,255.4446949,0,0,0,0,0,0,0,0,0,0,0,0,0,0,0,0,0,0,0,34418,(11) Mainland Fjords
B054_7,8792,115.7376349,295.0510714,0,0,0,0,0,0,0,0,0,0,0,0,0,0,0,0,0,0,0,34418,(11) Mainland Fjords
B054_70,8792,118.2497362,253.8472029,0,0,0,0,0,0,0,0,0,0,0,0,0,0,0,0,0,0,0,34418,(11) Mainland Fjords
B054_71,8792,120.5101793,246.9442059,0,0,0,0,0,0,0,0,0,0,0,0,0,0,0,0,0,0,0,34418,(11) Mainland Fjords
B054_72,8792,121.0034132,243.3261892,0,0,0,0,0,0,0,0,0,0,0,0,0,0,0,0,0,0,0,34418,(11) Mainland Fjords
B054_73,8792,120.7546008,242.7689313,0,0,0,0,0,0,0,0,0,0,0,0,0,0,0,0,1,0,0,34418,(11) Mainland Fjords
B054_74,8792,121.4971267,241.2482623,0,0,0,0,0,0,0,0,0,0,0,0,0,0,0,0,0,0,0,34418,(11) Mainland Fjords
B054_75,8792,118.7677585,242.5845143,0,0,0,0,0,0,0,0,0,0,0,0,0,0,0,0,0,0,0,34418,(11) Mainland Fjords
B054_76,8792,120.894728,242.0335536,0,0,0,0,0,0,0,0,0,0,0,0,0,0,0,0,0,0,0,34418,(11) Mainland Fjords
B054_77,8792,121.0389498,241.3305517,0,0,0,0,0,0,0,0,0,0,0,0,0,0,0,0,0,0,0,34418,(11) Mainland Fjords
B054_78,8792,121.8847701,237.1867069,0,0,0,0,0,0,0,0,0,0,0,0,0,0,0,0,0,0,0,34418,(11) Mainland Fjords
B054_79,8792,120.9154341,232.9986563,0,0,0,0,0,0,0,0,0,0,0,0,0,0,0,0,0,0,0,34418,(11) Mainland Fjords
B054_8,8792,121.7183656,295.1816842,0,0,0,0,0,0,0,0,0,0,0,0,0,0,0,0,0,0,0,34418,(11) Mainland Fjords
B054_80,8792,121.669271,236.2330567,0,0,0,0,0,0,0,0,0,0,0,0,0,0,0,0,0,0,0,34418,(11) Mainland Fjords
B054_81,8792,120.7055118,240.6979638,0,0,0,0,0,0,0,0,0,0,0,0,0,0,0,0,0,0,0,34418,(11) Mainland Fjords
B054_82,8792,83.89934024,241.4063382,0,0,0,0,0,0,0,0,0,0,0,0,0,0,0,0,0,0,0,34418,(11) Mainland Fjords
B054_9,8792,119.1766998,295.4523289,0,0,0,0,0,0,0,0,0,0,0,0,0,0,0,0,0,0,0,34418,(11) Mainland Fjords
B053_1,9108,120.0431651,185.787099,0,1,0,0,0,0,0,0,0,0,0,0,0,0,0,0,0,0,0,36375,(11) Mainland Fjords
B053_10,9108,121.6477745,150.7895577,0,3,0,0,0,0,0,0,0,0,1,0,0,0,0,0,0,0,0,36375,(11) Mainland Fjords
B053_11,9108,120.4447188,157.5343677,0,2,0,0,0,0,0,0,0,0,0,0,0,0,0,2,0,0,0,36375,(11) Mainland Fjords
B053_12,9108,120.4835428,165.1686774,0,1,0,0,0,0,0,0,0,0,0,0,0,0,0,0,0,0,0,36375,(11) Mainland Fjords
B053_13,9108,120.9085994,162.4646678,0,0,0,0,0,0,0,0,0,0,0,0,0,0,0,0,0,0,0,36375,(11) Mainland Fjords
B053_14,9108,121.7194023,154.6502876,0,0,0,0,2,1,0,2,0,0,0,0,0,0,0,2,0,0,0,36375,(11) Mainland Fjords
B053_15,9108,120.9850753,159.6291877,0,2,0,0,0,0,0,0,0,0,0,0,0,0,0,0,0,0,0,36375,(11) Mainland Fjords
B053_2,9108,120.5821951,177.2224167,0,0,0,0,0,0,0,0,0,0,0,0,0,0,0,0,0,0,0,36375,(11) Mainland Fjords
B053_3,9108,121.2402078,177.2775147,0,0,0,0,0,0,0,0,0,0,0,0,0,0,0,0,0,0,0,36375,(11) Mainland Fjords
B053_4,9108,118.122087,174.6685745,0,0,0,0,0,0,0,0,0,0,0,0,0,0,0,0,0,0,0,36375,(11) Mainland Fjords
B053_5,9108,118.4754104,163.5822778,0,0,0,0,0,0,0,0,0,0,0,0,0,0,0,0,0,0,0,36375,(11) Mainland Fjords
B053_6,9108,121.1277884,166.1592,0,0,0,0,0,0,0,0,0,0,0,0,0,0,0,0,0,0,0,36375,(11) Mainland Fjords
B053_7,9108,120.2631896,162.146178,0,0,0,0,0,0,0,0,0,0,0,0,0,0,0,0,0,0,0,36375,(11) Mainland Fjords
B053_8,9108,121.503175,156.1556071,0,0,0,0,0,0,0,0,0,0,0,0,0,0,0,0,0,0,0,36375,(11) Mainland Fjords
B053_9,9108,120.4582773,153.432123,0,0,0,0,0,0,0,0,0,0,0,0,0,0,0,0,0,0,0,36375,(11) Mainland Fjords
B053_16,9108,120.9095018,178.0297,0,1,0,0,0,0,0,0,0,0,0,0,0,0,0,0,0,0,0,36598,(11) Mainland Fjords
B053_17,9108,120.3222644,196.755057,0,0,0,0,0,0,0,0,0,0,0,0,0,0,0,0,0,0,0,36598,(11) Mainland Fjords
B053_18,9108,119.878049,201.7664608,0,0,0,0,0,0,0,0,0,0,0,0,0,0,0,0,0,0,0,36598,(11) Mainland Fjords
B053_19,9108,121.9053225,206.7811421,0,0,0,0,0,0,0,0,0,0,0,0,0,0,0,0,1,0,0,36598,(11) Mainland Fjords
B053_21,9108,120.0203622,191.3622174,0,1,0,0,0,0,0,0,0,0,0,0,0,0,0,0,0,0,0,36598,(11) Mainland Fjords
B053_22,9108,91.87048542,177.5707844,0,1,0,0,0,1,0,0,0,0,0,0,0,0,0,0,0,0,0,36598,(11) Mainland Fjords
B052_1,9265,121.6909307,302.8878853,0,0,0,0,0,0,0,0,0,0,0,0,0,0,0,0,0,0,0,37302,(11) Mainland Fjords
B052_10,9265,121.5334358,399.4645864,0,0,0,0,0,0,0,0,0,0,0,0,0,0,0,0,0,0,0,37302,(11) Mainland Fjords
B052_11,9265,121.872854,404.7905292,0,0,0,0,0,0,0,0,0,0,0,0,0,0,0,0,0,0,0,37302,(11) Mainland Fjords
B052_12,9265,121.8739009,408.2872518,0,0,0,0,0,0,0,0,0,0,0,0,0,0,0,0,0,0,0,37302,(11) Mainland Fjords
B052_13,9265,121.8186784,409.9881864,0,0,0,0,0,0,0,1,0,0,0,0,0,0,0,0,0,0,0,37302,(11) Mainland Fjords
B052_14,9265,119.8594717,410.4123295,0,0,0,0,0,0,0,0,4,0,0,0,0,0,0,0,0,0,0,37302,(11) Mainland Fjords
B052_15,9265,121.6362506,412.405629,0,1,0,0,0,0,0,0,0,0,0,0,0,0,0,0,0,0,0,37302,(11) Mainland Fjords
B052_16,9265,119.7959414,413.9623552,0,0,0,0,0,0,0,0,0,0,0,0,0,0,0,0,0,0,0,37302,(11) Mainland Fjords
B052_17,9265,121.6414326,415.9149888,0,0,0,0,0,1,0,0,0,0,0,0,0,0,0,0,0,0,0,37302,(11) Mainland Fjords
B052_18,9265,121.8174215,418.052568,0,0,0,0,0,0,0,0,0,0,0,0,0,0,0,0,0,0,0,37302,(11) Mainland Fjords
B052_19,9265,121.8549099,420.067907,0,0,0,0,0,0,0,0,0,0,0,0,0,0,0,0,0,0,0,37302,(11) Mainland Fjords
B052_20,9265,121.3761549,420.6160761,1,0,0,0,0,0,0,0,0,0,0,0,0,0,0,0,0,0,0,37302,(11) Mainland Fjords
B052_21,9265,121.8130699,419.5593131,0,0,0,0,0,0,0,0,0,0,0,0,0,0,0,0,0,0,0,37302,(11) Mainland Fjords
B052_22,9265,121.8723826,416.7630752,0,0,0,0,0,0,0,0,0,0,0,0,0,0,0,0,0,0,0,37302,(11) Mainland Fjords
B052_23,9265,120.1596909,411.9710704,0,0,0,0,0,0,0,0,0,0,0,0,0,0,0,0,0,0,0,37302,(11) Mainland Fjords
B052_24,9265,120.1078741,403.2437261,0,0,0,0,0,0,0,0,0,0,0,0,0,0,0,0,0,0,0,37302,(11) Mainland Fjords
B052_25,9265,120.2902581,396.2462642,0,0,0,0,0,0,0,0,0,0,0,0,0,0,0,0,0,0,0,37302,(11) Mainland Fjords
B052_26,9265,121.0622765,395.4779353,1,0,0,0,0,0,0,0,0,0,0,0,0,0,0,0,0,0,0,37302,(11) Mainland Fjords
B052_27,9265,119.0566839,395.7081959,0,0,0,0,0,0,0,0,0,0,0,1,0,0,0,0,0,0,0,37302,(11) Mainland Fjords
B052_28,9265,121.125468,395.5926368,0,0,0,0,0,0,0,0,0,0,0,0,0,0,0,0,0,0,0,37302,(11) Mainland Fjords
B052_29,9265,119.5464181,387.109,0,0,0,0,0,0,0,0,0,0,0,0,0,0,0,0,0,0,0,37302,(11) Mainland Fjords
B052_3,9265,120.8166372,351.6608,0,0,0,0,0,0,0,0,0,0,0,0,0,0,0,0,0,0,0,37302,(11) Mainland Fjords
B052_30,9265,120.8428742,373.712,0,0,0,0,0,0,0,0,0,0,0,0,0,0,0,0,0,0,0,37302,(11) Mainland Fjords
B052_31,9265,120.5642635,367.1945,1,0,0,0,0,0,0,0,0,0,0,0,0,0,0,0,0,0,0,37302,(11) Mainland Fjords
B052_32,9265,120.5530868,368.6830508,0,0,0,0,0,1,0,0,0,0,0,0,0,0,0,0,0,0,0,37302,(11) Mainland Fjords
B052_33,9265,120.7148963,368.1338425,1,0,0,0,0,1,0,0,3,0,0,0,0,0,0,0,0,0,0,37302,(11) Mainland Fjords
B052_34,9265,120.530621,369.9077613,0,0,0,0,0,1,0,0,0,0,0,0,0,0,0,0,0,0,0,37302,(11) Mainland Fjords
B052_35,9265,121.1477053,371.1619593,0,0,0,0,0,0,0,0,0,0,0,0,0,0,0,0,0,0,0,37302,(11) Mainland Fjords
B052_36,9265,121.4114678,370.5883694,0,0,0,0,0,0,0,0,0,0,0,0,0,0,0,0,0,0,0,37302,(11) Mainland Fjords
B052_37,9265,120.2231161,369.3583152,0,0,0,0,0,0,0,0,0,0,0,0,0,0,0,0,0,0,0,37302,(11) Mainland Fjords
B052_38,9265,118.9139438,370.517317,0,0,0,0,0,0,0,0,0,0,0,0,0,0,0,0,0,0,0,37302,(11) Mainland Fjords
B052_39,9265,120.4642544,373.0378032,0,0,0,0,0,0,0,0,0,0,0,0,0,0,0,0,0,0,0,37302,(11) Mainland Fjords
B052_4,9265,121.2350184,353.2626633,0,0,0,0,0,3,0,0,0,0,0,0,0,0,0,0,0,0,0,37302,(11) Mainland Fjords
B052_40,9265,119.9188867,375.8736747,0,0,0,0,0,0,0,0,0,0,0,0,0,0,0,0,0,0,0,37302,(11) Mainland Fjords
B052_41,9265,120.2904595,379.4383451,0,0,0,0,0,0,0,0,0,0,0,0,0,0,0,0,0,0,0,37302,(11) Mainland Fjords
B052_42,9265,121.5745531,383.730746,0,0,0,0,0,0,0,0,0,0,0,0,0,0,0,0,0,0,0,37302,(11) Mainland Fjords
B052_43,9265,121.0359697,387.827849,0,0,0,0,0,0,0,0,0,0,0,0,0,0,0,0,0,0,0,37302,(11) Mainland Fjords
B052_44,9265,121.5606454,390.230458,0,0,0,0,0,0,0,0,0,0,0,0,0,0,0,0,0,0,0,37302,(11) Mainland Fjords
B052_45,9265,121.0401906,390.3895,0,0,0,0,0,0,0,0,0,0,0,0,0,0,0,0,0,0,0,37302,(11) Mainland Fjords
B052_46,9265,121.5673997,389.2220171,0,0,0,0,0,0,0,0,0,0,0,0,0,0,0,0,0,0,0,37302,(11) Mainland Fjords
B052_47,9265,120.9245989,388.3869958,0,0,0,0,0,0,0,0,0,0,0,0,0,0,0,0,0,0,0,37302,(11) Mainland Fjords
B052_48,9265,121.945717,385.4635,0,0,0,0,0,0,0,0,0,0,0,0,0,0,0,0,0,0,0,37302,(11) Mainland Fjords
B052_5,9265,121.4662139,359.117217,0,0,0,0,0,0,0,0,1,0,0,0,0,0,0,0,0,0,0,37302,(11) Mainland Fjords
B052_6,9265,121.3439268,365.5279657,0,0,0,0,0,0,0,0,0,0,0,0,0,0,0,0,0,0,0,37302,(11) Mainland Fjords
B052_7,9265,121.4528809,374.5786321,0,1,0,0,0,0,0,0,0,0,0,0,0,0,0,0,0,0,0,37302,(11) Mainland Fjords
B052_8,9265,121.8663564,383.6663469,0,0,0,0,0,0,3,0,0,0,0,0,0,0,0,0,0,0,0,37302,(11) Mainland Fjords
B052_9,9265,120.0617915,393.1122687,1,0,0,0,0,0,0,0,0,0,0,0,0,0,0,0,0,0,0,37302,(11) Mainland Fjords
B052_49,9265,120.7730607,384.9351958,0,0,0,0,0,0,0,0,0,0,0,0,0,0,0,0,0,0,0,37539,(11) Mainland Fjords
B052_50,9265,119.5876255,385.6044104,0,2,0,0,0,0,0,0,1,0,0,0,0,0,0,0,0,0,0,37539,(11) Mainland Fjords
B052_51,9265,121.5889631,386.000934,0,0,0,0,0,0,0,0,0,0,0,0,0,0,0,0,0,0,0,37539,(11) Mainland Fjords
B052_52,9265,121.452522,386.2978929,1,1,0,0,0,1,0,0,0,0,0,0,0,0,0,0,0,0,0,37539,(11) Mainland Fjords
B052_53,9265,121.1697969,387.5348402,0,0,0,0,0,1,0,0,0,0,0,0,0,0,0,0,0,0,0,37539,(11) Mainland Fjords
B052_54,9265,121.7632038,390.5283762,0,0,0,0,0,0,0,0,0,0,0,0,0,0,0,0,0,0,0,37539,(11) Mainland Fjords
B052_55,9265,120.8933678,391.9018258,0,0,0,0,0,0,0,0,0,0,0,0,0,0,0,0,0,0,0,37539,(11) Mainland Fjords
B052_56,9265,121.618416,399.4651429,0,0,0,0,0,1,0,0,0,0,0,0,0,0,0,0,0,0,0,37539,(11) Mainland Fjords
B052_57,9265,119.6642538,405.9035972,0,0,0,0,0,0,0,0,0,0,0,0,0,0,0,0,0,0,0,37539,(11) Mainland Fjords
B052_58,9265,121.4559067,410.3849167,0,0,0,0,0,0,0,0,12,0,0,0,0,0,0,0,0,0,0,37539,(11) Mainland Fjords
B052_59,9265,119.925189,420.0435065,0,0,0,0,0,0,0,0,0,0,0,0,0,0,0,0,0,0,0,37539,(11) Mainland Fjords
B052_60,9265,120.6201339,430.6102951,0,0,0,0,0,0,0,0,0,0,0,0,0,0,0,0,0,0,0,37539,(11) Mainland Fjords
B052_61,9265,121.6352368,440.7340455,0,0,0,0,0,0,0,0,0,0,0,0,0,0,0,0,0,0,0,37539,(11) Mainland Fjords
B052_62,9265,121.1830782,445.7334241,0,0,0,0,0,0,0,0,0,0,0,0,0,0,0,0,0,0,0,37539,(11) Mainland Fjords
B052_63,9265,121.7892654,448.3930164,0,0,0,0,0,0,0,0,0,0,0,0,0,0,0,0,0,0,0,37539,(11) Mainland Fjords
B052_64,9265,121.8881589,445.5380667,0,0,0,0,0,0,0,0,0,0,0,0,0,0,0,0,0,0,0,37539,(11) Mainland Fjords
B052_65,9265,119.6741278,438.0056518,1,0,0,0,0,0,0,0,0,0,0,0,0,0,0,0,0,0,0,37539,(11) Mainland Fjords
B052_66,9265,119.4093439,429.9811081,0,1,0,0,0,0,0,0,0,0,0,0,0,0,0,0,0,0,0,37539,(11) Mainland Fjords
B052_67,9265,120.1942679,423.8937857,0,0,0,0,0,0,0,0,0,0,0,0,0,0,0,0,0,0,0,37539,(11) Mainland Fjords
B052_68,9265,121.7141876,420.8049153,0,0,0,0,0,0,0,0,0,0,0,0,0,0,0,0,0,0,0,37539,(11) Mainland Fjords
B052_69,9265,120.595875,417.8276326,0,1,0,0,0,0,0,0,0,0,0,0,0,0,0,0,0,0,0,37539,(11) Mainland Fjords
B052_70,9265,121.47509,414.6859111,0,1,0,0,0,0,0,0,0,0,0,0,0,0,0,0,0,0,0,37539,(11) Mainland Fjords
B052_71,9265,117.8123316,412.9202338,0,0,0,0,0,0,0,0,0,0,0,0,0,0,0,0,0,0,0,37539,(11) Mainland Fjords
B052_72,9265,121.4032903,409.0995648,0,0,0,0,0,0,0,0,0,0,0,0,0,0,0,0,0,0,0,37539,(11) Mainland Fjords
B052_73,9265,120.0933562,404.7190795,0,0,0,0,0,0,0,0,0,0,0,0,0,0,0,0,0,0,0,37539,(11) Mainland Fjords
B052_74,9265,120.7803857,402.6045266,0,0,0,0,0,0,0,0,0,0,0,0,0,0,0,0,0,0,0,37539,(11) Mainland Fjords
B052_75,9265,121.0977296,402.4767778,0,0,0,0,0,0,0,0,0,0,0,0,0,0,0,0,0,0,0,37539,(11) Mainland Fjords
B052_76,9265,120.5331861,400.3234507,0,0,0,0,0,0,0,0,0,0,0,0,0,0,0,0,0,0,0,37539,(11) Mainland Fjords
B052_77,9265,121.9521486,401.3960529,0,0,0,0,0,0,0,0,0,0,0,0,0,0,0,0,0,0,0,37539,(11) Mainland Fjords
B052_78,9265,120.9742854,404.9983222,0,0,0,0,0,0,0,0,0,0,0,0,0,0,0,0,2,0,0,37539,(11) Mainland Fjords
B052_79,9265,121.8502585,408.1516827,0,0,0,0,0,0,0,0,0,0,0,0,0,0,0,0,1,0,0,37539,(11) Mainland Fjords
B052_80,9265,121.2326103,408.2213458,1,0,0,0,0,0,0,0,0,0,0,0,0,0,0,0,0,0,0,37539,(11) Mainland Fjords
B052_81,9265,120.112388,407.150364,0,0,0,0,0,0,0,0,0,0,0,0,0,0,0,0,0,0,0,37539,(11) Mainland Fjords
B052_82,9265,120.6890964,404.9672778,1,0,0,0,0,0,0,0,0,0,0,0,0,0,0,0,0,0,0,37539,(11) Mainland Fjords
B052_83,9265,120.9591004,403.7994573,0,0,0,0,0,0,0,0,0,0,0,0,0,0,0,0,0,0,0,37539,(11) Mainland Fjords
B052_84,9265,121.5159755,403.7555051,0,1,0,0,0,0,0,0,0,0,0,0,0,0,0,0,1,0,0,37539,(11) Mainland Fjords
B052_85,9265,121.5556644,400.4131961,0,0,0,0,0,0,0,0,0,0,0,0,0,0,0,0,0,0,0,37539,(11) Mainland Fjords
B052_86,9265,47.23996892,398.73854,0,0,0,0,0,0,0,0,0,0,0,0,0,0,0,0,0,0,0,37539,(11) Mainland Fjords
B057_10,10367,121.5831151,238.4884593,0,0,0,0,0,4,1,0,0,0,0,0,0,0,0,0,0,0,0,44428,(11) Mainland Fjords
B057_11,10367,120.2006491,240.9387789,1,0,0,0,0,3,0,0,0,0,0,0,0,0,0,0,0,0,0,44428,(11) Mainland Fjords
B057_12,10367,121.5196349,243.6168266,0,0,0,0,0,7,0,0,0,0,0,0,0,0,0,0,0,0,0,44428,(11) Mainland Fjords
B057_13,10367,120.5935386,240.1871971,0,1,0,0,0,16,0,0,0,0,0,0,0,0,0,0,0,0,0,44428,(11) Mainland Fjords
B057_2,10367,119.6563153,237.9374253,0,0,0,0,0,0,0,0,0,0,0,0,0,0,0,0,0,0,0,44428,(11) Mainland Fjords
B057_3,10367,120.3050286,243.7305269,0,0,0,0,0,2,0,0,0,0,0,0,0,0,0,0,0,0,0,44428,(11) Mainland Fjords
B057_4,10367,121.9745725,243.9469848,0,0,0,0,0,3,0,0,0,0,0,0,0,0,1,0,0,0,0,44428,(11) Mainland Fjords
B057_5,10367,121.9999274,241.9819687,0,0,0,0,0,1,0,0,0,0,0,0,0,0,0,0,0,0,0,44428,(11) Mainland Fjords
B057_6,10367,120.0157605,244.5752333,1,0,0,0,0,1,0,0,0,0,0,0,0,0,0,0,0,0,0,44428,(11) Mainland Fjords
B057_7,10367,121.1844873,238.5740629,0,0,0,0,0,9,0,2,0,0,0,0,0,0,0,0,0,0,0,44428,(11) Mainland Fjords
B057_8,10367,120.4816055,243.2807087,0,0,0,0,0,1,0,0,0,0,0,0,0,0,0,0,0,0,0,44428,(11) Mainland Fjords
B057_9,10367,120.9130592,244.0615437,0,0,0,0,0,14,6,0,0,0,0,0,0,0,0,0,0,0,0,44428,(11) Mainland Fjords
B057_14,10367,121.7027516,237.6341453,1,0,0,0,0,2,0,0,0,0,0,0,0,0,0,0,0,0,0,44699,(11) Mainland Fjords
B057_15,10367,120.7058331,237.9459211,1,0,0,0,0,4,4,0,0,0,0,0,0,0,0,0,0,0,0,44699,(11) Mainland Fjords
B057_16,10367,121.5907618,230.3677257,0,0,0,0,0,4,5,0,0,0,0,0,0,0,0,0,0,0,0,44699,(11) Mainland Fjords
B057_17,10367,121.0639514,230.5869094,0,0,0,0,0,21,4,0,0,0,0,0,0,0,0,0,0,0,0,44699,(11) Mainland Fjords
B057_18,10367,120.2147489,231.558325,0,0,0,0,0,4,0,0,0,0,0,0,0,0,0,0,0,0,0,44699,(11) Mainland Fjords
B057_19,10367,120.8532701,234.1815095,2,0,0,0,0,10,3,0,0,0,0,0,0,0,0,0,0,0,0,44699,(11) Mainland Fjords
B057_20,10367,121.1264661,231.4717839,0,0,0,0,0,6,3,0,0,0,0,0,0,0,0,0,0,0,0,44699,(11) Mainland Fjords
B057_21,10367,120.5317423,238.7825291,0,0,0,0,0,13,0,1,0,0,0,0,0,0,0,0,0,0,0,44699,(11) Mainland Fjords
B057_22,10367,121.6000298,236.0375,0,0,0,0,0,8,0,0,0,0,0,0,0,0,0,0,0,0,0,44699,(11) Mainland Fjords
B057_23,10367,121.3599902,234.6144372,0,0,0,0,0,4,1,0,0,0,0,0,0,0,0,0,0,0,0,44699,(11) Mainland Fjords
B057_24,10367,119.7997634,225.7537723,0,0,0,0,0,1,4,0,0,0,0,0,0,0,0,0,0,0,0,44699,(11) Mainland Fjords
B057_25,10367,120.3564396,209.7077247,0,0,0,0,0,1,1,0,0,0,0,0,0,0,0,0,0,0,0,44699,(11) Mainland Fjords
B057_26,10367,121.5154244,207.0568423,0,0,0,0,0,1,1,0,0,0,0,0,0,0,0,1,0,0,0,44699,(11) Mainland Fjords
B057_27,10367,118.8713759,208.1619007,1,0,0,0,0,0,4,1,0,0,0,1,0,0,0,0,0,0,0,44699,(11) Mainland Fjords
B057_28,10367,120.5487142,205.9440224,3,0,0,0,0,1,11,6,0,0,0,0,0,0,0,0,0,0,0,44699,(11) Mainland Fjords
B057_29,10367,121.3395644,193.6229749,6,0,0,0,0,3,11,14,0,0,0,0,0,0,0,0,0,0,0,44699,(11) Mainland Fjords
B057_30,10367,120.1405718,177.5049038,5,0,0,1,0,0,8,0,0,0,0,0,0,0,0,0,0,0,0,44699,(11) Mainland Fjords
B057_31,10367,121.7047921,189.0562237,0,0,0,0,0,0,4,0,0,0,0,0,0,0,0,0,0,0,0,44699,(11) Mainland Fjords
B057_32,10367,89.7854588,198.8483426,0,0,0,0,0,0,6,0,0,0,0,0,0,0,0,0,0,0,0,44699,(11) Mainland Fjords
B058_1,10369,120.3545855,124.1777323,0,0,0,0,0,0,2,1,0,0,0,0,2,0,0,1,0,0,0,44978,(11) Mainland Fjords
B058_10,10369,120.3253025,182.335316,0,0,0,0,0,1,0,0,0,0,0,0,0,0,0,0,0,0,0,44978,(11) Mainland Fjords
B058_2,10369,118.8224247,126.0319706,0,0,0,0,0,1,1,20,0,0,1,0,2,0,0,2,0,0,0,44978,(11) Mainland Fjords
B058_25,10369,120.942065,140.5194569,1,0,0,1,0,6,2,4,0,0,1,0,0,0,0,4,0,0,0,44978,(11) Mainland Fjords
B058_26,10369,121.409996,133.9039025,0,0,0,0,0,1,1,17,3,0,0,0,1,0,0,3,0,0,0,44978,(11) Mainland Fjords
B058_27,10369,121.4034787,129.2418143,0,2,0,0,0,0,1,46,0,0,0,0,0,0,0,3,0,0,0,44978,(11) Mainland Fjords
B058_28,10369,121.5863319,124.8836368,0,0,0,0,0,1,1,5,0,0,0,0,12,0,0,4,0,0,0,44978,(11) Mainland Fjords
B058_29,10369,121.5373961,128.7049841,0,0,0,0,0,1,0,3,0,0,0,0,1,0,0,1,0,0,0,44978,(11) Mainland Fjords
B058_3,10369,118.8416096,126.8548353,0,0,0,0,0,0,2,1,0,0,0,0,0,0,0,1,0,0,0,44978,(11) Mainland Fjords
B058_30,10369,121.7338327,135.811283,0,0,0,0,0,13,5,0,1,0,0,0,5,0,0,0,0,0,0,44978,(11) Mainland Fjords
B058_31,10369,121.2326285,150.9802554,1,0,0,0,0,0,10,0,0,0,0,0,3,0,0,0,0,0,0,44978,(11) Mainland Fjords
B058_32,10369,120.9068232,159.0077604,0,0,0,0,0,0,0,0,0,0,0,0,0,0,0,0,0,0,0,44978,(11) Mainland Fjords
B058_35,10369,119.5476575,138.4137411,0,0,0,0,0,0,0,0,0,0,0,0,0,0,0,0,0,0,0,44978,(11) Mainland Fjords
B058_38,10369,121.8046552,136.374068,1,0,0,0,0,6,1,0,0,0,0,0,0,0,0,2,0,0,0,44978,(11) Mainland Fjords
B058_39,10369,121.8494952,128.4415118,0,0,0,0,0,3,0,1,2,0,1,0,2,0,0,5,0,0,0,44978,(11) Mainland Fjords
B058_4,10369,121.9400531,131.9398371,0,0,0,0,0,0,4,13,0,0,0,0,0,0,0,3,0,0,0,44978,(11) Mainland Fjords
B058_40,10369,121.8124379,126.0247849,0,0,0,0,0,1,0,3,0,1,0,0,4,0,0,0,0,0,0,44978,(11) Mainland Fjords
B058_41,10369,121.5780348,125.9740714,5,0,0,2,0,0,0,23,0,0,0,0,3,0,0,8,0,0,0,44978,(11) Mainland Fjords
B058_42,10369,121.4136581,130.4375141,0,0,0,0,0,0,0,9,0,0,2,0,0,0,0,1,0,0,0,44978,(11) Mainland Fjords
B058_43,10369,119.6115578,134.7499922,0,1,0,0,0,0,0,0,0,0,0,0,0,0,0,0,0,0,0,44978,(11) Mainland Fjords
B058_47,10369,120.3202765,124.9130625,0,0,0,0,0,0,0,0,0,0,0,0,0,0,0,0,0,0,0,44978,(11) Mainland Fjords
B058_5,10369,120.9819581,137.2877299,0,0,0,0,0,5,33,1,0,0,1,0,3,0,0,0,0,0,0,44978,(11) Mainland Fjords
B058_50,10369,119.9010056,129.7315,1,1,0,1,0,10,12,0,0,0,0,0,0,0,0,0,0,0,0,44978,(11) Mainland Fjords
B058_51,10369,120.3445947,124.3201637,0,0,0,0,0,0,4,1,0,0,2,0,0,0,0,0,0,0,0,44978,(11) Mainland Fjords
B058_52,10369,119.0633453,127.7655365,0,0,0,0,0,0,8,0,11,0,2,0,15,0,0,1,0,0,0,44978,(11) Mainland Fjords
B058_53,10369,121.4163277,137.3652774,0,0,0,0,0,1,1,0,0,0,0,0,0,0,0,3,0,0,0,44978,(11) Mainland Fjords
B058_54,10369,119.7877867,155.1439474,0,0,0,1,0,0,13,1,0,0,0,0,0,0,0,0,0,0,0,44978,(11) Mainland Fjords
B058_55,10369,43.10492755,165.5949714,0,0,0,0,0,0,0,0,0,0,0,0,0,0,0,0,0,0,0,44978,(11) Mainland Fjords
B058_6,10369,119.2632342,141.8402449,0,0,0,0,0,2,38,0,0,0,0,0,0,0,0,0,0,0,0,44978,(11) Mainland Fjords
B058_7,10369,119.1881597,148.5154951,0,0,0,0,0,7,17,0,0,0,0,0,0,0,0,0,0,0,0,44978,(11) Mainland Fjords
B058_8,10369,119.7408487,155.9841087,0,0,0,0,0,0,1,0,0,0,0,0,0,0,0,0,0,0,0,44978,(11) Mainland Fjords
B058_9,10369,121.3371873,171.5563864,0,0,0,0,0,0,0,0,0,0,0,0,0,0,0,0,0,0,0,44978,(11) Mainland Fjords
B059_1,10369,121.7309823,126.1692094,0,0,0,0,0,0,23,0,0,0,0,0,0,0,0,0,0,0,0,44978,(11) Mainland Fjords
B059_2,10369,120.8208473,137.5156399,2,0,0,0,0,3,29,32,15,0,0,0,0,0,0,0,0,0,0,44978,(11) Mainland Fjords
B059_3,10369,121.3343049,143.2348366,1,0,0,0,0,0,2,5,1,0,0,0,0,0,0,1,0,0,0,44978,(11) Mainland Fjords
B059_4,10369,121.03116,137.7452903,0,0,0,0,0,8,0,19,0,0,1,0,0,0,0,2,0,0,0,44978,(11) Mainland Fjords
B059_5,10369,74.04337178,134.1399545,0,0,0,0,0,0,0,13,0,0,0,0,0,0,0,2,0,0,0,44978,(11) Mainland Fjords
B060_10,10369,121.5655893,50.86058757,0,0,0,0,0,0,0,0,0,0,0,0,0,0,0,0,0,0,0,44980,(11) Mainland Fjords
B060_11,10369,120.5918562,58.18941339,0,0,0,0,0,0,0,0,0,1,0,0,0,0,0,0,0,0,0,44980,(11) Mainland Fjords
B060_12,10369,120.9246264,56.80574121,0,0,0,0,0,0,0,0,0,3,3,0,5,0,0,2,0,0,0,44980,(11) Mainland Fjords
B060_13,10369,121.933489,47.078,0,2,0,0,0,0,0,0,0,0,1,0,0,0,0,0,0,0,0,44980,(11) Mainland Fjords
B060_14,10369,120.5345268,37.55081274,0,4,0,0,0,0,0,0,0,0,3,0,0,0,0,0,0,0,0,44980,(11) Mainland Fjords
B060_15,10369,121.2763257,34.19408801,0,12,0,0,0,0,0,0,0,0,1,0,0,0,0,0,0,0,0,44980,(11) Mainland Fjords
B060_6,10369,121.5769762,26.828896,0,0,0,0,0,0,0,0,0,0,6,0,0,0,0,0,0,0,0,44980,(11) Mainland Fjords
B060_7,10369,121.6748473,27.55609516,0,0,0,0,0,0,0,0,0,0,1,0,0,0,0,0,0,0,0,44980,(11) Mainland Fjords
B060_8,10369,120.7586567,25.30106233,0,9,0,0,0,0,0,0,0,0,2,0,0,0,0,0,0,0,0,44980,(11) Mainland Fjords
B060_9,10369,120.3404698,36.81170137,0,0,0,0,0,0,0,0,0,0,2,0,0,0,0,0,0,0,0,44980,(11) Mainland Fjords
B060_1,10369,121.9382467,94.08740625,0,0,0,0,0,0,0,0,0,4,0,0,0,0,0,0,0,0,0,44981,(11) Mainland Fjords
B060_16,10369,121.7339673,42.21579767,0,1,0,0,0,0,0,0,0,0,0,0,0,0,0,0,0,0,0,44981,(11) Mainland Fjords
B060_17,10369,121.7083441,43.58998193,0,0,0,0,0,5,0,0,0,0,1,0,0,0,0,0,0,0,0,44981,(11) Mainland Fjords
B060_18,10369,121.7412059,55.34771233,0,0,0,0,0,0,0,0,0,1,4,0,0,1,0,0,0,0,0,44981,(11) Mainland Fjords
B060_19,10369,121.7989728,62.16937004,0,0,0,0,0,0,0,0,0,0,0,0,0,0,0,0,0,0,0,44981,(11) Mainland Fjords
B060_2,10369,121.7303572,82.12401676,0,0,0,0,0,0,0,0,0,0,0,0,0,0,0,0,0,0,0,44981,(11) Mainland Fjords
B060_20,10369,121.3137989,76.19404561,0,0,0,0,0,0,0,0,0,4,3,0,0,0,0,0,0,0,0,44981,(11) Mainland Fjords
B060_21,10369,120.6052201,85.40241141,0,0,0,0,0,0,0,0,0,1,1,0,0,0,0,0,0,0,0,44981,(11) Mainland Fjords
B060_22,10369,92.275918,96.5361609,0,0,0,0,0,0,0,0,0,0,0,0,0,0,0,0,0,0,0,44981,(11) Mainland Fjords
B060_3,10369,84.78000328,67.67529293,0,0,0,0,0,0,0,0,0,0,0,0,0,0,0,0,0,0,0,44981,(11) Mainland Fjords
B060_4,10369,121.8790277,64.246604,0,0,0,0,0,0,0,0,0,0,0,0,1,0,0,0,0,0,0,44981,(11) Mainland Fjords
B060_5,10369,121.8295726,41.06165948,0,0,0,0,0,0,0,0,0,0,1,0,3,0,0,0,0,0,0,44981,(11) Mainland Fjords
B056_10,10525,119.6620583,248.2764149,0,1,0,0,1,0,3,1,0,0,0,0,0,0,0,0,0,0,0,45530,(11) Mainland Fjords
B056_2,10525,121.4008703,309.4448509,0,0,0,0,0,0,0,0,0,0,0,0,0,0,0,0,0,0,0,45530,(11) Mainland Fjords
B056_3,10525,119.1847199,304.0397929,0,0,0,0,0,0,0,0,0,0,0,0,0,0,0,0,0,0,0,45530,(11) Mainland Fjords
B056_4,10525,119.8802494,294.8200583,0,0,0,0,0,0,0,0,0,0,0,0,0,0,1,0,0,0,0,45530,(11) Mainland Fjords
B056_5,10525,121.9063931,282.819,0,0,0,0,0,1,0,0,0,0,0,0,0,0,0,0,0,0,0,45530,(11) Mainland Fjords
B056_56,10525,120.0614794,209.612678,0,0,0,0,0,3,0,0,0,0,0,0,0,0,0,0,0,0,0,45530,(11) Mainland Fjords
B056_57,10525,120.9870788,210.7952458,3,0,0,0,0,0,0,0,0,0,0,0,0,0,0,0,0,0,0,45530,(11) Mainland Fjords
B056_58,10525,121.3774047,211.5323,1,0,0,0,0,0,0,0,0,0,0,0,0,0,0,0,0,0,0,45530,(11) Mainland Fjords
B056_59,10525,115.8472386,212.4336,0,0,0,0,0,1,0,0,0,0,0,0,0,0,0,1,0,0,0,45530,(11) Mainland Fjords
B056_6,10525,120.9968091,279.0495992,0,2,0,0,0,1,0,0,0,0,0,0,0,0,0,1,0,0,0,45530,(11) Mainland Fjords
B056_60,10525,121.4800714,212.85295,0,0,0,0,0,1,0,0,0,0,0,0,0,0,0,0,0,0,0,45530,(11) Mainland Fjords
B056_61,10525,121.093929,214.8470227,2,0,0,3,2,1,0,0,0,0,0,0,0,0,0,0,0,0,0,45530,(11) Mainland Fjords
B056_62,10525,119.8345076,214.6249012,0,0,0,0,0,0,0,0,0,0,0,0,1,0,0,0,0,0,0,45530,(11) Mainland Fjords
B056_63,10525,119.5949591,218.169119,0,1,0,0,2,0,0,0,0,0,0,0,0,0,0,0,0,0,0,45530,(11) Mainland Fjords
B056_64,10525,120.9609726,217.77429,0,0,0,0,1,1,0,0,0,0,0,0,0,0,0,0,0,0,0,45530,(11) Mainland Fjords
B056_65,10525,119.4811168,219.5895385,0,0,0,0,0,1,0,0,0,0,0,0,0,0,0,0,0,0,0,45530,(11) Mainland Fjords
B056_66,10525,116.7591136,220.74764,0,0,0,0,0,0,0,0,0,0,0,0,0,0,0,0,0,0,0,45530,(11) Mainland Fjords
B056_67,10525,114.6539795,221.6977037,1,0,0,0,0,0,0,0,0,0,0,0,0,0,0,0,0,0,0,45530,(11) Mainland Fjords
B056_68,10525,118.1608562,221.9413043,0,0,0,0,0,0,0,0,0,0,0,0,0,0,0,0,0,0,0,45530,(11) Mainland Fjords
B056_69,10525,120.8138702,222.9876,0,0,0,0,1,0,0,0,0,0,0,0,0,0,0,0,0,0,0,45530,(11) Mainland Fjords
B056_7,10525,119.7231187,274.7438804,0,2,0,0,0,1,0,0,0,0,0,0,0,0,0,1,0,0,0,45530,(11) Mainland Fjords
B056_70,10525,121.3598621,224.1075077,1,0,0,0,0,1,0,0,0,0,0,0,0,0,0,0,0,0,0,45530,(11) Mainland Fjords
B056_71,10525,118.4383866,222.3351667,1,0,0,0,0,0,0,0,0,0,0,0,0,0,0,0,0,0,0,45530,(11) Mainland Fjords
B056_72,10525,121.6347182,230.1681977,0,0,0,0,0,0,0,0,0,0,0,0,0,0,0,0,0,0,0,45530,(11) Mainland Fjords
B056_73,10525,121.7136334,234.7973804,0,0,0,0,0,0,0,0,0,0,0,0,0,0,0,0,0,0,0,45530,(11) Mainland Fjords
B056_74,10525,120.8296557,229.6190842,0,0,0,0,0,0,0,0,0,0,0,0,0,0,0,0,0,0,0,45530,(11) Mainland Fjords
B056_75,10525,38.10284069,205.2653333,0,0,0,0,0,0,0,0,0,0,0,0,0,0,0,0,0,0,0,45530,(11) Mainland Fjords
B056_9,10525,119.3136908,250.1319146,0,0,0,0,3,0,3,0,0,0,0,0,0,0,0,0,0,0,0,45530,(11) Mainland Fjords
B056_11,10525,121.443521,250.1273202,0,0,0,0,0,1,1,1,0,0,0,0,0,0,0,0,0,0,0,45244,(11) Mainland Fjords
B056_12,10525,120.4851423,251.3478793,0,0,0,0,3,0,49,0,0,0,0,0,0,0,0,0,0,0,0,45244,(11) Mainland Fjords
B056_13,10525,118.1182216,255.077172,0,0,0,0,0,0,2,0,0,0,0,0,0,0,0,0,0,0,0,45244,(11) Mainland Fjords
B056_14,10525,121.2717412,260.488961,0,0,0,0,1,1,3,0,0,0,0,0,0,0,0,0,0,0,0,45244,(11) Mainland Fjords
B056_15,10525,121.3787557,264.0110536,0,0,0,0,1,1,3,0,0,0,0,0,0,0,0,0,0,0,0,45244,(11) Mainland Fjords
B056_16,10525,120.7971981,275.6715991,0,0,0,0,0,0,0,0,0,0,0,0,0,0,0,0,0,0,0,45244,(11) Mainland Fjords
B056_17,10525,121.4938819,283.7009608,0,0,0,0,0,0,0,0,0,0,0,0,0,0,0,0,0,0,0,45244,(11) Mainland Fjords
B056_18,10525,121.0289152,290.8802258,0,0,0,0,0,1,0,0,0,0,0,0,0,0,0,0,0,0,0,45244,(11) Mainland Fjords
B056_19,10525,121.4801526,295.9224359,0,0,0,0,0,0,0,0,0,0,0,0,0,0,0,0,0,0,0,45244,(11) Mainland Fjords
B056_20,10525,120.4635127,298.3863473,0,0,0,0,0,0,0,0,0,0,0,0,0,0,0,0,0,0,0,45244,(11) Mainland Fjords
B056_21,10525,121.461717,289.4206271,0,0,0,0,1,3,0,0,0,0,0,0,0,0,0,0,0,0,0,45244,(11) Mainland Fjords
B056_22,10525,121.5639857,281.4437344,0,0,0,0,1,4,0,0,0,0,0,0,0,0,0,0,0,0,0,45244,(11) Mainland Fjords
B056_23,10525,121.3902071,278.8567357,1,0,0,0,0,0,0,0,0,0,0,0,0,0,0,0,0,0,0,45244,(11) Mainland Fjords
B056_24,10525,121.4453348,283.1145639,0,0,0,0,0,0,0,0,0,0,0,0,0,0,0,0,0,0,0,45244,(11) Mainland Fjords
B056_25,10525,121.0551631,279.6272669,0,1,0,0,0,0,0,0,0,0,0,0,0,0,0,0,0,0,0,45244,(11) Mainland Fjords
B056_26,10525,121.8900981,279.1535516,0,0,0,0,1,1,0,0,0,0,0,0,0,0,0,0,0,0,0,45244,(11) Mainland Fjords
B056_27,10525,120.2557644,288.1727246,0,0,0,0,0,0,0,0,0,0,0,0,0,0,0,0,0,0,0,45244,(11) Mainland Fjords
B056_28,10525,120.7376471,294.1290122,0,0,0,0,0,1,0,0,0,0,0,0,0,0,0,0,0,0,0,45244,(11) Mainland Fjords
B056_29,10525,121.0662027,302.1804091,0,0,0,0,0,0,0,0,0,0,0,0,0,0,0,0,0,0,0,45244,(11) Mainland Fjords
B056_30,10525,121.8687747,308.047188,0,0,0,0,0,0,0,0,0,0,0,0,0,0,0,0,1,0,0,45244,(11) Mainland Fjords
B056_31,10525,121.1466628,312.7357573,0,0,0,0,0,0,0,0,0,0,0,0,0,0,0,0,0,0,0,45244,(11) Mainland Fjords
B056_32,10525,121.9523522,316.9752252,0,0,0,0,0,0,0,0,0,0,0,0,0,0,0,0,0,0,0,45244,(11) Mainland Fjords
B056_33,10525,121.3462572,319.4306807,0,0,0,0,0,0,0,0,0,0,0,0,0,0,0,0,0,0,0,45244,(11) Mainland Fjords
B056_34,10525,121.2944656,318.1421777,0,0,0,0,0,0,0,0,0,0,0,0,0,0,0,0,0,0,0,45244,(11) Mainland Fjords
B056_35,10525,121.3834108,308.142749,0,0,0,0,0,0,0,0,0,0,0,0,0,0,0,0,0,0,0,45244,(11) Mainland Fjords
B056_45,10525,120.80783,206.6637485,0,0,0,0,0,0,0,0,0,0,0,0,0,0,0,0,0,0,0,45244,(11) Mainland Fjords
B056_46,10525,120.9152638,202.91677,2,0,0,3,1,0,0,0,0,0,0,0,0,0,0,0,0,0,0,45244,(11) Mainland Fjords
B056_47,10525,116.9747052,207.4765385,1,0,0,2,0,0,0,0,0,0,0,0,0,0,0,0,0,0,0,45244,(11) Mainland Fjords
B056_48,10525,121.16882,212.2399677,0,0,0,0,2,0,0,0,0,0,0,0,0,0,0,0,0,0,0,45244,(11) Mainland Fjords
B056_49,10525,121.4352633,216.2620962,0,0,0,0,0,0,0,0,0,0,0,0,0,0,0,0,0,0,0,45244,(11) Mainland Fjords
B056_50,10525,121.9941437,213.8155522,5,0,0,0,0,0,0,0,0,0,0,0,0,0,0,0,0,0,0,45244,(11) Mainland Fjords
B056_51,10525,117.6685117,210.815,0,0,0,0,0,1,0,0,0,0,0,0,0,0,0,0,0,0,0,45244,(11) Mainland Fjords
B056_52,10525,120.538903,212.5473929,1,0,0,0,1,0,0,0,0,0,0,0,0,0,0,0,0,0,0,45244,(11) Mainland Fjords
B056_53,10525,120.9535594,213.0270135,0,0,0,0,0,0,0,0,0,0,0,0,0,0,0,0,0,0,0,45244,(11) Mainland Fjords
B056_54,10525,121.7664437,211.4022778,0,0,0,0,0,0,0,0,0,0,0,0,0,0,0,0,0,0,0,45244,(11) Mainland Fjords
B056_55,10525,118.2600565,210.4403511,9,0,0,0,0,1,0,0,0,0,0,0,0,0,0,0,0,0,0,45244,(11) Mainland Fjords
B051_53,10523,121.060376,390.584989,0,0,0,0,0,0,0,0,0,0,0,0,0,0,0,0,0,0,0,46092,(11) Mainland Fjords
B051_54,10523,121.0842278,392.3244912,1,0,0,0,0,0,0,0,0,0,0,0,0,0,0,0,0,0,0,46092,(11) Mainland Fjords
B051_55,10523,120.5096053,395.5640128,1,0,0,0,0,0,0,0,0,0,0,0,0,0,0,0,0,0,0,46092,(11) Mainland Fjords
B051_57,10523,121.5697794,404.4467524,1,0,0,0,0,0,0,0,0,0,0,0,0,0,0,0,0,0,0,46092,(11) Mainland Fjords
B051_58,10523,121.4747907,405.8039247,0,0,0,0,0,0,0,0,0,0,0,0,0,0,0,0,0,0,0,46092,(11) Mainland Fjords
B051_59,10523,121.4046428,407.6385613,0,0,0,0,0,0,0,0,0,0,0,0,0,0,0,0,0,0,0,46092,(11) Mainland Fjords
B051_60,10523,48.16909657,408.2078824,0,0,0,0,0,0,0,0,0,0,0,0,0,0,0,0,0,0,0,46092,(11) Mainland Fjords
B051_1,10523,120.7659457,293.6735238,0,0,0,0,0,0,0,0,0,0,0,0,0,0,0,0,0,0,0,46093,(11) Mainland Fjords
B051_11,10523,121.6498527,311.0755976,1,0,0,0,0,0,0,0,0,0,0,0,0,0,0,0,0,0,0,46093,(11) Mainland Fjords
B051_12,10523,117.801169,309.7857105,0,0,0,0,0,0,0,0,0,0,0,0,0,0,0,0,0,0,0,46093,(11) Mainland Fjords
B051_2,10523,119.5539583,290.6885581,0,0,0,0,0,0,0,0,0,0,0,0,0,0,0,0,0,0,0,46093,(11) Mainland Fjords
B051_25,10523,121.6285453,348.3027015,0,0,0,0,0,0,0,0,0,0,0,0,0,0,0,0,0,0,0,46093,(11) Mainland Fjords
B051_26,10523,119.0358054,350.20528,0,0,0,0,0,0,0,0,0,0,0,0,0,0,0,0,0,0,0,46093,(11) Mainland Fjords
B051_27,10523,120.9617587,351.6495495,0,0,0,0,0,0,0,0,0,0,0,0,0,0,0,0,0,0,0,46093,(11) Mainland Fjords
B051_28,10523,120.173928,350.8279344,0,0,0,0,0,0,0,0,0,0,0,0,0,0,0,0,0,0,0,46093,(11) Mainland Fjords
B051_29,10523,120.459687,352.6333333,0,0,0,0,0,0,0,0,0,0,0,0,0,0,0,0,0,0,0,46093,(11) Mainland Fjords
B051_3,10523,120.213699,295.5408684,0,0,0,0,0,0,0,0,0,0,0,0,0,0,0,0,0,0,0,46093,(11) Mainland Fjords
B051_30,10523,120.5173777,356.1414366,0,0,0,0,0,0,0,0,0,0,0,0,0,0,0,0,0,0,0,46093,(11) Mainland Fjords
B051_31,10523,120.5782852,359.7137766,0,0,0,0,0,0,0,0,0,0,0,0,0,0,0,0,0,0,0,46093,(11) Mainland Fjords
B051_32,10523,121.7720066,360.5988061,0,0,0,0,0,1,0,0,0,0,0,0,0,0,0,0,0,0,0,46093,(11) Mainland Fjords
B051_33,10523,118.1148112,361.3995479,0,0,0,0,0,0,0,0,0,0,0,0,0,0,0,0,0,0,0,46093,(11) Mainland Fjords
B051_34,10523,121.9574928,364.6055571,0,0,0,0,0,0,0,0,0,0,0,0,0,0,0,0,0,0,0,46093,(11) Mainland Fjords
B051_35,10523,121.8256241,365.8480833,0,0,0,1,0,0,0,0,0,0,0,0,0,0,0,0,0,0,0,46093,(11) Mainland Fjords
B051_36,10523,121.751817,368.4216944,0,0,0,0,0,0,0,0,0,0,0,0,0,0,0,0,0,0,0,46093,(11) Mainland Fjords
B051_37,10523,121.6054257,371.1815051,0,0,0,0,0,0,0,0,0,0,0,0,0,0,0,0,0,0,0,46093,(11) Mainland Fjords
B051_38,10523,120.4260257,373.3587595,0,0,0,0,0,0,0,0,0,0,0,0,0,0,0,0,0,0,0,46093,(11) Mainland Fjords
B051_39,10523,120.2939767,374.9093412,0,0,0,0,0,0,0,0,0,0,0,0,0,0,0,0,0,0,0,46093,(11) Mainland Fjords
B051_4,10523,120.9230362,299.1299286,0,0,0,0,0,0,0,0,0,0,0,0,0,0,0,0,0,0,0,46093,(11) Mainland Fjords
B051_40,10523,121.4700863,375.4724533,0,0,0,0,0,0,0,0,0,0,0,0,0,0,0,0,0,0,0,46093,(11) Mainland Fjords
B051_41,10523,119.1300779,376.1829329,0,0,0,0,0,0,0,0,0,0,0,0,0,0,0,0,0,0,0,46093,(11) Mainland Fjords
B051_42,10523,121.3493186,376.6308077,0,0,0,0,0,0,0,0,0,0,0,0,0,0,0,0,0,0,0,46093,(11) Mainland Fjords
B051_43,10523,121.1794286,378.4227733,0,0,0,0,0,0,0,0,0,0,0,0,0,0,0,0,0,0,0,46093,(11) Mainland Fjords
B051_44,10523,121.3085241,379.2437625,0,0,0,0,0,0,0,0,0,0,0,0,0,0,0,0,0,0,0,46093,(11) Mainland Fjords
B051_45,10523,120.6263353,380.4070862,1,0,0,0,0,0,0,0,0,0,0,0,0,0,1,0,0,0,0,46093,(11) Mainland Fjords
B051_46,10523,119.9999018,381.2598082,0,0,0,0,0,0,0,0,0,0,0,0,0,0,0,0,0,0,0,46093,(11) Mainland Fjords
B051_47,10523,119.6873907,381.7368352,1,0,0,0,0,0,0,0,0,0,0,0,0,0,0,0,0,0,0,46093,(11) Mainland Fjords
B051_48,10523,121.4581375,382.27881,0,0,0,0,0,0,0,0,0,0,0,0,0,0,0,0,0,0,0,46093,(11) Mainland Fjords
B051_49,10523,121.2044338,382.4466267,0,0,0,0,0,0,0,0,0,0,0,0,0,0,0,0,0,0,0,46093,(11) Mainland Fjords
B051_5,10523,119.8960142,298.2491711,0,0,0,0,0,0,0,0,0,0,0,0,0,0,0,0,0,0,0,46093,(11) Mainland Fjords
B051_50,10523,119.3738527,383.2256167,0,0,0,0,0,0,0,0,0,0,0,0,0,0,0,0,0,0,0,46093,(11) Mainland Fjords
B051_51,10523,120.5541806,384.7316604,0,0,0,0,0,0,0,0,0,0,0,0,0,0,0,0,0,0,0,46093,(11) Mainland Fjords
B051_52,10523,121.5773291,388.7904551,0,0,0,0,0,0,0,0,0,0,0,0,0,0,0,0,0,0,0,46093,(11) Mainland Fjords
B051_6,10523,119.9788401,293.9204718,0,0,0,0,0,0,0,0,0,0,0,0,0,0,0,0,0,0,0,46093,(11) Mainland Fjords
B051_7,10523,120.3040981,292.7639329,0,0,0,0,0,0,0,0,0,0,0,0,0,1,0,0,0,0,0,46093,(11) Mainland Fjords
B051_8,10523,119.7392198,291.2549663,1,0,0,0,0,3,0,0,0,0,0,0,0,0,0,0,0,0,0,46093,(11) Mainland Fjords
B051_9,10523,118.8162244,293.1837824,0,0,0,0,0,0,0,0,0,0,0,0,0,0,0,0,0,0,0,46093,(11) Mainland Fjords
B055_1,10524,121.8290545,515.65165,0,0,0,0,0,0,0,0,0,0,0,0,0,0,0,0,0,0,0,46099,(11) Mainland Fjords
B055_10,10524,117.2913903,515.4696667,0,0,0,0,0,0,0,0,0,0,0,0,0,0,0,0,0,0,0,46099,(11) Mainland Fjords
B055_11,10524,121.0860231,515.4616279,0,0,0,0,0,0,0,0,0,0,0,0,0,0,0,0,0,0,0,46099,(11) Mainland Fjords
B055_12,10524,121.2810508,515.3561389,0,0,0,0,0,0,0,0,0,0,0,0,0,0,0,0,0,0,0,46099,(11) Mainland Fjords
B055_13,10524,120.1134738,514.2205222,0,0,0,0,0,0,0,0,0,0,0,0,0,0,0,0,0,0,0,46099,(11) Mainland Fjords
B055_14,10524,117.7843125,513.617075,0,0,0,0,0,0,0,0,0,0,0,0,0,0,0,0,0,0,0,46099,(11) Mainland Fjords
B055_17,10524,120.159526,507.1464468,0,0,0,0,0,0,0,0,0,0,0,0,0,0,0,0,0,0,0,46099,(11) Mainland Fjords
B055_18,10524,121.597815,504.5095147,0,0,0,0,0,0,0,0,0,0,0,0,0,0,0,0,2,0,0,46099,(11) Mainland Fjords
B055_19,10524,121.128274,502.7270333,0,0,0,0,0,0,0,0,0,0,0,0,0,0,0,0,0,0,0,46099,(11) Mainland Fjords
B055_2,10524,119.5277701,515.67605,0,0,0,0,0,0,0,0,0,0,0,0,0,0,0,0,0,0,0,46099,(11) Mainland Fjords
B055_20,10524,121.9293963,501.9562857,0,0,0,0,0,0,0,0,0,0,0,0,0,0,0,0,0,0,0,46099,(11) Mainland Fjords
B055_21,10524,120.7463395,500.9622636,0,0,0,0,0,0,0,0,0,0,0,0,0,0,0,0,0,0,0,46099,(11) Mainland Fjords
B055_22,10524,120.0368468,500.6137619,0,0,0,0,0,0,0,0,0,0,0,0,0,0,0,0,0,0,0,46099,(11) Mainland Fjords
B055_23,10524,119.188769,499.4140952,0,0,0,0,0,0,0,0,0,0,0,0,0,0,0,0,0,0,0,46099,(11) Mainland Fjords
B055_24,10524,121.0172502,498.8152432,0,0,0,0,0,0,0,0,0,0,0,0,0,0,0,0,0,0,0,46099,(11) Mainland Fjords
B055_25,10524,121.3984904,497.7237241,0,0,0,0,0,0,0,0,0,0,0,0,0,0,0,0,0,0,0,46099,(11) Mainland Fjords
B055_26,10524,115.7573928,496.7217037,0,0,0,0,0,0,0,0,0,0,0,0,0,0,0,0,0,0,0,46099,(11) Mainland Fjords
B055_27,10524,119.9217645,494.8925811,0,0,0,0,0,0,0,0,0,0,0,0,0,0,0,0,0,0,0,46099,(11) Mainland Fjords
B055_28,10524,121.7958306,493.2196923,0,0,0,0,0,0,0,0,0,0,0,0,0,0,0,0,1,0,0,46099,(11) Mainland Fjords
B055_29,10524,118.219394,490.8536393,0,0,0,0,0,0,0,0,0,0,0,0,0,0,0,0,0,0,0,46099,(11) Mainland Fjords
B055_3,10524,116.7121737,515.6697895,0,0,0,0,0,0,0,0,0,0,0,0,0,0,0,0,0,0,0,46099,(11) Mainland Fjords
B055_30,10524,115.9486351,488.5666226,0,0,0,0,0,0,0,0,0,0,0,0,0,0,0,0,0,0,0,46099,(11) Mainland Fjords
B055_31,10524,121.9138261,486.7455429,0,0,0,0,0,0,0,0,0,0,0,0,0,0,0,0,0,0,0,46099,(11) Mainland Fjords
B055_32,10524,121.7197778,484.2909697,0,0,0,0,0,0,0,0,0,0,0,0,0,0,0,0,0,0,0,46099,(11) Mainland Fjords
B055_33,10524,117.1680778,483.7021379,0,0,0,0,0,0,0,0,0,0,0,0,0,0,0,0,0,0,0,46099,(11) Mainland Fjords
B055_34,10524,120.0260824,482.831102,0,0,0,0,0,0,0,0,0,0,0,0,0,0,0,0,0,0,0,46099,(11) Mainland Fjords
B055_35,10524,120.223891,481.756475,0,0,0,0,0,0,0,0,0,0,0,0,0,0,0,0,0,0,0,46099,(11) Mainland Fjords
B055_36,10524,121.569651,479.5096562,0,0,0,0,0,0,0,0,0,0,0,0,0,0,0,0,0,0,0,46099,(11) Mainland Fjords
B055_37,10524,117.5180661,474.6564,0,0,0,0,0,0,0,0,0,0,0,0,0,0,0,0,0,0,0,46099,(11) Mainland Fjords
B055_4,10524,116.9921756,515.6759048,0,0,0,0,0,0,0,0,0,0,0,0,0,0,0,0,0,0,0,46099,(11) Mainland Fjords
B055_40,10524,120.2788352,452.5694407,0,0,0,0,0,0,0,0,0,0,0,0,0,0,0,0,0,0,0,46099,(11) Mainland Fjords
B055_41,10524,119.61863,445.1154125,0,0,0,0,0,0,0,0,0,0,0,0,0,0,0,0,0,0,0,46099,(11) Mainland Fjords
B055_42,10524,121.1585378,439.3921429,0,0,0,0,0,0,0,0,0,0,0,0,0,0,0,0,0,0,0,46099,(11) Mainland Fjords
B055_43,10524,121.5829681,438.8808693,0,0,0,0,0,0,0,0,0,0,0,0,0,0,0,0,1,0,0,46099,(11) Mainland Fjords
B055_44,10524,120.5704707,432.7593839,0,0,0,0,0,0,0,0,0,0,0,0,0,0,0,0,0,0,0,46099,(11) Mainland Fjords
B055_5,10524,116.9774789,515.7025758,0,0,0,0,0,0,0,0,0,0,0,0,0,0,0,0,0,0,0,46099,(11) Mainland Fjords
B055_52,10524,121.1919919,328.0994,0,0,0,0,0,0,0,0,0,0,0,0,0,0,0,0,0,0,0,46099,(11) Mainland Fjords
B055_57,10524,119.009314,361.348037,0,0,0,0,0,0,0,0,0,0,0,0,0,0,0,0,0,0,0,46099,(11) Mainland Fjords
B055_58,10524,120.0625497,361.0233492,0,0,0,0,0,0,0,0,0,0,0,0,0,0,0,0,0,0,0,46099,(11) Mainland Fjords
B055_59,10524,118.1794702,359.90155,0,0,0,0,0,0,0,0,0,0,0,0,0,0,0,0,0,0,0,46099,(11) Mainland Fjords
B055_6,10524,118.6990397,515.5022,0,0,0,0,0,0,0,0,0,0,0,0,0,0,0,0,0,0,0,46099,(11) Mainland Fjords
B055_60,10524,118.3289071,356.849125,0,0,0,0,0,0,0,0,0,0,0,0,0,0,0,0,0,0,0,46099,(11) Mainland Fjords
B055_61,10524,121.7903363,352.8246356,0,0,0,0,0,0,0,0,0,0,0,0,0,0,0,0,0,0,0,46099,(11) Mainland Fjords
B055_62,10524,120.9444569,349.4116705,0,0,0,0,0,0,0,0,0,0,0,0,0,0,0,0,0,0,0,46099,(11) Mainland Fjords
B055_63,10524,121.9354899,351.1441414,0,0,0,0,0,0,0,0,0,0,0,0,0,0,0,0,0,0,0,46099,(11) Mainland Fjords
B055_64,10524,121.5474855,350.1709907,0,0,0,0,0,0,0,0,0,0,0,0,0,0,0,0,0,0,0,46099,(11) Mainland Fjords
B055_65,10524,121.2010005,350.6692705,0,0,0,0,0,0,0,0,0,0,0,0,0,0,0,0,0,0,0,46099,(11) Mainland Fjords
B055_66,10524,121.7145447,351.7622478,0,0,0,0,0,0,0,0,0,0,0,0,0,0,0,0,0,0,0,46099,(11) Mainland Fjords
B055_67,10524,119.2601492,353.4771322,0,0,0,0,0,0,0,0,0,0,0,0,0,0,0,1,0,0,0,46099,(11) Mainland Fjords
B055_69,10524,120.3821947,353.408375,0,0,0,0,0,0,0,0,0,0,0,0,0,0,0,0,0,0,0,46099,(11) Mainland Fjords
B055_7,10524,121.513972,515.49,0,0,0,0,0,0,0,0,0,0,0,0,0,0,0,0,0,0,0,46099,(11) Mainland Fjords
B055_70,10524,121.8264736,350.3525714,0,0,0,0,0,0,0,0,0,0,0,0,0,0,0,1,0,0,0,46099,(11) Mainland Fjords
B055_71,10524,121.4493092,348.1099021,0,0,0,0,0,0,0,0,0,0,0,0,0,0,0,0,0,0,0,46099,(11) Mainland Fjords
B055_72,10524,118.4062644,351.31815,0,0,0,0,0,0,0,0,0,0,0,0,0,0,0,0,0,0,0,46099,(11) Mainland Fjords
B055_73,10524,119.7678362,353.3390732,0,0,0,0,0,0,0,0,0,0,0,0,0,0,0,0,0,0,0,46099,(11) Mainland Fjords
B055_74,10524,121.6477897,353.3120619,0,0,0,0,0,0,0,0,0,0,0,0,0,0,0,0,0,0,0,46099,(11) Mainland Fjords
B055_75,10524,120.3692384,353.3777365,0,0,0,0,0,0,0,0,0,0,0,0,0,0,0,0,0,0,0,46099,(11) Mainland Fjords
B055_76,10524,120.9110882,356.52832,0,0,0,0,0,0,0,0,0,0,0,0,0,0,0,0,0,0,0,46099,(11) Mainland Fjords
B055_77,10524,121.0018181,361.6778241,0,0,0,0,0,0,0,0,0,0,0,0,0,0,0,0,0,0,0,46099,(11) Mainland Fjords
B055_78,10524,120.6418691,364.0263611,0,0,0,0,0,0,0,0,0,0,0,0,0,0,0,0,0,0,0,46099,(11) Mainland Fjords
B055_79,10524,121.9512542,366.8256765,0,0,0,0,0,0,0,0,0,0,0,0,0,0,0,0,0,0,0,46099,(11) Mainland Fjords
B055_8,10524,120.4624205,515.4839,0,0,0,0,0,0,0,0,0,0,0,0,0,0,0,0,0,0,0,46099,(11) Mainland Fjords
B055_80,10524,117.338442,362.6453556,0,0,0,0,0,0,0,0,0,0,0,0,0,0,0,0,0,0,0,46099,(11) Mainland Fjords
B055_81,10524,121.2844523,358.0624286,0,0,0,0,0,0,0,0,0,0,0,0,0,0,0,0,0,0,0,46099,(11) Mainland Fjords
B055_82,10524,119.107409,356.6055,0,0,0,0,0,0,0,0,0,0,0,0,0,0,0,0,0,0,0,46099,(11) Mainland Fjords
B055_83,10524,116.0020924,355.2027143,0,0,0,0,0,0,0,0,0,0,0,0,0,0,0,0,0,0,0,46099,(11) Mainland Fjords
B055_9,10524,120.5918534,515.4948158,0,0,0,0,0,0,0,0,0,0,0,0,0,0,0,0,0,0,0,46099,(11) Mainland Fjords
B039_1,11789,121.8507645,375.0633862,0,0,0,0,0,0,0,0,0,0,0,0,0,0,0,0,0,0,0,54513,(11) Mainland Fjords
B039_10,11789,120.6743933,428.5451579,0,0,0,0,0,0,0,0,0,0,0,0,0,0,0,0,0,0,0,54513,(11) Mainland Fjords
B039_12,11789,121.5820739,420.1605708,0,0,0,0,0,0,0,0,0,0,0,0,0,0,0,0,0,0,0,54513,(11) Mainland Fjords
B039_13,11789,121.1659509,413.8626239,0,0,0,0,0,0,0,0,0,0,0,0,0,0,0,0,0,0,0,54513,(11) Mainland Fjords
B039_14,11789,121.5247914,396.9964928,0,0,0,0,0,0,0,0,0,0,0,0,0,0,0,0,0,0,0,54513,(11) Mainland Fjords
B039_15,11789,120.2801874,372.2478393,0,0,0,0,0,0,0,0,0,0,0,0,0,0,0,0,0,0,0,54513,(11) Mainland Fjords
B039_16,11789,120.230936,367.2626611,0,0,0,0,0,0,0,0,0,0,0,0,0,0,0,0,0,0,0,54513,(11) Mainland Fjords
B039_17,11789,121.5399446,363.2062879,0,0,0,0,0,0,0,0,0,0,0,0,0,0,0,0,0,0,0,54513,(11) Mainland Fjords
B039_18,11789,120.2294449,357.0601918,0,0,0,0,0,0,0,0,0,0,0,0,0,0,0,0,0,0,0,54513,(11) Mainland Fjords
B039_19,11789,121.4041825,351.8851882,0,0,0,0,0,0,0,0,0,0,0,0,0,0,0,0,0,0,0,54513,(11) Mainland Fjords
B039_2,11789,120.6129111,418.5013182,0,0,0,0,0,0,0,0,0,0,0,0,0,0,0,0,0,0,0,54513,(11) Mainland Fjords
B039_20,11789,121.3334942,348.4646744,0,0,0,0,0,0,0,0,0,0,0,0,0,0,0,0,0,0,0,54513,(11) Mainland Fjords
B039_21,11789,120.1608612,339.9444175,0,0,0,0,0,0,0,0,0,0,0,0,0,0,0,0,0,0,0,54513,(11) Mainland Fjords
B039_22,11789,121.9309232,333.524895,0,0,0,0,0,0,0,0,0,0,0,0,0,0,0,0,0,0,0,54513,(11) Mainland Fjords
B039_23,11789,121.9795715,321.229816,0,0,0,0,0,0,0,0,0,0,0,0,0,0,0,0,0,0,0,54513,(11) Mainland Fjords
B039_24,11789,121.8821134,313.2365821,0,0,0,0,0,0,0,0,0,0,0,0,0,0,0,0,0,0,0,54513,(11) Mainland Fjords
B039_25,11789,121.7723213,295.5613196,0,0,0,0,0,0,0,0,0,0,0,1,0,0,0,0,0,0,0,54513,(11) Mainland Fjords
B039_3,11789,120.4582636,437.8952156,0,0,0,0,0,0,0,0,0,0,0,0,0,0,0,0,0,0,0,54513,(11) Mainland Fjords
B039_4,11789,119.8944192,437.2171713,0,0,0,0,0,0,0,0,0,0,0,0,0,0,0,0,0,0,0,54513,(11) Mainland Fjords
B039_5,11789,119.1915387,435.654,0,0,0,0,0,0,0,0,0,0,0,0,0,0,0,0,0,0,0,54513,(11) Mainland Fjords
B039_6,11789,121.5106114,434.8509381,0,0,0,0,0,0,0,0,0,0,0,0,0,0,0,0,0,0,0,54513,(11) Mainland Fjords
B039_7,11789,118.8237257,433.3552132,0,0,0,0,0,0,0,0,0,0,0,0,0,0,0,0,0,0,0,54513,(11) Mainland Fjords
B039_8,11789,120.3872159,431.2610804,0,0,0,0,0,0,0,0,0,0,0,0,0,0,0,0,0,0,0,54513,(11) Mainland Fjords
B039_9,11789,118.0068142,429.9746047,0,0,0,0,0,0,0,0,0,0,0,0,0,0,0,0,0,0,0,54513,(11) Mainland Fjords
B039_26,11789,120.2443516,280.411712,0,0,0,0,0,0,0,0,0,0,0,0,0,0,0,0,0,0,0,54767,(11) Mainland Fjords
B039_27,11789,121.4753116,268.2575772,0,0,0,0,0,0,0,0,0,0,0,0,0,0,0,0,0,0,0,54767,(11) Mainland Fjords
B039_28,11789,120.3195699,260.8169219,0,0,0,0,0,0,0,0,0,0,0,0,0,0,0,0,0,0,0,54767,(11) Mainland Fjords
B039_29,11789,121.9388967,248.8462778,0,0,0,0,0,0,0,0,0,0,0,0,0,1,0,0,0,0,0,54767,(11) Mainland Fjords
B039_30,11789,121.8205635,235.5407186,0,0,0,0,0,0,0,0,0,0,0,0,0,0,0,0,0,0,0,54767,(11) Mainland Fjords
B039_31,11789,120.3026654,223.197972,0,0,0,0,0,0,0,0,0,0,0,0,0,0,0,0,0,0,0,54767,(11) Mainland Fjords
B039_32,11789,120.8110038,209.3848767,0,0,0,0,0,0,0,0,0,0,0,0,0,2,0,0,0,0,0,54767,(11) Mainland Fjords
B039_33,11789,120.5017106,201.601241,0,0,0,0,0,0,0,0,0,0,0,0,0,0,0,0,0,0,0,54767,(11) Mainland Fjords
B039_34,11789,121.5721399,192.5529167,0,0,0,0,0,0,0,0,0,0,0,0,0,0,0,0,0,0,0,54767,(11) Mainland Fjords
B039_35,11789,118.643236,184.8262863,0,0,0,0,0,0,0,0,0,0,0,0,0,0,0,0,0,0,0,54767,(11) Mainland Fjords
B039_36,11789,120.5939867,175.3058129,0,0,0,0,0,0,0,0,0,0,0,0,0,1,0,0,0,0,0,54767,(11) Mainland Fjords
B039_37,11789,121.1561318,173.5590063,0,0,0,0,0,0,0,0,0,0,0,0,0,0,0,0,0,0,0,54767,(11) Mainland Fjords
B039_38,11789,52.06354589,172.7562169,0,0,0,0,0,0,0,0,0,0,0,0,0,0,0,0,0,0,0,54767,(11) Mainland Fjords
B050_10,12417,120.1059081,361.4759889,0,0,0,0,0,0,0,0,0,0,0,0,0,0,0,0,0,0,0,58338,(11) Mainland Fjords
B050_11,12417,119.1130184,370.318898,0,1,0,2,0,0,0,0,0,0,0,0,0,0,0,0,0,0,0,58338,(11) Mainland Fjords
B050_12,12417,121.4215588,377.9391439,0,0,0,0,0,0,0,2,0,0,0,0,0,0,0,0,0,0,0,58338,(11) Mainland Fjords
B050_15,12417,121.4673104,406.3479296,0,0,0,0,0,0,0,0,0,0,0,0,0,0,0,0,0,0,0,58338,(11) Mainland Fjords
B050_16,12417,118.1667835,406.2447419,0,0,0,0,0,0,0,0,0,0,0,0,0,0,0,0,0,0,0,58338,(11) Mainland Fjords
B050_17,12417,121.575741,407.3736986,0,0,0,0,0,0,0,0,0,0,0,0,0,0,0,0,0,0,0,58338,(11) Mainland Fjords
B050_18,12417,121.9737121,408.0973911,0,0,0,0,0,0,0,0,0,0,0,0,0,0,0,0,0,0,0,58338,(11) Mainland Fjords
B050_19,12417,121.5564236,410.2647042,0,0,0,0,0,0,0,0,0,0,0,0,0,0,0,0,0,0,0,58338,(11) Mainland Fjords
B050_20,12417,121.2186147,413.1581386,0,0,0,0,0,0,0,0,0,0,0,0,0,0,0,0,0,0,0,58338,(11) Mainland Fjords
B050_21,12417,121.0864148,414.1350449,0,0,0,0,0,0,0,0,0,0,0,0,0,0,0,0,0,0,0,58338,(11) Mainland Fjords
B050_22,12417,121.8060597,417.8538438,0,0,0,0,0,0,0,0,0,0,0,0,0,0,0,0,0,0,0,58338,(11) Mainland Fjords
B050_23,12417,121.6084055,422.4151778,0,0,0,0,0,0,0,0,0,0,0,0,0,0,0,0,0,0,0,58338,(11) Mainland Fjords
B050_24,12417,120.6750368,425.6304565,0,0,0,0,0,0,0,0,0,0,0,0,0,0,0,0,0,0,0,58338,(11) Mainland Fjords
B050_25,12417,120.9640853,426.604487,0,0,0,0,0,0,0,0,0,0,0,0,0,0,0,0,0,0,0,58338,(11) Mainland Fjords
B050_9,12417,115.4237492,355.8091282,0,0,0,0,0,0,0,0,0,0,0,1,0,0,0,0,0,0,0,58338,(11) Mainland Fjords
B050_1,12417,119.203153,322.1229808,0,0,0,0,0,0,0,0,0,0,0,0,0,0,0,0,0,0,0,58339,(11) Mainland Fjords
B050_2,12417,121.8600891,325.0627353,0,0,0,0,0,0,0,0,0,0,0,0,0,0,0,0,0,0,0,58339,(11) Mainland Fjords
B050_3,12417,120.330631,322.6529935,0,0,2,0,0,0,0,0,0,0,0,0,0,0,0,0,0,0,0,58339,(11) Mainland Fjords
B050_5,12417,119.6813115,332.6001087,0,0,0,0,0,0,0,0,0,0,0,0,0,0,0,0,0,0,0,58339,(11) Mainland Fjords
B050_6,12417,121.3049122,338.7734048,0,0,1,0,0,0,0,0,0,0,0,0,0,0,0,0,0,0,0,58339,(11) Mainland Fjords
B050_7,12417,115.5751313,345.8324091,0,0,0,0,0,0,0,0,0,0,0,0,0,0,0,0,0,0,0,58339,(11) Mainland Fjords
B050_26,12417,119.5131486,428.8625487,0,0,0,0,0,0,0,0,0,0,0,0,0,0,0,0,0,0,0,58596,(11) Mainland Fjords
B050_27,12417,121.7779037,432.5236009,0,0,0,0,0,0,0,0,0,0,0,0,0,0,0,0,0,0,0,58596,(11) Mainland Fjords
B050_28,12417,121.3194248,434.4760105,0,0,0,0,0,0,0,0,0,0,0,0,0,0,0,0,0,0,0,58596,(11) Mainland Fjords
B050_29,12417,121.1460275,435.8595857,0,0,0,0,0,0,0,0,0,0,0,0,0,0,0,0,0,0,0,58596,(11) Mainland Fjords
B050_30,12417,121.6830172,437.5099682,0,0,0,0,0,0,0,0,0,0,0,0,0,0,0,0,0,0,0,58596,(11) Mainland Fjords
B050_31,12417,121.535192,438.781529,0,0,0,0,0,0,0,0,0,0,0,0,0,0,0,0,0,0,0,58596,(11) Mainland Fjords
B050_32,12417,120.8995432,439.661843,0,0,0,0,0,0,0,0,0,0,0,0,0,0,0,0,0,0,0,58596,(11) Mainland Fjords
B050_33,12417,121.564153,440.2702705,0,0,0,0,0,0,0,0,0,0,0,0,0,0,0,0,0,0,0,58596,(11) Mainland Fjords
B050_34,12417,121.0713691,441.0842381,0,0,0,0,0,0,0,0,0,0,0,0,0,0,0,0,0,0,0,58596,(11) Mainland Fjords
B050_35,12417,121.0518609,443.6265905,0,0,0,0,0,0,0,0,0,0,0,0,0,0,0,0,0,0,0,58596,(11) Mainland Fjords
B050_36,12417,121.8437967,444.6602444,0,0,0,0,0,0,0,0,0,0,0,0,0,0,0,0,0,0,0,58596,(11) Mainland Fjords
B050_37,12417,121.6527499,446.9933125,0,0,0,0,0,0,0,0,0,0,0,0,0,0,0,0,0,0,0,58596,(11) Mainland Fjords
B050_38,12417,120.4348895,450.2139286,0,0,0,0,0,0,0,0,0,0,0,0,0,0,0,0,0,0,0,58596,(11) Mainland Fjords
B050_39,12417,118.0644462,452.336382,0,0,0,0,0,0,0,0,0,0,0,0,0,0,0,0,0,0,0,58596,(11) Mainland Fjords
B050_40,12417,121.6239735,457.5016208,0,0,0,0,0,0,0,0,0,0,0,0,0,0,0,0,0,0,0,58596,(11) Mainland Fjords
B050_41,12417,65.64567098,461.3092657,0,0,0,0,0,0,0,0,0,0,0,0,0,0,0,0,0,0,0,58596,(11) Mainland Fjords
B044_1,12895,120.5805044,198.1840278,0,0,0,0,0,0,0,0,0,0,0,0,0,0,0,0,0,0,0,61912,(11) Mainland Fjords
B044_10,12895,120.3334677,256.7222022,0,0,0,0,0,0,0,0,0,0,0,0,0,2,0,0,1,0,0,61912,(11) Mainland Fjords
B044_11,12895,119.2350863,249.882615,0,0,0,0,0,0,0,0,0,0,0,0,0,0,0,0,0,0,0,61912,(11) Mainland Fjords
B044_12,12895,120.0597622,241.9851667,0,0,0,0,0,0,0,0,0,0,0,0,0,0,0,0,0,0,0,61912,(11) Mainland Fjords
B044_3,12895,121.4609392,268.5879964,0,0,0,0,0,0,0,0,0,0,0,0,0,0,0,0,0,0,0,61912,(11) Mainland Fjords
B044_4,12895,120.4927602,269.7342254,0,0,0,0,0,0,0,0,0,0,0,0,0,0,0,0,0,0,0,61912,(11) Mainland Fjords
B044_5,12895,121.0252893,269.7604305,0,0,0,0,0,0,0,0,0,0,0,0,0,0,0,0,0,0,0,61912,(11) Mainland Fjords
B044_6,12895,120.9346859,269.1049363,0,0,0,0,0,0,0,0,0,0,0,0,0,0,0,0,0,0,0,61912,(11) Mainland Fjords
B044_7,12895,121.3570726,269.1886244,0,0,0,0,0,0,0,0,0,0,0,0,0,0,0,0,0,0,0,61912,(11) Mainland Fjords
B044_8,12895,120.7376892,269.190612,0,0,0,0,0,0,0,0,0,0,0,0,0,0,0,0,0,0,0,61912,(11) Mainland Fjords
B044_9,12895,121.0343819,267.344073,0,0,0,0,0,0,0,0,0,0,0,0,0,0,0,0,0,0,0,61912,(11) Mainland Fjords
B049_1,12417,120.6286793,369.4779727,0,0,0,0,0,0,0,0,0,0,0,0,0,0,0,0,0,0,0,58856,(11) Mainland Fjords
B049_10,12417,121.4177927,422.2627704,0,0,2,0,0,1,0,0,0,0,0,0,0,0,0,0,0,0,0,58856,(11) Mainland Fjords
B049_11,12417,120.6861972,424.9837449,0,0,0,0,0,0,0,0,0,0,0,0,0,0,0,0,0,0,0,58856,(11) Mainland Fjords
B049_12,12417,116.3658932,423.8288413,0,0,0,0,0,0,0,0,0,0,0,0,0,0,0,0,0,0,0,58856,(11) Mainland Fjords
B049_13,12417,121.7022487,424.1005481,0,0,0,0,0,0,0,0,0,0,0,0,0,0,0,0,0,0,0,58856,(11) Mainland Fjords
B049_14,12417,121.4199315,422.726878,0,0,0,0,0,0,0,0,0,0,0,0,0,0,0,0,0,0,0,58856,(11) Mainland Fjords
B049_15,12417,117.4178542,419.5576827,0,0,2,0,0,0,0,0,0,0,0,0,0,0,0,0,0,0,0,58856,(11) Mainland Fjords
B049_16,12417,120.6807724,417.7432,0,0,0,0,0,0,0,0,0,0,0,0,0,0,0,0,0,0,0,58856,(11) Mainland Fjords
B049_17,12417,120.1429479,418.2808356,0,0,3,0,0,0,0,0,0,0,0,0,0,0,0,0,0,0,0,58856,(11) Mainland Fjords
B049_18,12417,121.6758989,418.8434875,0,0,3,0,0,1,0,0,0,0,0,0,0,0,0,0,0,0,0,58856,(11) Mainland Fjords
B049_19,12417,121.859614,420.2779214,0,0,0,0,0,0,0,0,0,0,0,0,0,0,0,0,0,0,0,58856,(11) Mainland Fjords
B049_20,12417,121.1747237,421.5427545,0,0,0,0,0,0,0,0,0,0,0,0,0,0,0,0,0,0,0,58856,(11) Mainland Fjords
B049_21,12417,120.3335361,422.7131778,0,0,0,0,0,0,0,0,0,0,0,0,0,0,0,0,0,0,0,58856,(11) Mainland Fjords
B049_22,12417,121.2549648,423.7655978,0,0,0,0,0,0,0,0,0,0,0,0,0,0,0,0,0,0,0,58856,(11) Mainland Fjords
B049_23,12417,119.4100352,423.8157097,0,0,0,0,0,0,1,0,0,0,0,0,0,0,0,0,0,0,0,58856,(11) Mainland Fjords
B049_24,12417,120.2362631,423.6493618,0,0,0,0,0,0,0,0,0,0,0,0,0,0,0,0,0,0,0,58856,(11) Mainland Fjords
B049_25,12417,117.7966735,421.9397013,0,0,0,0,0,0,0,0,0,0,0,0,0,0,0,0,0,0,0,58856,(11) Mainland Fjords
B049_26,12417,120.6843618,423.1438951,0,0,0,0,0,0,0,0,0,0,0,0,0,0,0,0,0,0,0,58856,(11) Mainland Fjords
B049_27,12417,119.5518979,427.4414813,0,0,0,0,0,0,2,0,0,0,0,0,0,0,0,0,0,0,0,58856,(11) Mainland Fjords
B049_28,12417,120.6069395,429.9828679,0,0,0,0,0,0,0,0,0,0,0,0,0,0,0,0,0,0,0,58856,(11) Mainland Fjords
B049_29,12417,119.7681993,430.8624444,0,0,0,0,0,0,0,0,0,0,0,0,0,0,0,0,0,0,0,58856,(11) Mainland Fjords
B049_30,12417,121.0648237,432.1611767,0,0,0,0,0,0,0,0,0,0,0,0,0,0,0,0,0,0,0,58856,(11) Mainland Fjords
B049_31,12417,121.7074482,430.2895425,0,0,0,0,0,0,0,0,0,0,0,0,0,0,0,0,0,0,0,58856,(11) Mainland Fjords
B049_32,12417,120.4897464,426.41395,0,0,0,0,0,0,0,0,0,0,0,0,0,0,0,0,0,0,0,58856,(11) Mainland Fjords
B049_33,12417,121.5413325,425.7646027,0,0,0,0,0,0,0,0,0,0,0,0,0,0,0,0,0,0,0,58856,(11) Mainland Fjords
B049_34,12417,121.742616,427.4695976,0,0,0,0,0,0,0,0,0,0,0,0,0,0,0,0,0,0,0,58856,(11) Mainland Fjords
B049_35,12417,120.8473944,427.10613,0,0,0,0,0,0,0,0,0,0,0,0,0,0,0,0,0,0,0,58856,(11) Mainland Fjords
B049_36,12417,119.4272699,429.8871163,0,0,0,0,0,0,0,0,0,0,0,0,0,0,0,0,0,0,0,58856,(11) Mainland Fjords
B049_37,12417,120.349213,428.0175571,0,0,0,0,0,0,0,0,0,0,0,0,0,0,0,0,0,0,0,58856,(11) Mainland Fjords
B049_38,12417,121.6739467,429.5939661,0,0,0,0,0,0,0,0,0,0,0,0,0,0,0,0,0,0,0,58856,(11) Mainland Fjords
B049_39,12417,118.9387026,429.3607034,0,0,0,0,0,0,0,0,0,0,0,0,0,0,0,0,0,0,0,58856,(11) Mainland Fjords
B049_4,12417,120.0999476,425.3497246,0,0,0,0,0,0,0,0,0,0,0,0,0,0,0,0,0,0,0,58856,(11) Mainland Fjords
B049_40,12417,121.8809583,428.769127,0,0,0,0,0,0,0,0,0,0,0,0,0,0,0,0,0,0,0,58856,(11) Mainland Fjords
B049_41,12417,121.4251112,431.1915017,0,0,0,0,0,0,0,1,0,0,0,0,0,0,0,0,0,0,0,58856,(11) Mainland Fjords
B049_42,12417,120.1371948,429.8088955,0,0,0,0,0,0,0,0,0,0,0,0,0,0,0,0,1,0,0,58856,(11) Mainland Fjords
B049_43,12417,121.2120921,427.550388,0,0,0,0,0,0,1,0,0,0,0,0,0,0,0,0,0,0,0,58856,(11) Mainland Fjords
B049_44,12417,121.8769564,428.7623933,0,0,0,0,0,0,0,0,0,0,0,0,0,0,0,0,0,0,0,58856,(11) Mainland Fjords
B049_45,12417,121.7234828,427.7774524,0,0,0,0,0,0,0,0,0,0,0,0,0,0,0,0,0,0,0,58856,(11) Mainland Fjords
B049_46,12417,121.3764856,426.6777076,0,0,0,0,0,0,0,0,0,0,0,0,0,0,0,0,0,0,0,58856,(11) Mainland Fjords
B049_47,12417,120.8980278,426.1602398,0,0,0,0,0,0,0,0,0,0,0,0,0,0,0,0,0,0,0,58856,(11) Mainland Fjords
B049_48,12417,121.6328367,428.4128971,0,0,0,0,0,0,0,0,0,0,0,0,0,0,0,0,0,0,0,58856,(11) Mainland Fjords
B049_49,12417,119.6144729,427.6506753,0,0,0,0,0,0,0,0,0,0,0,0,0,0,0,0,0,0,0,58856,(11) Mainland Fjords
B049_5,12417,120.0636215,425.5044091,0,0,0,0,0,2,0,0,0,0,0,0,0,0,0,0,0,0,0,58856,(11) Mainland Fjords
B049_50,12417,121.2075631,426.2251842,0,0,0,0,0,0,0,0,0,0,0,0,0,0,0,0,0,0,0,58856,(11) Mainland Fjords
B049_51,12417,119.7857111,424.0566187,0,0,0,0,0,0,0,0,0,0,0,0,0,0,0,0,0,0,0,58856,(11) Mainland Fjords
B049_52,12417,120.9048913,422.3783864,0,0,0,0,0,0,0,0,0,0,0,0,0,0,0,0,0,0,0,58856,(11) Mainland Fjords
B049_53,12417,119.2006476,422.1629649,0,0,0,0,0,0,0,0,0,0,0,0,0,0,0,0,0,0,0,58856,(11) Mainland Fjords
B049_54,12417,120.8782291,423.7826111,0,0,0,0,0,0,0,1,0,0,0,0,0,0,0,0,0,0,0,58856,(11) Mainland Fjords
B049_55,12417,120.8773184,421.4392093,0,0,0,0,0,0,0,0,0,0,0,0,0,0,0,0,0,0,0,58856,(11) Mainland Fjords
B049_56,12417,121.1842028,423.0990746,0,0,0,0,0,0,0,0,0,0,0,0,0,0,0,0,0,0,0,58856,(11) Mainland Fjords
B049_57,12417,120.976676,425.2248684,0,0,0,0,0,2,0,0,0,0,0,0,0,0,0,0,0,0,0,58856,(11) Mainland Fjords
B049_58,12417,120.7303791,431.2399036,0,0,0,0,0,0,0,0,0,0,0,0,0,0,0,0,0,0,0,58856,(11) Mainland Fjords
B049_59,12417,121.8584509,436.0152151,0,0,0,0,0,0,0,0,0,0,0,0,0,0,0,0,0,0,0,58856,(11) Mainland Fjords
B049_6,12417,119.4389839,425.167875,0,0,0,0,0,0,0,0,0,0,0,0,0,0,0,0,0,0,0,58856,(11) Mainland Fjords
B049_60,12417,118.382099,436.9287079,0,0,0,0,1,0,0,1,0,0,0,0,0,0,0,0,0,0,0,58856,(11) Mainland Fjords
B049_61,12417,118.7134688,437.1949038,0,0,0,0,0,0,0,0,0,0,0,0,0,0,0,0,0,0,0,58856,(11) Mainland Fjords
B049_62,12417,121.2770381,439.4631494,0,0,0,0,0,0,0,0,0,0,0,0,0,0,0,0,0,0,0,58856,(11) Mainland Fjords
B049_63,12417,120.3747986,439.140935,0,0,0,0,0,0,0,0,0,0,0,0,0,0,0,0,0,0,0,58856,(11) Mainland Fjords
B049_64,12417,121.5731539,437.9091313,0,0,0,0,0,0,0,0,0,0,0,0,0,0,0,0,0,0,0,58856,(11) Mainland Fjords
B049_65,12417,121.8604216,434.1568441,0,0,0,0,0,0,0,1,0,0,0,0,0,0,0,0,0,0,0,58856,(11) Mainland Fjords
B049_66,12417,120.5435789,429.806027,0,0,0,0,0,0,0,0,0,0,0,0,0,0,0,0,0,0,0,58856,(11) Mainland Fjords
B049_67,12417,120.9511591,430.1812369,0,0,0,0,0,0,0,0,0,0,0,0,0,0,0,0,0,0,0,58856,(11) Mainland Fjords
B049_68,12417,121.9909619,431.684625,0,0,0,0,0,0,0,0,0,0,0,0,0,0,0,0,0,0,0,58856,(11) Mainland Fjords
B049_69,12417,121.9071771,433.6275862,0,0,0,0,0,0,0,0,0,0,0,0,0,0,0,0,0,0,0,58856,(11) Mainland Fjords
B049_7,12417,120.3265676,423.4494653,0,0,9,0,0,0,0,1,0,0,0,0,0,0,0,0,0,0,0,58856,(11) Mainland Fjords
B049_70,12417,121.4301625,435.7414286,0,0,0,0,0,0,0,0,0,0,0,0,0,0,0,0,0,0,0,58856,(11) Mainland Fjords
B049_71,12417,121.0751927,435.0614138,0,0,0,0,0,0,0,0,0,0,0,0,0,0,0,0,0,0,0,58856,(11) Mainland Fjords
B049_72,12417,120.9790958,433.2152288,0,0,0,0,0,0,0,0,0,0,0,0,0,0,0,0,0,0,0,58856,(11) Mainland Fjords
B049_73,12417,121.7946457,429.8842118,0,0,0,0,0,0,0,0,0,0,0,0,0,0,0,0,0,0,0,58856,(11) Mainland Fjords
B049_74,12417,120.7737288,429.0780722,0,0,0,0,0,2,1,0,0,0,0,0,0,0,0,0,0,0,0,58856,(11) Mainland Fjords
B049_75,12417,120.686051,429.7931053,0,0,0,0,0,0,0,0,0,0,0,0,0,0,0,0,0,0,0,58856,(11) Mainland Fjords
B049_76,12417,118.3409125,430.5193846,0,0,0,0,0,0,0,0,0,0,0,0,0,0,0,0,0,0,0,58856,(11) Mainland Fjords
B049_77,12417,33.33063575,430.1135,0,0,0,0,0,0,0,0,0,0,0,0,0,0,0,0,0,0,0,58856,(11) Mainland Fjords
B049_8,12417,121.0027906,421.4574551,0,0,1,0,0,1,0,0,0,0,0,0,0,0,0,0,0,0,0,58856,(11) Mainland Fjords
B049_9,12417,121.7907576,420.87366,0,0,0,0,0,0,0,0,0,0,0,0,0,0,0,0,0,0,0,58856,(11) Mainland Fjords
B043_19,12739,116.2440362,382.6867963,0,0,0,0,0,0,0,0,0,0,0,0,0,0,0,0,0,0,0,60914,(11) Mainland Fjords
B043_20,12739,120.7823842,406.2116883,0,0,0,0,0,0,0,0,0,0,0,0,0,0,0,0,0,0,0,60914,(11) Mainland Fjords
B043_21,12739,121.5775662,426.1415882,0,0,0,0,0,0,0,0,0,0,0,0,0,0,0,0,0,0,0,60914,(11) Mainland Fjords
B043_22,12739,121.0267908,423.9493061,0,0,0,0,0,0,0,0,0,0,0,0,0,0,0,0,0,0,0,60914,(11) Mainland Fjords
B043_23,12739,119.5919469,423.3266364,0,0,0,0,0,0,0,0,0,0,0,0,0,0,0,0,0,0,0,60914,(11) Mainland Fjords
B043_24,12739,117.9442207,416.5198784,0,0,0,0,0,0,0,0,0,0,0,0,0,0,0,0,0,0,0,60914,(11) Mainland Fjords
B043_25,12739,120.5206874,397.6188646,0,0,0,0,0,0,0,0,0,0,0,0,0,0,0,0,0,0,0,60914,(11) Mainland Fjords
B043_26,12739,121.8558319,393.5383043,0,0,0,0,0,0,0,0,0,0,0,0,0,0,0,0,0,0,0,60914,(11) Mainland Fjords
B043_27,12739,118.9251979,387.3917766,0,0,0,0,0,0,0,0,0,0,0,0,0,0,0,0,0,0,0,60914,(11) Mainland Fjords
B043_28,12739,121.7538344,377.2028947,0,0,0,0,0,0,0,0,0,0,0,0,0,0,0,0,0,0,0,60914,(11) Mainland Fjords
B043_29,12739,119.1606254,366.7544362,0,0,0,0,0,0,0,0,0,0,0,0,0,0,0,0,0,0,0,60914,(11) Mainland Fjords
B043_31,12739,119.1592373,348.9328537,0,0,0,0,0,0,0,0,0,0,0,0,0,0,0,0,0,0,0,60914,(11) Mainland Fjords
B043_32,12739,119.4424013,331.91184,0,0,0,0,0,1,0,0,0,0,0,0,0,0,0,0,0,0,0,60914,(11) Mainland Fjords
B043_37,12739,121.7052884,295.7165854,0,0,0,0,0,0,0,0,0,0,0,0,0,0,0,0,0,0,0,60914,(11) Mainland Fjords
B043_38,12739,120.717838,295.6241607,0,0,0,0,0,2,0,0,0,0,0,0,0,0,0,0,0,0,0,60914,(11) Mainland Fjords
B043_39,12739,121.8895275,294.413871,1,0,0,0,0,0,0,0,0,0,0,0,0,0,0,0,0,0,0,60914,(11) Mainland Fjords
B043_40,12739,121.4132995,295.6543369,0,0,0,0,0,0,0,0,0,0,0,0,0,0,0,0,0,0,0,60914,(11) Mainland Fjords
B043_41,12739,120.840983,294.9878527,2,0,0,0,0,0,0,0,0,0,0,0,0,0,0,0,0,0,0,60914,(11) Mainland Fjords
B043_42,12739,121.1915837,292.1104706,0,0,0,0,0,0,0,0,0,0,0,0,0,0,0,0,0,0,0,60914,(11) Mainland Fjords
B043_43,12739,119.3009665,288.6383312,0,0,0,0,0,0,0,0,0,0,0,0,0,1,0,0,0,0,0,60914,(11) Mainland Fjords
B043_44,12739,120.701712,286.3165317,0,0,0,0,0,0,0,0,0,0,0,0,0,0,0,0,0,0,0,60914,(11) Mainland Fjords
B043_45,12739,119.08268,285.8829146,0,0,0,0,0,0,0,0,0,0,0,0,0,0,0,0,0,0,0,60914,(11) Mainland Fjords
B043_46,12739,119.0372753,284.2654684,0,0,0,0,0,0,0,0,0,0,0,0,0,0,0,0,0,0,0,60914,(11) Mainland Fjords
B043_47,12739,121.7967543,283.9615059,0,0,0,0,0,0,0,0,0,0,0,0,0,0,0,0,0,0,0,60914,(11) Mainland Fjords
B043_48,12739,98.71010215,278.4564699,0,0,0,0,0,0,0,0,0,0,0,0,0,0,0,0,0,0,0,60914,(11) Mainland Fjords
B042_1,12739,120.3006332,100.4247283,0,0,0,0,0,0,0,0,0,0,0,0,0,0,0,0,0,0,0,60915,(11) Mainland Fjords
B042_10,12739,121.5398564,135.2884522,0,0,0,0,0,0,0,0,0,0,0,0,0,0,0,0,0,0,0,60915,(11) Mainland Fjords
B042_11,12739,121.5433309,135.4060092,0,1,0,0,0,3,0,0,0,0,0,0,0,0,0,0,0,0,0,60915,(11) Mainland Fjords
B042_12,12739,121.9825817,137.9032694,0,0,0,0,0,1,0,0,0,0,0,0,0,0,0,0,0,0,0,60915,(11) Mainland Fjords
B042_13,12739,121.3740582,139.4234774,0,0,0,0,0,0,0,0,0,1,0,0,0,0,0,0,0,0,0,60915,(11) Mainland Fjords
B042_2,12739,121.4527541,137.3409767,0,1,0,0,0,0,0,0,0,0,0,0,0,0,0,0,0,0,0,60915,(11) Mainland Fjords
B042_3,12739,120.8550281,141.1826172,0,0,0,0,0,0,0,0,0,1,0,0,0,0,0,0,0,0,0,60915,(11) Mainland Fjords
B042_4,12739,121.05638,144.0793762,0,0,0,0,0,0,0,0,0,0,0,0,0,1,0,1,0,0,0,60915,(11) Mainland Fjords
B042_5,12739,121.2846831,143.5994402,0,0,0,0,0,0,0,0,0,0,0,0,0,1,0,0,0,0,0,60915,(11) Mainland Fjords
B042_6,12739,120.64322,143.3759531,0,1,0,0,0,0,0,0,0,0,0,0,0,0,0,0,0,0,0,60915,(11) Mainland Fjords
B042_7,12739,119.4965575,139.8256989,0,0,0,0,0,0,0,0,0,0,0,0,0,1,0,0,0,0,0,60915,(11) Mainland Fjords
B042_8,12739,119.9961214,135.031855,0,0,0,0,0,0,0,0,0,0,0,0,0,0,0,0,0,0,0,60915,(11) Mainland Fjords
B042_9,12739,121.0449911,135.2016165,0,0,0,0,0,0,0,0,0,0,0,0,0,0,0,0,0,0,0,60915,(11) Mainland Fjords
B043_11,12739,119.8703035,371.3805763,0,0,0,0,0,0,0,0,0,0,0,0,0,0,0,0,0,0,0,60915,(11) Mainland Fjords
B043_2,12739,121.2592563,417.1987297,0,0,0,0,0,0,0,0,0,0,0,0,0,0,0,0,0,0,0,60915,(11) Mainland Fjords
B043_3,12739,121.8309878,413.5168351,0,0,0,0,0,1,0,0,0,0,0,0,0,0,0,0,1,0,0,60915,(11) Mainland Fjords
B043_4,12739,120.2880927,403.5354545,0,1,1,0,0,3,0,0,0,0,0,0,0,0,0,0,0,0,0,60915,(11) Mainland Fjords
B043_5,12739,117.6877662,398.2239474,0,0,0,0,0,1,0,0,0,0,0,0,0,0,0,0,0,0,0,60915,(11) Mainland Fjords
B043_6,12739,121.1536971,395.4087643,0,0,0,0,0,0,0,0,0,0,0,0,0,0,0,0,0,0,0,60915,(11) Mainland Fjords
B043_7,12739,118.788214,381.1466795,0,0,0,0,0,0,0,0,0,0,0,0,0,0,0,0,0,0,0,60915,(11) Mainland Fjords
B043_8,12739,117.9711731,374.540902,0,0,0,0,0,0,0,0,0,0,0,0,0,0,0,0,0,0,0,60915,(11) Mainland Fjords
B043_9,12739,121.9514284,372.6176333,0,0,0,0,0,0,0,0,0,0,0,0,0,0,0,0,0,0,0,60915,(11) Mainland Fjords
B040_1,12741,121.6726243,216.3748466,0,0,0,0,0,0,0,0,0,0,0,0,0,0,0,0,0,1,0,60668,(11) Mainland Fjords
B040_2,12741,121.1085571,213.5050771,0,0,0,0,0,0,0,0,0,0,0,0,0,0,0,0,0,0,0,60668,(11) Mainland Fjords
B040_3,12741,121.8924071,198.6934724,0,0,0,0,0,0,0,0,0,0,0,0,0,0,0,0,0,0,0,60668,(11) Mainland Fjords
B040_4,12741,121.245125,183.6167275,0,0,0,0,0,0,0,0,0,0,0,0,0,1,0,0,0,0,0,60668,(11) Mainland Fjords
B040_5,12741,103.8793203,172.0281766,0,0,0,0,0,0,0,0,0,0,0,0,0,0,0,0,0,0,0,60668,(11) Mainland Fjords
B041_1,12741,119.8524829,302.4278361,0,0,0,0,0,0,0,0,0,0,0,0,0,0,0,0,0,0,0,60668,(11) Mainland Fjords
B041_10,12741,120.5168805,201.9444962,0,0,0,0,0,0,0,0,0,0,0,0,0,0,0,0,0,0,0,60668,(11) Mainland Fjords
B041_11,12741,69.79910542,170.5716392,0,0,0,0,0,0,0,0,0,0,0,0,0,1,0,0,0,0,0,60668,(11) Mainland Fjords
B041_3,12741,118.3846403,374.4818179,0,0,0,0,0,0,0,0,0,0,0,0,0,1,0,0,0,0,0,60668,(11) Mainland Fjords
B041_4,12741,120.4865478,352.6794561,0,0,0,0,0,0,0,0,0,0,0,0,0,1,0,0,0,0,0,60668,(11) Mainland Fjords
B041_5,12741,121.1488805,329.1435305,0,0,0,0,0,0,0,0,0,0,0,0,0,0,0,0,0,0,0,60668,(11) Mainland Fjords
B041_6,12741,120.0881127,319.966473,0,1,0,0,0,0,0,0,0,0,0,0,0,0,0,0,0,0,0,60668,(11) Mainland Fjords
B041_7,12741,121.4927882,291.368015,0,1,0,0,0,0,0,0,0,0,0,0,0,1,0,0,0,0,0,60668,(11) Mainland Fjords
B041_8,12741,121.153641,268.4534925,0,0,0,0,0,0,0,0,0,0,0,0,0,0,0,0,0,0,0,60668,(11) Mainland Fjords
B041_9,12741,120.8899039,243.5917442,0,0,0,0,0,0,0,0,0,0,0,0,0,2,0,0,0,0,0,60668,(11) Mainland Fjords
B042_14,12897,121.6033258,135.2032484,0,0,0,0,0,0,0,0,0,0,0,0,0,0,0,0,0,0,0,61161,(11) Mainland Fjords
B042_15,12897,121.7397055,130.3112451,0,0,0,0,0,0,0,0,0,0,0,0,0,0,0,1,0,0,0,61161,(11) Mainland Fjords
B042_16,12897,121.1370609,121.8675496,0,0,0,0,0,0,0,0,0,4,0,0,0,0,0,0,0,0,0,61161,(11) Mainland Fjords
B042_17,12897,121.4431258,110.1933913,0,3,0,0,0,1,0,0,0,1,0,0,0,0,0,0,0,0,0,61161,(11) Mainland Fjords
B042_18,12897,121.6593005,98.18986292,0,0,0,0,0,0,0,0,0,2,0,0,0,0,0,0,0,0,0,61161,(11) Mainland Fjords
B042_19,12897,121.603338,89.26909604,0,0,0,0,0,0,0,0,0,0,0,0,0,0,0,0,0,0,0,61161,(11) Mainland Fjords
B042_20,12897,121.94147,84.74384582,0,0,0,0,0,0,0,0,0,0,0,0,0,0,0,0,0,0,0,61161,(11) Mainland Fjords
B042_21,12897,120.9448212,73.01592188,0,0,0,0,0,0,0,0,0,1,0,0,0,0,0,1,0,0,0,61161,(11) Mainland Fjords
B042_22,12897,100.1284184,60.54308543,0,0,0,0,0,0,0,0,0,0,0,0,0,0,0,0,0,0,1,61161,(11) Mainland Fjords
B048_1,13050,120.6361778,364.730703,0,0,0,0,0,0,0,0,0,0,0,0,0,0,0,0,0,0,0,62144,(11) Mainland Fjords
B048_10,13050,121.1028095,551.2055816,0,0,0,0,0,0,0,0,0,0,0,0,0,0,0,0,0,0,0,62144,(11) Mainland Fjords
B048_11,13050,121.9318776,551.5662586,0,0,0,0,0,0,0,0,0,0,0,0,0,0,0,0,0,0,0,62144,(11) Mainland Fjords
B048_15,13050,115.3499223,541.6922381,0,0,0,0,0,0,0,0,0,0,0,0,0,0,0,0,0,0,0,62144,(11) Mainland Fjords
B048_16,13050,121.3617749,546.1636111,0,0,0,0,0,0,0,0,0,0,0,0,0,0,0,0,0,0,0,62144,(11) Mainland Fjords
B048_17,13050,118.2544925,545.9483431,0,0,0,0,0,0,0,0,0,0,0,0,0,0,0,0,0,0,0,62144,(11) Mainland Fjords
B048_18,13050,117.9568852,543.423141,0,0,0,0,0,0,0,0,0,0,0,0,0,0,0,0,0,0,0,62144,(11) Mainland Fjords
B048_19,13050,40.774357,540.6610476,0,0,0,0,0,0,0,0,0,0,0,0,0,0,0,0,0,0,0,62144,(11) Mainland Fjords
B048_3,13050,120.8385825,468.5422277,0,0,0,0,0,0,0,0,0,0,0,0,0,0,0,0,0,0,0,62144,(11) Mainland Fjords
B048_5,13050,121.7318987,536.306885,0,0,0,0,0,0,0,0,0,0,0,0,0,0,0,0,0,0,0,62144,(11) Mainland Fjords
B048_6,13050,121.6145596,550.8639316,0,0,0,0,0,0,0,0,0,0,0,0,0,0,0,0,0,0,0,62144,(11) Mainland Fjords
B048_7,13050,121.1800766,550.8656,0,0,0,0,0,0,0,0,0,0,0,0,0,0,0,0,0,0,0,62144,(11) Mainland Fjords
B048_8,13050,120.5226742,550.873084,0,0,0,0,0,0,0,0,0,0,0,0,0,0,0,0,0,0,0,62144,(11) Mainland Fjords
B048_9,13050,121.687028,550.899126,0,0,0,0,0,0,0,0,0,0,0,0,0,0,0,0,0,0,0,62144,(11) Mainland Fjords
B047_1,13050,121.8699257,59.13767974,0,0,0,0,0,0,0,0,0,0,3,0,4,0,0,0,0,1,0,62395,(11) Mainland Fjords
B047_10,13050,121.2153604,119.2158084,0,0,0,0,0,1,29,1,36,0,0,0,0,0,0,0,0,0,0,62395,(11) Mainland Fjords
B047_11,13050,121.6478337,121.7032687,0,0,0,0,0,0,10,0,68,0,0,0,0,0,0,0,0,0,0,62395,(11) Mainland Fjords
B047_12,13050,121.2867108,112.2707912,0,0,0,0,0,0,8,0,0,0,0,0,0,0,0,0,0,0,0,62395,(11) Mainland Fjords
B047_13,13050,121.9781793,98.09139692,2,0,0,0,0,0,57,0,0,0,0,0,3,0,0,1,0,0,2,62395,(11) Mainland Fjords
B047_14,13050,121.045417,94.88008185,0,0,0,0,0,0,42,0,0,0,0,0,0,0,0,1,0,0,0,62395,(11) Mainland Fjords
B047_15,13050,121.3191999,94.62263137,0,0,0,0,0,0,0,0,0,0,0,0,2,0,0,4,0,0,0,62395,(11) Mainland Fjords
B047_16,13050,121.1026574,91.81718093,0,1,0,0,0,0,0,0,0,0,0,0,1,0,0,0,0,0,0,62395,(11) Mainland Fjords
B047_17,13050,121.6088506,88.24961634,0,0,0,0,0,0,0,0,0,0,0,0,0,0,0,0,0,0,0,62395,(11) Mainland Fjords
B047_18,13050,121.8508956,83.09705319,0,0,0,0,0,0,1,0,0,1,0,0,0,0,0,0,0,0,0,62395,(11) Mainland Fjords
B047_19,13050,121.4906711,79.98893003,0,0,0,0,0,0,2,0,0,0,0,0,0,0,0,0,0,0,0,62395,(11) Mainland Fjords
B047_2,13050,118.0601313,61.83048253,0,0,0,0,0,0,0,0,0,0,0,0,8,0,0,0,0,0,0,62395,(11) Mainland Fjords
B047_20,13050,121.4860794,82.33219349,0,0,0,0,0,0,0,0,0,0,1,0,0,0,0,2,0,0,0,62395,(11) Mainland Fjords
B047_21,13050,120.9313255,90.72123469,0,0,0,0,0,0,0,0,0,0,0,0,0,0,0,0,0,0,0,62395,(11) Mainland Fjords
B047_22,13050,121.2063123,102.0469048,0,0,0,0,0,0,0,0,0,0,0,0,0,0,0,0,0,0,0,62395,(11) Mainland Fjords
B047_23,13050,121.6393486,107.750026,0,0,0,0,0,0,0,0,0,0,0,0,0,0,0,0,0,0,0,62395,(11) Mainland Fjords
B047_24,13050,45.34782316,108.9764693,0,0,0,0,0,0,0,0,0,0,0,0,0,0,0,0,0,0,0,62395,(11) Mainland Fjords
B047_3,13050,120.1491166,71.75257292,0,0,0,0,0,0,0,0,0,0,2,0,0,0,0,0,0,0,0,62395,(11) Mainland Fjords
B047_4,13050,119.3634575,81.30932489,0,0,0,0,0,0,0,0,0,0,0,0,0,0,0,0,0,0,0,62395,(11) Mainland Fjords
B047_5,13050,120.8546197,96.86691232,0,0,0,0,0,0,1,0,0,0,0,0,2,0,0,0,0,0,0,62395,(11) Mainland Fjords
B047_6,13050,121.8855049,106.3024097,0,0,0,0,0,8,2,0,5,0,0,0,1,0,0,3,0,0,0,62395,(11) Mainland Fjords
B047_7,13050,121.8220579,105.2651103,0,1,0,0,0,0,19,0,13,0,0,0,1,0,0,1,0,0,0,62395,(11) Mainland Fjords
B047_8,13050,121.0961891,110.0212299,0,0,0,0,0,0,13,0,0,0,0,0,0,0,0,0,0,0,0,62395,(11) Mainland Fjords
B047_9,13050,120.9680728,114.0405496,0,1,0,0,0,0,4,0,4,0,0,0,0,0,0,0,0,0,0,62395,(11) Mainland Fjords
B045_10,13054,121.6206381,145.0001061,0,0,0,0,0,0,0,0,0,0,0,0,0,0,0,0,0,0,0,62898,(11) Mainland Fjords
B045_11,13054,120.7089224,141.8354238,0,0,0,0,0,0,0,2,0,1,0,0,0,0,0,0,0,0,2,62898,(11) Mainland Fjords
B045_12,13054,120.9640133,139.3303824,0,0,0,0,0,0,0,3,0,0,0,0,0,1,0,0,0,0,0,62898,(11) Mainland Fjords
B045_13,13054,121.5136071,135.4346556,0,0,0,0,0,0,0,0,0,0,0,0,0,0,0,0,0,0,0,62898,(11) Mainland Fjords
B045_14,13054,121.5569332,140.0977097,0,0,0,0,0,0,0,3,0,0,0,0,0,0,0,0,0,0,0,62898,(11) Mainland Fjords
B045_15,13054,121.9755577,143.2344153,0,0,0,0,0,0,0,0,0,0,0,0,0,0,0,0,0,0,0,62898,(11) Mainland Fjords
B045_16,13054,120.8349472,135.2901361,0,0,0,0,0,3,0,0,0,0,0,0,0,1,0,2,0,0,0,62898,(11) Mainland Fjords
B045_17,13054,119.8146574,134.9862053,0,0,0,0,0,0,0,6,0,1,0,0,0,0,0,0,0,0,0,62898,(11) Mainland Fjords
B045_18,13054,120.9123763,141.9076636,0,0,0,0,0,0,0,3,0,1,0,0,0,0,0,0,0,0,0,62898,(11) Mainland Fjords
B045_19,13054,121.6708205,151.1032308,0,0,0,0,0,0,0,0,0,0,0,0,0,0,0,0,0,0,0,62898,(11) Mainland Fjords
B045_20,13054,120.7508344,158.4644837,0,0,0,0,0,0,0,0,0,0,0,0,0,0,0,0,0,0,0,62898,(11) Mainland Fjords
B045_21,13054,120.5167023,166.1460464,0,0,0,0,0,0,0,1,0,0,0,0,0,0,0,0,0,0,0,62898,(11) Mainland Fjords
B045_22,13054,120.1086679,174.620875,0,0,0,0,0,0,0,1,0,0,0,0,0,0,0,0,0,0,0,62898,(11) Mainland Fjords
B045_23,13054,121.9833189,183.7627632,0,1,0,0,0,0,0,0,0,0,0,0,0,0,0,0,0,0,0,62898,(11) Mainland Fjords
B045_24,13054,120.52862,190.0140449,0,0,0,0,0,0,0,0,0,0,0,0,0,0,0,0,0,0,0,62898,(11) Mainland Fjords
B045_25,13054,119.5144288,193.229358,0,0,0,0,0,0,0,0,0,0,0,0,0,0,0,0,0,0,0,62898,(11) Mainland Fjords
B045_26,13054,120.8729331,195.5052456,0,0,0,0,0,1,0,0,0,0,0,0,0,1,0,0,0,0,0,62898,(11) Mainland Fjords
B045_27,13054,120.7069299,196.6329535,0,0,0,0,0,0,0,0,0,0,0,0,0,0,0,0,0,0,0,62898,(11) Mainland Fjords
B045_28,13054,121.623748,197.9428571,0,0,0,0,0,0,0,0,0,0,0,0,0,1,0,0,0,0,0,62898,(11) Mainland Fjords
B045_29,13054,120.3060164,199.9744524,0,1,0,0,0,1,0,0,0,0,0,0,0,0,0,0,0,0,0,62898,(11) Mainland Fjords
B045_30,13054,118.0828461,201.8223563,0,0,0,0,0,0,0,0,0,0,0,0,0,0,0,0,0,0,0,62898,(11) Mainland Fjords
B045_31,13054,121.8529176,203.65076,0,0,0,0,0,0,0,0,0,0,0,0,0,0,0,0,0,0,0,62898,(11) Mainland Fjords
B045_32,13054,118.5941844,205.4983947,0,0,0,0,0,0,0,0,0,0,0,0,0,0,0,0,0,0,0,62898,(11) Mainland Fjords
B045_33,13054,119.37068,207.0646866,0,0,0,0,0,1,0,0,0,0,0,0,0,0,0,0,0,0,0,62898,(11) Mainland Fjords
B045_34,13054,120.113174,207.1087045,0,0,0,0,0,0,0,0,0,0,0,0,0,1,0,0,0,0,0,62898,(11) Mainland Fjords
B045_35,13054,91.91497096,207.0202424,0,0,0,0,0,0,0,0,0,0,0,0,0,0,0,0,0,0,0,62898,(11) Mainland Fjords
B045_36,13054,90.22420611,204.354,0,0,0,0,0,0,0,0,0,0,0,0,0,0,0,0,0,0,0,62898,(11) Mainland Fjords
B045_7,13054,119.7661778,148.6861115,0,0,0,0,0,0,0,5,0,2,0,0,0,0,0,0,0,0,0,62898,(11) Mainland Fjords
B045_8,13054,120.5544914,148.8561324,0,0,0,0,0,0,0,0,0,0,0,0,0,0,0,0,0,0,0,62898,(11) Mainland Fjords
B045_9,13054,121.0934947,147.3118986,0,0,0,0,0,1,0,5,0,0,0,0,0,0,0,0,0,0,0,62898,(11) Mainland Fjords
B046_1,13212,120.7136593,69.56049097,0,0,0,0,0,0,0,0,0,0,0,0,0,0,0,0,0,0,0,63146,(11) Mainland Fjords
B046_2,13212,121.413269,76.69811471,0,0,0,0,0,0,0,0,0,0,0,0,0,0,0,0,0,0,0,63146,(11) Mainland Fjords
B046_3,13212,121.8400467,80.61579493,0,0,0,0,0,0,0,0,0,0,0,0,0,0,0,0,0,0,4,63146,(11) Mainland Fjords
B046_4,13212,119.7431315,82.86022165,0,0,0,0,0,0,0,0,0,0,0,0,0,0,0,0,0,0,0,63146,(11) Mainland Fjords
B046_5,13212,121.4815038,79.98024026,0,0,0,0,0,0,0,0,0,1,0,0,0,0,0,0,0,0,0,63146,(11) Mainland Fjords
B046_6,13212,120.6849405,74.07180662,0,0,0,0,0,0,0,0,0,2,2,0,0,0,0,0,0,0,1,63146,(11) Mainland Fjords
B046_7,13212,120.2955834,65.86057287,0,0,0,0,0,0,0,0,0,0,1,0,0,0,0,0,0,0,0,63146,(11) Mainland Fjords
B046_8,13212,105.9569235,74.5702625,0,0,0,0,0,0,0,0,0,0,0,0,0,0,0,0,0,0,0,63146,(11) Mainland Fjords
B045_1,13212,120.6720266,156.8470246,0,0,0,0,0,0,0,0,0,0,0,0,0,0,0,0,0,0,0,63148,(11) Mainland Fjords
B045_2,13212,119.917702,157.8731092,0,0,0,0,0,1,0,0,0,0,0,0,0,0,0,0,0,0,0,63148,(11) Mainland Fjords
B045_3,13212,119.3923279,156.8984178,1,0,0,0,0,0,0,0,0,0,0,0,0,0,0,0,0,0,0,63148,(11) Mainland Fjords
B045_4,13212,121.8093089,157.0605588,0,0,0,0,0,0,0,0,0,0,0,0,0,0,0,0,0,0,0,63148,(11) Mainland Fjords
B045_5,13212,121.4215003,154.210958,0,0,0,0,0,2,1,3,0,0,0,0,0,0,0,0,0,0,0,63148,(11) Mainland Fjords
B045_6,13212,120.2200452,147.6415057,0,0,0,0,0,0,1,4,0,0,0,0,0,0,0,0,0,0,0,63148,(11) Mainland Fjords
