DescriptiveID,Transect Number,Depth,GlassSponge1,GlassSponge2,GlassSponge3,PU_1Km_ID,PU_4Km_ID
trp-09-10-2020,1,29,0,0,0,35260,8941
trp-09-10-2020,2,18,0,0,0,35260,8941
trp-09-10-2020,3,6,0,0,0,35260,8941
gul-10-09-2020,1,23,0,0,0,36794,9099
gul-10-09-2020,2,16,0,0,0,36794,9099
cur-10-09-2020,1,30,0,0,0,35042,8783
cur-10-09-2020,2,18,0,0,0,35042,8783
viv-10-09-2020,1,27,0,0,0,36563,9098
viv-10-09-2020,2,18,0,0,0,36563,9098
gr2-11-09-2020,1,32,0,0,0,36361,9102
gr2-11-09-2020,2,22,0,0,0,36361,9102
sim1-11-09-2020,1,24,0,0,0,37288,9260
sim1-11-09-2020,2,16,0,0,0,37288,9260
sim1-11-09-2020,3,5,0,0,0,37288,9260
cnv-11-09-2020,1,30,0,0,0,36143,9102
br-18-10-16,1,33,0,0,0,33323,8470
br-18-10-16,2,23,0,0,0,33323,8470
cp-20-10-16,1,32,0,0,0,28581,7688
cp-20-10-16,2,22,0,0,0,28581,7688
dc-13-7-16,1,20,1,1,1,51072,11330
dc-13-7-16,2,23,1,1,1,51072,11330
dc-13-7-16,3,10,0,0,0,51072,11330
eu1-12-7-16,1,27,0,0,0,51600,11330
eu2-12-7-16,1,28,1,1,1,51336,11330
fe-20-10-16,1,33,1,1,1,29401,7846
fe-20-10-16,2,22,0,0,0,29401,7846
fp-20-10-16,1,33,0,0,0,26774,7374
fp-20-10-16,2,21,0,0,0,26774,7374
gi1-22-10-16,1,33,0,0,0,36804,9102
gi1-22-10-16,2,20,0,0,0,36804,9102
gi2-22-10-16,1,33,0,0,0,36361,9102
gi2-22-10-16,2,21,0,0,0,36361,9102
hc-23-10-16,1,33,0,0,0,36599,9108
hc-23-10-16,2,24,0,0,0,36599,9108
kd13_001,1,12,0,0,0,59855,12559
kd13_001,2,12,0,0,0,59855,12559
kd13_002,1,15,0,0,0,59079,12558
kd13_002,2,15,0,0,0,59079,12558
kd13_003,1,16,0,0,0,51789,11455
kd13_003,2,16,0,0,0,51789,11455
kd13_004,1,18,0,0,0,53135,11611
kd13_005,1,18,0,0,0,56767,12096
kd13_005,2,18,0,0,0,56767,12096
kd13_006,1,17,0,0,0,52354,11460
kd13_006,2,17,0,0,0,52354,11460
kd13_007,1,23,0,0,0,53954,11774
kd13_008,1,16,0,0,0,58061,12411
kd13_008,2,18,0,0,0,58061,12411
kd13_009,1,13,0,0,0,58324,12412
kd13_009,2,13,0,0,0,58324,12412
kd13_010,1,8,0,0,0,54750,11780
kd13_010,2,5,0,0,0,54750,11780
kd15-1,1,19,0,0,0,56514,12096
kd15-1,2,18,,,,56514,12096
kd15-10,1,29,0,0,0,46644,10675
kd15-10,2,17,0,0,0,46644,10675
kd15-11,1,23,0,0,0,46930,10675
kd15-11,2,15,0,0,0,46930,10675
kd15-12,1,18,0,0,0,58862,12419
kd15-12,2,13,0,0,0,58862,12419
kd15-2,1,22,0,0,0,58833,12409
kd15-3,1,26,0,0,0,52636,11463
kd15-3,2,15,0,0,0,52636,11463
kd15-4,1,24,0,0,0,53433,11619
kd15-5,1,26,0,0,0,51573,11310
kd15-5,2,18,0,0,0,51573,11310
kd15-6,1,15,0,0,0,54239,11785
kd15-6,2,15,0,0,0,54239,11785
kd15-7,1,21,0,0,0,57551,12258
kd15-8,1,27,0,0,0,58060,12411
kd15-8,2,18,0,0,0,58060,12411
kd15-9,1,24,,,,58580,12411
kd-16-8-16_1,1,21,0,0,0,53140,11612
kd-16-8-16_1,2,16,0,0,0,53140,11612
kd-16-8-16_2,1,26,0,0,0,54718,11771
kd-16-8-16_2,2,16,,,,54718,11771
kd-16-8-16_3,1,18,,,,51810,11460
kd-16-8-16_3,2,22,,,,51810,11460
kd-17-8-16_1,1,27,,,,47215,10676
kd-17-8-16_1,2,20,,,,47215,10676
kd-17-8-16_2,1,27,0,0,0,47215,10676
kd-17-8-16_2,2,18,0,0,0,47215,10676
kd-17-8-16_3,1,22,,,,46930,10675
kd-17-8-16_3,2,16,,,,46930,10675
kd-18-8-16_1,1,23,,,,48885,10990
kd-18-8-16_1,2,17,,,,48885,10990
kd-18-8-16_2,1,23,,,,48626,10990
kd-18-8-16_3,1,27,,,,46929,10675
kd-18-8-16_3,2,19,,,,46929,10675
kd-19-8-16_1,1,27,,,,56757,12093
kd-19-8-16_1,2,18,,,,56757,12093
kd-19-8-16_2,1,26,,,,56503,12093
kd-19-8-16_2,2,19,,,,56503,12093
kd-19-8-16_3,1,25,,,,57023,12251
kd-19-8-16_3,2,17,,,,57023,12251
kd-20-8-16_1,1,24,,,,58031,12400
kd-20-8-16_1,2,19,,,,58031,12400
kd-20-8-16_2,1,27,0,0,0,57766,12242
kd-20-8-16_2,2,20,0,0,0,57766,12242
kd-20-8-16_3,1,23,,,,55733,11926
kd-20-8-16_3,2,16,0,0,0,55733,11926
kd-20-8-16_4,1,29,0,0,0,54964,11926
kd-20-8-16_4,2,25,0,0,0,54964,11926
kd-21-8-16_1,1,25,,,,58574,12409
kd-21-8-16_1,2,19,,,,58574,12409
kd-21-8-16_2,1,15,0,0,0,58058,12410
kd-21-8-16_2,2,28,0,0,0,58058,12410
kd-21-8-16_3,1,29,,,,58580,12411
kd-21-8-16_3,2,20,,,,58580,12411
kd-21-8-16_4,1,26,0,0,0,58320,12411
kd-21-8-16_4,2,21,0,0,0,58320,12411
kd-22-8-16_1,1,30,0,0,0,53954,11774
kd-22-8-16_1,2,19,0,0,0,53954,11774
kd-22-8-16_2,1,24,0,0,0,52085,11460
kd-22-8-16_2,2,18,0,0,0,52085,11460
kd-22-8-16_3,1,25,,,,51549,11302
kd-22-8-16_3,2,18,0,0,0,51549,11302
kd-23-8-16_1,1,29,,,,63629,13194
kd-23-8-16_1,2,18,,,,63629,13194
kd-23-8-16_2,1,27,0,0,0,63374,13193
kd-23-8-16_2,2,17,0,0,0,63374,13193
kd-23-8-16_3,1,18,0,0,0,62617,13035
kd-23-8-16_4,1,29,0,0,0,62120,13034
kd-23-8-16_4,2,17,0,0,0,62120,13034
kd-24-3-16_1,1,22,0,0,0,56514,12096
kd-24-3-16_1,2,17,,,,56514,12096
kd-24-8-16_1,1,19,0,0,0,59619,12566
kd-24-8-16_1,2,13,0,0,0,59619,12566
kd-24-8-16_2,1,28,0,0,0,59871,12565
kd-24-8-16_2,2,17,0,0,0,59871,12565
kd-24-8-16_3,1,29,,,,59102,12566
kd-24-8-16_3,2,18,,,,59102,12566
kd-25-3-16_1,1,28,0,0,0,51573,11310
kd-25-3-16_1,2,19,0,0,0,51573,11310
kd-25-3-16_2,1,17,0,0,0,56515,12096
kd-25-8-16_1,1,30,0,0,0,55783,11947
kd-25-8-16_1,2,18,,,,55783,11947
kd-25-8-16_2,1,28,,,,61161,12897
kd-25-8-16_2,2,20,0,0,0,61161,12897
kd-25-8-16_3,1,28,0,0,0,63151,13213
kd-25-8-16_3,2,20,0,0,0,63151,13213
kd-28-3-16_1,1,28,0,0,0,49431,10994
kd-28-3-16_1,2,17,0,0,0,49431,10994
kd-28-3-16_2,1,20,,,,46664,10680
kd-28-3-16_2,2,16,0,0,0,46664,10680
kd-31-3-16,1,20,,,,55514,11938
kw-23-10-16,1,32,0,0,0,30058,8001
kw-23-10-16,2,20,0,0,0,30058,8001
ky-23-10-16,1,33,0,0,0,32908,8476
ky-23-10-16,2,20,0,0,0,32908,8476
li-20-10-16,1,30,0,0,0,26563,7214
li-20-10-16,2,20,0,0,0,26563,7214
mr-18-10-16,1,33,1,1,1,34401,8787
mr-18-10-16,2,20,0,0,0,34401,8787
nm-23-10-16,1,33,1,1,1,35293,8950
nm-23-10-16,2,21,0,0,0,35293,8950
nr-13-7-16,1,23,1,1,1,53222,11648
nr-13-7-16,2,30,1,1,1,53222,11648
pr-21-10-16,1,30,0,0,0,31166,8156
pr-21-10-16,2,20,0,0,0,31166,8156
rb-13-7-16,1,16,1,1,1,51343,11332
rr-21-10-16,1,33,0,0,0,30944,8157
rr-21-10-16,2,21,0,0,0,30944,8157
sb-21-10-16,1,31,0,0,0,32237,8314
sb-21-10-16,2,20,0,0,0,32237,8314
sm1-22-10-16,1,29,0,0,0,37288,9260
sm1-22-10-16,2,20,0,0,0,37288,9260
sm2-22-10-16,1,33,0,0,0,37289,9260
sm2-22-10-16,2,22,0,0,0,37289,9260
rr-20-03-2017,1,30,1,1,1,53954,11774
li-23-03-2017,1,30,0,0,0,57290,12253
li-23-03-2017,2,23,0,0,0,57290,12253
fi-24-03-17,1,27,1,1,1,51044,11311
ap-28-03-2017,1,30,0,0,0,55000,11937
ap-28-03-2017,2,23,0,0,0,55000,11937
bi-29-03-2017,1,22,0,0,0,56251,12088
bi-29-03-2017,2,26,0,0,0,56251,12088
bi-30-03-2017,1,34,0,0,0,56001,12088
bi-30-03-2017,2,23,0,0,0,56001,12088
ncp-15-04-2019,1,24,0,0,2,28384,7688
ncp-15-04-2019,2,15,0,0,0,28384,7688
ncp-15-04-2019,3,5,0,0,0,28384,7688
klh-16-04-2019,1,25,0,0,0,23434,6740
klh-16-04-2019,2,17,0,0,0,23434,6740
klh-16-04-2019,3,4,0,0,0,23434,6740
cra-16-04-2019,1,30,0,0,0,23435,6740
cra-16-04-2019,2,17,0,0,0,23435,6740
cra-16-04-2019,3,9,0,0,0,23435,6740
hmp-16-04-2019,1,30,3,3,3,23845,6741
hmp-16-04-2019,2,19,0,0,0,23845,6741
hmp-16-04-2019,3,9,0,0,0,23845,6741
mjb-17-04-2019,1,27,0,0,0,24691,6899
mjb-17-04-2019,2,16,0,0,0,24691,6899
mjb-17-04-2019,3,6,0,0,0,24691,6899
shb-17-04-2019,1,21,0,0,0,24482,6899
shb-17-04-2019,2,15,0,0,0,24482,6899
shb-17-04-2019,3,9,0,0,0,24482,6899
myp-17-04-2019,1,30,3,3,3,24056,6742
myp-17-04-2019,2,22,0,2,2,24056,6742
mor-12-04-2019,1,24,0,0,0,26981,7373
mor-12-04-2019,2,10,0,0,0,26981,7373
mor-12-04-2019,3,6,0,0,0,26981,7373
nn1-18-04-2019,1,30,2,2,2,32691,8484
nn1-18-04-2019,2,15,2,2,2,32691,8484
nn1-18-04-2019,3,12,0,0,0,32691,8484
erb-18-04-2019,1,28,1,1,0,33994,8643
erb-18-04-2019,2,18,0,0,0,33994,8643
erb-18-04-2019,3,7,0,0,0,33994,8643
nn2-18-04-2019,1,25,0,0,0,32472,8326
nn2-18-04-2019,2,15,0,0,0,32472,8326
nn2-18-04-2019,3,15,0,0,0,32472,8326
rps-18-04-2019,1,15,3,2,1,30519,8010
rps-18-04-2019,2,10,0,0,0,30519,8010
rps-18-04-2019,3,12,3,2,2,30519,8010
tbi-05-05-2019,1,26,0,0,0,45542,10528
tbi-05-05-2019,2,16,0,0,0,45542,10528
tbo-05-05-2019,1,27,0,0,0,45258,10528
tbo-05-05-2019,2,17,0,0,0,45258,10528
knw-20-05-2019,1,28,0,0,0,60415,12743
knw-20-05-2019,2,18,0,0,0,60415,12743
knp-20-05-2019,1,30,0,0,0,60411,12742
knp-20-05-2019,2,20,1,1,1,60411,12742
bbm-21-05-2019,1,30,0,0,0,60923,12741
bbm-21-05-2019,2,22,0,0,0,60923,12741
fmp-22-05-2019,1,25,0,0,0,55266,11943
fmp-22-05-2019,2,15,0,0,0,55266,11943
kbp-13-05-2019,1,28,0,0,0,58580,12411
kbp-13-05-2019,2,20,0,0,0,58580,12411
or1-25-06-2019,1,30,1,1,1,42826,10063
or1-25-06-2019,2,20,0,0,0,42826,10063
or2-25-06-2019,1,30,1,1,1,43100,10221
or2-25-06-2019,2,20,0,0,0,43100,10221
or2-25-06-2019,3,5,0,0,0,43100,10221
bwb-26-06-2019,1,30,4,4,4,45001,10382
bwb-26-06-2019,2,22,1,1,1,45001,10382
bwb-26-06-2019,3,5,0,0,0,45001,10382
bih-26-06-2019,1,30,2,1,1,45001,10382
lb-01-04-2017,1,20,0,0,0,54229,11779
lb-01-04-2017,2,17,1,1,1,54229,11779
hg-02-04-2017,1,35,0,0,0,63401,13213
hg-02-04-2017,2,22,0,0,0,63401,13213
lr-03-04-2017,1,26,1,1,1,46672,10682
lr-03-04-2017,2,21,0,0,0,46672,10682
st-12-04-2017,1,34,0,0,0,33537,8628
st-12-04-2017,2,24,0,0,0,33537,8628
sp-12-04-2017,1,30,0,0,0,30715,7997
sp-12-04-2017,2,20,0,0,0,30715,7997
sb-12-04-2017,1,31,0,0,0,33320,8470
sb-12-04-2017,2,20,0,0,0,33320,8470
nm-13-04-2017,1,34,1,1,1,40617,9732
nm-13-04-2017,2,20,1,1,1,40617,9732
sm-13-04-2017,1,30,0,0,0,39604,9573
mt-13-04-2017,1,30,0,0,0,41165,9890
mt-13-04-2017,2,19,0,0,0,41165,9890
fr-14-04-2017,1,26,1,1,1,26549,7208
fr-14-04-2017,2,18,1,1,1,26549,7208
sl-14-04-2017,1,34,0,0,0,30941,8156
sl-14-04-2017,2,20,0,0,0,30941,8156
ur-14-04-2017,1,30,0,0,0,25319,7052
ur-14-04-2017,2,20,0,0,0,25319,7052
sr-15-04-2017,1,30,0,0,0,23031,6581
sr-15-04-2017,2,20,0,0,0,23031,6581
ss-15-04-2017,1,26,0,0,0,23432,6739
rr-15-04-2017,1,30,0,0,0,21933,6423
rr-15-04-2017,2,20,0,0,0,21933,6423
fe-15-04-2017,1,30,0,0,0,22157,6423
fe-15-04-2017,2,19,0,0,0,22157,6423
cr-16-04-2017,1,30,0,0,0,35042,8783
cr-16-04-2017,2,20,0,0,0,35042,8783
li-16-04-2017,1,30,0,0,0,41987,10046
li-16-04-2017,2,17,0,0,0,41987,10046
vr-16-04-2017,1,30,0,0,0,36562,9097
vr-16-04-2017,2,18,0,0,0,36562,9097
tr-16-04-2017,1,25,0,0,0,39843,9730
tr-16-04-2017,2,18,0,0,0,39843,9730
pb-17-04-2017,1,30,0,0,0,37039,9259
pb-17-04-2017,2,21,0,0,0,37039,9259
pl-17-04-2017,1,30,0,0,0,37285,9259
pl-17-04-2017,2,21,0,0,0,37285,9259
sp-17-04-2017,1,30,0,0,0,35706,8944
sp-17-04-2017,2,18,0,0,0,35706,8944
gl-17-04-2017,1,30,0,0,0,36361,9102
gl-17-04-2017,2,20,0,0,0,36361,9102
dk-18-04-2017,1,29,0,0,0,31809,8314
dk-18-04-2017,2,18,0,0,0,31809,8314
ni-18-04-2017,1,32,0,0,0,33767,8632
ni-18-04-2017,2,18,0,0,0,33767,8632
sr-18-04-2017,1,26,0,0,0,31808,8314
sr-18-04-2017,2,20,0,0,0,31808,8314
mr-18-04-2017,1,30,0,0,0,31166,8156
mr-18-04-2017,2,20,0,0,0,31166,8156
lpt-09-09-2017,1,30,0,0,0,52650,11470
lpt-09-09-2017,2,22,0,0,0,52650,11470
npt-21-09-2017,1,30,0,0,0,31807,8313
npt-21-09-2017,2,16,0,0,0,31807,8313
stp-21-09-2017,1,30,0,0,0,32234,8314
stp-21-09-2017,2,21,0,0,0,32234,8314
rtp-21-09-2017,1,26,0,0,0,30945,8157
rtp-22-09-2017,2,16,0,0,0,30945,8157
rtp-22-09-2017,3,5,0,0,0,30945,8157
fgl-22-09-2017,1,29,0,0,0,40884,9889
fgl-22-09-2017,2,17,0,0,0,40884,9889
mcm-22-09-2017,1,30,0,0,0,40617,9732
mcm-22-09-2017,2,18,0,0,0,40617,9732
trq-23-09-2017,1,27,0,0,0,33752,8628
trq-23-09-2017,2,17,0,0,0,33752,8628
gos-23-09-2017,1,26,0,0,0,35477,8941
gos-23-09-2017,2,17,0,0,0,35477,8941
brp-23-09-2017,1,29,0,0,0,34614,8786
brp-23-09-2017,2,17,0,0,0,34614,8786
cvs-24-09-2017,1,29,1,1,1,28784,7688
cvs-24-09-2017,2,10,0,0,0,28784,7688
kos--24-09-2017,1,27,0,0,0,32688,8476
kos--24-09-2017,2,16,0,0,0,32688,8476
kws--24-09-2017,1,30,1,1,1,29831,7843
kws--24-09-2017,2,18,0,0,0,29831,7843
slw-25-09-2017,1,30,0,0,0,30941,8156
slw-25-09-2017,2,18,0,0,0,30941,8156
odl-25-09-2017,1,30,0,0,0,31165,8156
odl-25-09-2017,2,18,0,0,0,31165,8156
rtb-25-09-2017,1,22,0,0,0,31169,8157
rtb-25-09-2017,2,15,0,0,0,31169,8157
fes-26-09-2017,1,27,1,1,1,28785,7688
fes-26-09-2017,2,16,1,1,1,28785,7688
wby-26-09-2017,1,30,1,1,1,31613,8160
wby-26-09-2017,2,18,1,1,1,31613,8160
lrk1--28-03-2018,1,29,0,0,0,56494,12088
lrk1--28-03-2018,2,15,0,0,0,56494,12088
jhb-08-08-2018,1,27,1,1,0,26374,7218
mcp-13-08-2018,1,30,2,2,2,30075,8010
mcp-13-08-2018,2,20,0,0,0,30075,8010
mcp-13-08-2018,3,5,0,0,0,30075,8010
gia-22-08-2018,1,20,0,0,0,37031,9257
gia-22-08-2018,2,5,0,0,0,37031,9257
cpl-28-06-2018,1,31,0,0,0,60673,12743
cpl-28-06-2018,2,16,0,0,0,60673,12743
cpl-28-06-2018,3,6,0,0,0,60673,12743
sem-11-04-2019,1,26,1,0,0,28190,7534
sem-11-04-2019,2,18,0,2,0,28190,7534
sem-11-04-2019,3,6,0,0,0,28190,7534
clp-12-04-2019,1,30,0,0,0,24678,6896
clp-12-04-2019,2,18,0,0,0,24678,6896
sor-12-04-2019,1,19,0,0,0,24468,6896
sor-12-04-2019,2,16,0,0,0,24468,6896
sor-12-04-2019,3,10,0,0,0,24468,6896
fry-13-04-2019,1,25,0,0,0,25962,7215
fry-13-04-2019,2,18,0,0,0,25962,7215
dcb-13-04-2019,1,25,0,0,0,24276,6900
dcb-13-04-2019,2,17,0,0,0,24276,6900
dcb-13-04-2019,3,10,0,0,0,24276,6900
dry-13-04-2019,1,24,1,1,0,25765,7060
dry-13-04-2019,2,18,2,2,2,25765,7060
dry-13-04-2019,3,12,0,0,0,25765,7060
svr-14-04-2019,1,30,0,0,1,29193,7846
svr-14-04-2019,2,18,0,0,0,29193,7846
svr-14-04-2019,3,6,0,0,0,29193,7846
nrp-14-04-2019,1,30,3,3,3,28787,7689
nrp-14-04-2019,2,18,0,0,0,28787,7689
nrp-14-04-2019,3,8,0,0,0,28787,7689
ife-14-04-2019,1,28,0,0,0,28790,7689
ife-14-04-2019,2,18,0,0,0,28790,7689
brk-14-04-2019,1,24,0,0,0,28786,7688
brk-14-04-2019,2,16,0,0,0,28786,7688
brk-14-04-2019,3,6,0,0,0,28786,7688
nbi-15-04-2019,1,30,3,3,3,28987,7687
nbi-15-04-2019,2,18,3,3,3,28987,7687
nbi-15-04-2019,3,18,3,3,3,28987,7687
ilp-15-04-2019,1,30,0,0,0,29614,7845
ilp-15-04-2019,2,18,0,0,0,29614,7845
ilp-15-04-2019,3,6,0,0,0,29614,7845
hep-15-04-2019,1,30,2,2,2,28581,7688
hep-15-04-2019,2,18,1,1,1,28581,7688
hep-15-04-2019,3,9,0,0,0,28581,7688
bih-26-06-2019,2,18,0,0,0,45001,10382
bc1-27-06-2019,1,25,0,0,0,39389,9586
bc1-27-06-2019,2,15,0,0,0,39389,9586
bc1-27-06-2019,3,5,0,0,0,39389,9586
bc2-27-06-2019,1,28,2,2,2,40140,9745
bc2-27-06-2019,2,18,0,0,0,40140,9745
bc2-27-06-2019,3,8,0,0,0,40140,9745
bc3-27-06-2019,1,30,3,3,3,42823,10062
bc3-27-06-2019,2,22,3,3,3,42823,10062
itl-02-07-2019,1,33,4,4,4,47566,10863
itl-02-07-2019,2,16,0,0,0,47566,10863
itl-02-07-2019,3,8,0,0,0,47566,10863
fgp-02_07_2019,1,18,0,0,0,48677,11021
fgp-02_07_2019,2,12,0,0,0,48677,11021
wic-02-07-2019,1,26,3,3,3,48414,10863
wic-02-07-2019,2,16,3,3,3,48414,10863
nnc-03-07-2019,1,24,0,0,0,44186,10389
nnc-03-07-2019,2,13,0,0,0,44186,10389
lcw-03-07-2019,1,30,0,4,2,42295,10075
lcw-03-07-2019,2,18,0,0,0,42295,10075
lcw-03-07-2019,3,5,0,0,0,42295,10075
ed1-04-07-2019,1,27,1,3,3,51339,11331
ed1-04-07-2019,2,16,0,1,4,51339,11331
ed2-04-07-2019,1,25,3,3,3,51339,11331
ed2-04-07-2019,2,14,0,0,0,51339,11331
ed2-04-07-2019,3,5,0,0,0,51339,11331
nsc-04-07-2019,1,24,0,0,0,56292,12124
nsc-04-07-2019,2,15,0,0,0,56292,12124
nsc-04-07-2019,3,5,0,0,0,56292,12124
wcp-04-07-2019,1,25,3,3,3,54264,11806
wcp-04-07-2019,2,15,0,0,0,54264,11806
wcp-04-07-2019,3,5,0,0,0,54264,11806
che-10-08-2019,1,30,0,0,0,43600,10203
che-10-08-2019,2,22,0,0,0,43600,10203
cmm-10-08-2019,1,29,0,0,0,43060,10203
cmm-10-08-2019,2,22,0,0,0,43060,10203
dcp-11-08-2019,1,27,0,0,0,41722,9889
dcp-11-08-2019,2,18,0,0,0,41722,9889
trk-11-08-2019,1,25,0,0,0,42795,10046
trk-11-08-2019,2,23,0,0,0,42795,10046
rim-11-08-2019,1,27,0,0,0,42255,10046
rim-11-08-2019,2,20,0,0,0,42255,10046
wil-12-08-2019,1,28,1,1,1,41180,9895
wil-12-08-2019,2,22,0,1,1,41180,9895
moi-12-08-2019,1,29,1,2,2,40376,9736
moi-12-08-2019,2,19,0,0,0,40376,9736
llm-13-08-2019,1,30,0,0,0,38676,9419
llm-13-08-2019,2,18,0,0,0,38676,9419
3br-13-08-2019,1,30,0,0,0,38218,9418
3br-13-08-2019,2,18,0,0,0,38218,9418
dlp-14-08-2019,1,28,2,1,1,47245,10685
dlp-14-08-2019,2,18,1,1,1,47245,10685
jrp-14-08-2019,1,30,1,1,1,47817,10845
rbw-15-08-2019,1,28,0,0,0,43620,10211
rbw-15-08-2019,2,16,0,0,0,43620,10211
otm-15-08-2019,1,30,0,0,0,43617,10210
otm-15-08-2019,2,18,0,0,0,43617,10210
jop-17-08-2019,1,28,0,0,0,51573,11310
jop-17-08-2019,2,18,0,0,0,51573,11310
emp-17-08-2019,1,28,0,0,0,57551,12258
emp-17-08-2019,2,15,0,0,0,57551,12258
jkm-18-08-2019,1,27,0,0,0,54511,11788
jkm-18-08-2019,2,18,0,0,0,54511,11788
jkm-18-08-2019,3,5,0,0,0,54511,11788
stp-18_08_2019,1,27,0,0,0,54767,11789
stp-18_08_2019,2,18,0,0,0,54767,11789
odl-19-08-2019,1,30,2,2,2,53195,11630
odl-19-08-2019,2,20,0,0,0,53195,11630
arp-19-08-2019,1,30,1,2,2,51581,11314
arp-19-08-2019,2,22,0,0,0,51581,11314
arp-19-08-2019,3,7,0,0,0,51581,11314
alx-20-08-2019,1,26,0,0,0,58071,12415
alx-20-08-2019,2,18,0,0,0,58071,12415
sph-21-08-2019,1,30,0,0,0,58851,12416
sph-21-08-2019,2,20,0,0,0,58851,12416
dsp-28-08-2019,1,34,2,1,4,49743,11174
dsp-28-08-2019,2,20,0,0,0,49743,11174
lbp-29-08-2019,1,30,1,2,1,48671,11016
lbp-29-08-2019,2,20,2,3,3,48671,11016
sb1-04-09-2019,1,26,0,0,0,41759,9917
sb1-04-09-2019,2,15,0,0,0,41759,9917
sb2-04-09-2019,1,33,4,4,4,41220,9918
sb2-04-09-2019,2,14,0,0,0,41220,9918
bcc-05-09-2019,1,28,0,0,0,38689,9445
bcc-05-09-2019,2,15,0,0,0,38689,9445
mur-05-09-2019,1,24,0,0,0,42028,10075
mur-05-09-2019,2,18,0,0,0,42028,10075
buc-05-09-2019,1,24,0,2,2,42294,10074
buc-05-09-2019,2,12,0,0,0,42294,10074
mkw-13-03-2021,1,27,1,0,0,30053,8000
mkw-13-03-2021,2,18,0,0,0,30053,8000
mkw-13-03-2021,3,5,0,0,0,30053,8000
shh-13-03-2021,1,29,3,3,3,29830,7843
shh-13-03-2021,2,18,1,1,1,29830,7843
shh-13-03-2021,3,6,0,0,0,29830,7843
rtk-13-03-2021,1,29,0,0,0,31603,8157
rtk-13-03-2021,2,18,0,0,0,31603,8157
brs-07-03-2021,1,30,0,0,0,34620,8787
brs-07-03-2021,2,17,0,0,0,34620,8787
brs-07-03-2021,3,5,0,0,0,34620,8787
wdc-07-03-2021,1,31,0,0,1,32676,8473
wdc-07-03-2021,2,17,0,0,0,32676,8473
lrk2-28-03-2018,1,30,0,0,0,56494,12088
lrk2-28-03-2018,2,18,0,0,0,56494,12088
mpt-29-03-2018,1,27,0,0,0,64935,13361
mpt-29-03-2018,2,18,0,0,0,64935,13361
mpt-29-03-2018,3,9,0,0,0,64935,13361
brr-29-03-2018,1,27,1,1,1,64416,13361
brr-29-03-2018,2,18,0,0,0,64416,13361
brr-29-03-2018,3,7,,,,64416,13361
prs-29-03-2018,1,23,0,0,0,58842,12412
prs-29-03-2018,2,18,,,,58842,12412
prs-29-03-2018,3,9,,,,58842,12412
snr-30-03-2018,1,31,0,0,0,55241,11932
snr-30-03-2018,2,20,0,0,0,55241,11932
lsm-31-03-2018,1,31,0,0,0,51022,11304
lsm-31-03-2018,2,21,0,0,0,51022,11304
wmi-01-04-2018,1,31,,,,57033,12254
wmi-01-04-2018,2,20,0,0,0,57033,12254
wmi-01-04-2018,3,8,0,0,0,57033,12254
nwm-02-04-2018,1,25,0,0,0,52353,11460
nwm-02-04-2018,2,18,0,0,0,52353,11460
sww-02-04-2018,1,26,0,0,0,52889,11617
sww-02-04-2018,2,20,0,0,0,52889,11617
sww-02-04-2018,3,9,0,0,0,52889,11617
t83-04-04-2018,1,30,0,0,0,63901,13206
t83-04-04-2018,2,18,0,0,0,63901,13206
t83-04-04-2018,3,8,0,0,0,63901,13206
fih-04-04-2018,1,30,0,0,0,62641,13050
fih-04-04-2018,2,18,0,0,0,62641,13050
fih-04-04-2018,3,6,0,0,0,62641,13050
pap-27-06-2018,1,31,0,0,0,59121,12574
pap-27-06-2018,2,20,0,0,0,59121,12574
osc-04-07-2018,1,28,0,0,0,52655,11471
osc-04-07-2018,2,17,0,0,0,52655,11471
osc-04-07-2018,3,5,0,0,0,52655,11471
kbn-29-06-2018,1,30,0,0,0,55003,11938
kbn-29-06-2018,2,17,0,0,0,55003,11938
kbn-29-06-2018,3,5,,,,55003,11938
kkm-29-06-2018,1,25,0,0,0,55261,11939
kkm-29-06-2018,2,18,0,0,0,55261,11939
kkm-29-06-2018,3,8,0,0,0,55261,11939
nmi-30-06-2018,1,34,0,0,0,46642,10674
nmi-30-06-2018,2,17,0,0,0,46642,10674
nmi-30-06-2018,3,8,0,0,0,46642,10674
mot-30-06-2018,1,29,0,0,0,49148,10990
mot-30-06-2018,2,24,0,0,0,49148,10990
prd-01-07-2018,1,30,0,0,0,58060,12411
prd-01-07-2018,2,17,0,0,0,58060,12411
prd-01-07-2018,3,6,0,0,0,58060,12411
osm-01-07-2018,1,30,0,0,0,55006,11939
osm-01-07-2018,2,17,0,0,0,55006,11939
osm-01-07-2018,3,7,0,0,0,55006,11939
dbb-28-06-2018,1,29,2,1,1,60668,12741
dbb-28-06-2018,2,18,0,0,0,60668,12741
dbb-28-06-2018,3,6,0,0,0,60668,12741
kwl-24-07-2018,1,34,0,1,1,40927,9904
kwl-24-07-2018,2,22,0,0,0,40927,9904
kwl-24-07-2018,3,5,0,0,0,40927,9904
trg1-25-08-2018,1,30,1,1,1,40105,9733
trg1-25-08-2018,2,22,0,0,0,40105,9733
trg2-25-08-2018,1,30,0,0,0,40105,9733
adl-12-09-2019,1,31,3,1,3,28778,7686
adl-12-09-2019,2,20,0,1,1,28778,7686
adl-12-09-2019,3,5,0,0,0,28778,7686
ilm-12-09-2019,1,23,0,0,0,29398,7845
ilm-12-09-2019,2,12,0,0,0,29398,7845
ilm-12-09-2019,3,5,0,0,0,29398,7845
kwp1-13-09-2019,1,30,2,2,2,31178,8160
kwp1-13-09-2019,2,18,0,0,0,31178,8160
kwp2-13-09-2019,1,30,2,2,2,31178,8160
kwp2-13-09-2019,2,17,1,1,1,31178,8160
kwp-13-19-2019,1,25,0,0,0,30285,8002
kwp-13-19-2019,2,18,0,0,0,30285,8002
kwp-13-19-2019,3,5,0,0,0,30285,8002
jhu-13-09-2019,1,29,2,2,2,30065,8003
jhu-13-09-2019,2,17,0,0,0,30065,8003
trg2-25-08-2018,2,22,0,0,0,40105,9733
aky-26-08-2018,1,30,0,0,0,40893,9891
aky-26-08-2018,2,22,0,0,0,40893,9891
dwi-26-08-2018,1,32,1,1,1,40893,9891
dwi-26-08-2018,2,21,0,0,0,40893,9891
dwi-26-08-2018,3,5,0,0,0,40893,9891
bxr-07-09-2018,1,34,3,3,3,70363,14314
bxr-07-09-2018,2,22,1,1,1,70363,14314
bxr-07-09-2018,3,5,0,0,0,70363,14314
ahp-07-09-2018,1,36,2,2,2,70113,14312
ahp-07-09-2018,2,23,0,0,0,70113,14312
ahp-07-09-2018,3,4,0,0,0,70113,14312
spa-01-09-2018,1,35,2,2,2,46930,10675
spa-01-09-2018,2,24,0,0,0,46930,10675
spa-01-09-2018,3,5,0,0,0,46930,10675
kjr-06-09-2019,1,30,4,4,4,60678,12759
kjr-06-09-2019,2,16,4,4,4,60678,12759
kjr-06-09-2019,3,5,0,0,0,60678,12759
swc-06-09-2019,1,26,4,4,4,57832,12284
swc-06-09-2019,2,17,0,0,0,57832,12284
swc-06-09-2019,3,4,0,0,0,57832,12284
cvt1-12-09-2019,1,27,2,2,2,29189,7845
cvt1-12-09-2019,2,17,0,0,0,29189,7845
cvt1-12-09-2019,3,5,0,0,0,29189,7845
cvt2-12-09-2019,1,25,3,0,2,29189,7845
cvt2-12-09-2019,2,17,0,3,1,29189,7845
adi--12-09-2019,1,30,1,1,1,28984,7687
adi--12-09-2019,2,15,0,0,0,28984,7687
adi--12-09-2019,3,5,0,0,0,28984,7687
fhw-13-09-2019,1,18,0,0,0,29613,7845
fhw-13-09-2019,2,5,0,0,0,29613,7845
skm-14-09-2019,1,29,0,0,0,32908,8476
skm-14-09-2019,2,18,0,0,0,32908,8476
skm-14-09-2019,3,5,0,0,0,32908,8476
skb-14-09-2019,1,30,0,0,0,32469,8318
skb-14-09-2019,2,18,0,2,2,32469,8318
skb-14-09-2019,3,5,0,0,0,32469,8318
fho-14-09-2019,1,32,2,3,3,32040,8318
fho-14-09-2019,2,14,0,0,0,32040,8318
wpt-14-09-2019,1,28,2,2,2,31613,8160
wpt-14-09-2019,2,18,0,0,0,31613,8160
fes-15-09-2019,1,31,0,0,0,22158,6423
fes-15-09-2019,2,18,0,0,0,22158,6423
few-15-09-2019,1,31,0,0,0,22374,6423
few-15-09-2019,2,18,0,0,0,22374,6423
brp-15-09-2019,1,28,0,0,0,21711,6424
brp-15-09-2019,2,18,0,0,0,21711,6424
srp-15-09-2019,1,28,0,0,0,21939,6425
srp-15-09-2019,2,15,0,0,0,21939,6425
rur-16-09-2019,1,29,3,3,2,25956,7214
rur-16-09-2019,2,18,0,0,0,25956,7214
rur-16-09-2019,3,5,0,0,0,25956,7214
brr-16-09-2019,1,29,1,1,1,25122,7057
brr-16-09-2019,2,18,0,0,0,25122,7057
mrp-16-09-2019,1,27,1,1,0,26359,7214
mrp-16-09-2019,2,15,0,0,0,26359,7214
mrp-16-09-2019,3,5,0,0,0,26359,7214
dbm-16-09-2019,1,30,2,2,2,26776,7374
dbm-16-09-2019,2,18,0,0,0,26776,7374
dbm-16-09-2019,3,5,0,0,0,26776,7374
hfp-17-09-2019,1,30,3,3,3,24275,6900
hfp-17-09-2019,2,15,0,0,0,24275,6900
hfp-17-09-2019,3,5,0,0,0,24275,6900
caf-17-09-2019,1,30,3,3,3,24486,6900
caf-17-09-2019,2,20,2,2,2,24486,6900
caf-17-09-2019,3,5,0,0,0,24486,6900
cmy-17-09-2019,1,25,0,0,0,24058,6742
cmy-17-09-2019,2,10,0,0,0,24058,6742
cmy-17-09-2019,3,5,0,0,0,24058,6742
cow-17-09-2019,1,30,2,2,2,24694,6900
cow-17-09-2019,2,18,0,0,0,24694,6900
cow-17-09-2019,3,5,0,0,0,24694,6900
hep-18-09-2019,1,22,0,0,0,25100,7051
hep-18-09-2019,2,20,0,0,0,25100,7051
clb-18-09-2019,1,20,0,0,0,24678,6896
clb-18-09-2019,2,20,0,0,0,24678,6896
ohn-18-09-2019,1,31,0,0,0,24887,6895
ohn-18-09-2019,2,18,0,0,0,24887,6895
clp-18-09-2019,1,30,1,1,1,24891,6896
clp-18-09-2019,2,18,0,0,0,24891,6896
clp-18-09-2019,3,5,0,0,0,24891,6896
mlr-19-09-2019,1,32,1,1,1,22163,6425
mlr-19-09-2019,2,18,0,0,0,22163,6425
mlr-19-09-2019,3,5,0,0,0,22163,6425
jdr-19-09-2019,1,31,1,1,1,21940,6425
jdr-19-09-2019,2,16,0,0,0,21940,6425
ssp-19-09-2019,1,30,1,1,1,21500,6267
ssp-19-09-2019,2,18,0,0,0,21500,6267
mcw-22-09-2019,2,17,1,1,1,29853,7852
mcw-22-09-2019,3,5,0,0,0,29853,7852
wnp-22-09-2019,1,22,1,1,1,29625,7851
wnp-22-09-2019,2,12,0,0,0,29625,7851
wnp-22-09-2019,3,5,0,0,0,29625,7851
mcp-22-09-2019,1,30,2,2,2,29854,7852
mcp-22-09-2019,2,18,1,1,1,29854,7852
mcp-22-09-2019,3,5,0,0,0,29854,7852
mpw-22-09-2019,1,30,1,2,2,29417,7852
mpw-22-09-2019,2,18,1,1,1,29417,7852
mpw-22-09-2019,3,5,0,0,0,29417,7852
wsb-23-09-2019,1,30,0,0,0,29859,7853
wsb-23-09-2019,2,18,0,0,0,29859,7853
wsb-23-09-2019,3,5,0,0,0,29859,7853
ekb-23-09-2019,1,30,0,1,1,30749,8012
rdd-19-09-2019,1,30,2,4,4,21082,6267
rdd-19-09-2019,2,19,0,0,0,21082,6267
npt-20-09-2019,1,30,1,1,3,27174,7370
npt-20-09-2019,2,18,0,0,0,27174,7370
npt-20-09-2019,3,5,0,0,0,27174,7370
trp-20-09-2019,1,30,1,1,1,27980,7528
trp-20-09-2019,2,18,0,0,0,27980,7528
trp-20-09-2019,3,5,0,0,0,27980,7528
fhw-20-09-2019,1,33,2,2,0,28377,7686
fhw-20-09-2019,2,15,0,0,0,28377,7686
fhw-20-09-2019,3,5,0,0,0,28377,7686
rds-20-09-2019,1,32,2,2,2,29606,7843
rds-20-09-2019,2,18,0,0,0,29606,7843
rds-20-09-2019,3,5,0,0,0,29606,7843
msw-21-09-2019,1,33,3,3,3,31828,8326
msw-21-09-2019,2,18,3,2,2,31828,8326
msw-21-09-2019,3,5,0,0,0,31828,8326
drc-21-09-2019,1,28,1,1,1,31185,8165
drc-21-09-2019,2,15,1,1,1,31185,8165
drc-21-09-2019,3,5,0,0,0,31185,8165
owl-21-09-2019,1,25,2,2,2,30970,8168
owl-21-09-2019,2,18,1,1,1,30970,8168
owl-21-09-2019,3,5,0,0,0,30970,8168
hft-21-09-2019,1,27,2,2,2,30743,8009
hft-21-09-2019,2,15,1,1,1,30743,8009
hft-21-09-2019,3,5,0,0,0,30743,8009
stp-22-09-2019,1,29,0,0,0,29205,7851
stp-22-09-2019,2,9,0,0,0,29205,7851
mcw-22-09-2019,1,30,2,2,2,29853,7852
lai-19-09-2018,1,33,4,4,4,59626,12570
lai-19-09-2018,2,22,2,2,2,59626,12570
goi-17-19-2018,1,24,0,0,0,36129,9099
goi-17-19-2018,2,18,0,0,0,36129,9099
goi-17-19-2018,3,9,0,0,0,36129,9099
gor-17-10-2018,1,25,0,0,0,35692,8940
gor-17-10-2018,2,16,0,0,0,35692,8940
gor-17-10-2018,3,8,0,0,0,35692,8940
dui-17-10-2018,1,17,0,0,0,36345,9098
dui-17-10-2018,2,17,0,0,0,36345,9098
dui-17-10-2018,3,20,0,0,0,36345,9098
pvr-18-10-2018,1,23,0,0,0,39125,9574
pvr-18-10-2018,2,16,0,0,0,39125,9574
pvr-18-10-2018,3,8,0,0,0,39125,9574
sgr-18-10-2018,1,28,0,0,0,39850,9732
sgr-18-10-2018,2,18,0,0,0,39850,9732
sgr-18-10-2018,3,6,0,0,0,39850,9732
sab-18-10-2018,1,28,0,0,0,39131,9575
sab-18-10-2018,2,18,0,0,0,39131,9575
sab-18-10-2018,3,5,0,0,0,39131,9575
fei-19-10-2018,1,27,0,0,0,29196,7847
fei-19-10-2018,2,18,0,0,0,29196,7847
fei-19-10-2018,3,5,0,0,0,29196,7847
fep-19-10-2018,1,29,3,3,3,28990,7688
swe-19-10-2018,1,25,3,3,3,28579,7687
swe-19-10-2018,2,16,0,0,0,28579,7687
swe-19-10-2018,3,5,0,0,0,28579,7687
bar-20-10-2018,1,30,3,3,3,28186,7529
bar-20-10-2018,2,17,0,0,0,28186,7529
bar-20-10-2018,3,9,0,0,0,28186,7529
few-20-10-2018,1,30,2,2,0,29194,7846
few-20-10-2018,2,18,0,0,0,29194,7846
few-20-10-2018,3,5,0,0,0,29194,7846
adv-20-10-2018,1,27,2,2,2,28577,7687
adv-20-10-2018,2,19,0,0,0,28577,7687
adv-20-10-2018,3,7,0,0,0,28577,7687
trp-21-10-2018,1,28,3,3,4,27778,7528
trp-21-10-2018,2,18,0,0,0,27778,7528
trp-21-10-2018,3,5,0,0,0,27778,7528
fht-21-10-2018,1,30,3,3,2,30947,8159
blp-21-10-2018,1,27,0,0,0,32460,8316
blp-21-10-2018,2,17,0,0,0,32460,8316
blp-21-10-2018,3,5,0,0,0,32460,8316
rrk-21-06-2018,1,30,0,0,0,44980,10369
rir-23-06-2018,1,33,0,0,0,44704,10368
rir-23-06-2018,2,20,0,0,0,44704,10368
rir-23-06-2018,3,6,0,0,0,44704,10368
lpp-23-06-2018,1,29,0,2,2,44974,10368
lpp-23-06-2018,2,23,0,1,1,44974,10368
lpp-23-06-2018,3,8,0,0,0,44974,10368
chl-24-06-2018,1,29,2,2,2,44981,10369
chl-24-06-2018,2,20,2,2,2,44981,10369
cvm-25-06-2018,1,29,0,0,0,39878,9741
cvm-25-06-2018,2,20,0,0,0,39878,9741
wbm-25-06-2018,1,27,1,1,2,40129,9740
wbm-25-06-2018,2,20,0,1,1,40129,9740
wbm-25-06-2018,3,10,0,0,0,40129,9740
kbp-11-06-2018,1,31,1,2,2,55005,11938
kbp-11-06-2018,2,20,0,0,0,55005,11938
ctp-02-08-2018,1,30,1,1,1,43643,10222
ekb-23-09-2019,2,18,1,1,1,30749,8012
ekb-23-09-2019,3,5,0,0,0,30749,8012
ncc-24-09-2019,1,30,1,1,1,25743,7054
ncc-24-09-2019,2,16,0,0,0,25743,7054
exp-24-09-2019,1,33,0,0,0,30499,8001
exp-24-09-2019,2,18,0,0,0,30499,8001
exp-24-09-2019,3,5,0,0,0,30499,8001
enc-24-09-2019,1,32,0,0,0,25536,7054
enc-24-09-2019,2,20,0,0,0,25536,7054
enc-24-09-2019,3,5,0,0,0,25536,7054
joe-24-09-2019,1,30,0,0,0,32241,8315
joe-24-09-2019,2,18,0,0,0,32241,8315
joe-24-09-2019,3,5,0,0,0,32241,8315
kwm-27-09-2019,1,31,2,2,2,34640,8792
kwm-27-09-2019,2,18,1,1,1,34640,8792
kwm-27-09-2019,3,5,0,0,0,34640,8792
edm-27-09-2019,1,33,3,3,3,36162,9109
edm-27-09-2019,2,18,0,0,0,36162,9109
edm-27-09-2019,3,5,0,0,0,36162,9109
kis-27-09-2019,1,33,2,2,2,34856,8792
kis-27-09-2019,2,18,0,0,0,34856,8792
mnb-28-09-2019,1,33,2,2,2,24481,6899
mnb-28-09-2019,2,18,0,0,0,24481,6899
nal-26-09-2019,1,30,0,0,0,33114,8473
nal-26-09-2019,2,15,0,0,0,33114,8473
rat-26-09-2019,1,27,0,0,0,30945,8157
rat-26-09-2019,2,16,0,0,0,30945,8157
mos-29-09-2019,1,30,1,2,1,21941,6425
mos-29-09-2019,2,18,0,0,0,21941,6425
mos-29-09-2019,3,5,0,0,0,21941,6425
orp-29-09-2019,1,33,2,2,2,22167,6426
orp-29-09-2019,2,18,2,2,2,22167,6426
vye-29-09-2019,1,30,1,1,1,21500,6267
eth-25-09-2019,1,30,1,1,1,27594,7534
eth-25-09-2019,2,18,1,1,1,27594,7534
eth-25-09-2019,3,5,0,0,0,27594,7534
ind-25-09-2019,1,25,0,0,0,25558,7060
ind-25-09-2019,2,15,0,0,0,25558,7060
gtl-25-09-2019,1,30,1,1,1,25967,7217
gtl-25-09-2019,2,18,1,1,1,25967,7217
drw-25-09-2019,1,30,0,0,0,25347,7060
drw-25-09-2019,2,18,0,0,0,25347,7060
drw-25-09-2019,3,5,0,0,0,25347,7060
nsp-27-09-2019,1,32,3,3,3,35724,8950
nsp-27-09-2019,2,15,0,0,0,35724,8950
pin-28-09-2019,1,30,0,0,0,25549,7057
pin-28-09-2019,2,18,0,0,0,25549,7057
pin-28-09-2019,3,5,0,0,0,25549,7057
kqo-28-09-2019,1,30,0,0,0,25336,7057
kqo-28-09-2019,2,18,0,0,0,25336,7057
kqo-28-09-2019,3,5,0,0,0,25336,7057
bfp-28-09-2019,1,30,2,2,2,25962,7215
bfp-28-09-2019,2,18,0,0,0,25962,7215
cnv-11-09-2020,2,20,0,0,0,36143,9102
purp-11-09-2020,1,28,0,0,0,37039,9259
purp-11-09-2020,2,20,0,0,0,37039,9259
doc-12-09-2020,1,32,0,0,0,37550,9269
doc-12-09-2020,2,19,0,0,0,37550,9269
doc-12-09-2020,3,5,0,0,0,37550,9269
bsl-12-09-2020,1,29,0,0,0,37069,9267
bsl-12-09-2020,2,20,0,0,0,37069,9267
bsl-12-09-2020,3,5,0,0,0,37069,9267
kcr-12-09-2020,1,28,0,0,0,37546,9268
kcr-12-09-2020,2,17,0,0,0,37546,9268
kcr-12-09-2020,3,5,0,0,0,37546,9268
buh-12-09-2020,1,25,0,0,0,36829,9109
buh-12-09-2020,2,14,0,0,0,36829,9109
buh-12-09-2020,3,5,0,0,0,36829,9109
fos-13-09-2020,1,29,0,0,0,31167,8157
fos-13-09-2020,2,18,0,0,0,31167,8157
fos-13-09-2020,3,5,0,0,0,31167,8157
bar-13-09-2020,1,30,0,0,1,31391,8157
bar-13-09-2020,2,20,0,0,0,31391,8157
bar-13-09-2020,3,5,0,0,0,31391,8157
bri-13-09-2020,1,31,0,0,0,31812,8315
bri-13-09-2020,2,16,0,0,0,31812,8315
mnr-13-09-2020,1,24,0,0,0,31166,8156
mnr-13-09-2020,2,14,0,0,0,31166,8156
bri-13-09-2020,3,5,0,0,0,31812,8315
neg-14-09-2020,1,29,0,0,0,38434,9415
neg-14-09-2020,2,16,0,0,0,38434,9415
neg-14-09-2020,3,4,0,0,0,38434,9415
mr11-14-09-2020,1,27,0,0,0,40617,9732
mr11-14-09-2020,2,18,0,0,0,40617,9732
mr11-14-09-2020,3,5,0,0,0,40617,9732
smc-14-09-2020,1,27,0,0,0,39604,9573
smc-14-09-2020,2,18,0,0,0,39604,9573
smc-14-09-2020,3,10,0,0,0,39604,9573
fin-14-09-2020,1,25,0,0,0,40884,9889
fin-14-09-2020,2,18,0,0,0,40884,9889
gop-15-09-2020,1,28,0,0,0,39845,9731
gop-15-09-2020,2,17,0,0,0,39845,9731
atc-15-09-2020,1,27,0,0,0,39611,9575
atc-15-09-2020,2,16,0,0,0,39611,9575
mar-15-09-2020,1,28,0,0,0,40352,9730
mar-15-09-2020,2,18,0,0,0,40352,9730
mus-15-09-2020,1,24,0,0,0,38897,9575
mus-15-09-2020,2,17,0,0,0,38897,9575
bef-16-09-2020,1,30,0,0,0,38217,9418
bef-16-09-2020,2,15,0,0,0,38217,9418
bef-16-09-2020,3,5,0,,,38217,9418
sno-16-09-2020,1,29,0,0,0,37287,9260
sno-16-09-2020,2,16,0,0,0,37287,9260
sno-16-09-2020,3,7,0,0,0,37287,9260
cum-16-09-2020,1,28,1,0,0,38443,9418
cum-16-09-2020,2,15,0,0,0,38443,9418
brd-16-09-2020,1,28,0,0,0,37763,9260
brd-16-09-2020,2,16,0,0,0,37763,9260
brd-16-09-2020,3,4,0,0,0,37763,9260
kil-17-09-2020,1,15,0,0,0,35935,8948
kil-17-09-2020,2,6,0,0,0,35935,8948
frd-17-09-2020,1,29,0,0,0,36834,9110
frd-17-09-2020,2,17,0,0,0,36834,9110
frd-17-09-2020,3,7,0,0,0,36834,9110
whv-17-09-2020,1,27,0,0,0,37075,9269
whv-17-09-2020,2,16,0,0,0,37075,9269
mnr-17-09-2020,1,25,0,1,0,36381,9109
mnr-17-09-2020,2,17,0,0,0,36381,9109
mnr-17-09-2020,3,5,0,0,0,36381,9109
fei-18-09-2020,3,5,0,0,0,22374,6423
btr-18-09-2020,1,19,0,0,0,21284,6265
btr-18-09-2020,2,7,0,0,0,21284,6265
rur-18-09-2020,1,30,0,0,0,21933,6423
rur-18-09-2020,2,19,0,0,0,21933,6423
rur-18-09-2020,3,5,0,0,0,21933,6423
wai-18-09-2020,1,28,0,0,0,21076,6265
fei-18-09-2020,1,30,0,0,0,22374,6423
fei-18-09-2020,2,15,0,0,0,22374,6423
val-19-09-2020,1,27,0,1,0,21500,6267
val-19-09-2020,2,17,0,0,0,21500,6267
mlm-19-09-2020,1,32,1,1,0,22163,6425
mlm-19-09-2020,2,15,0,0,0,22163,6425
mlm-19-09-2020,3,6,0,0,0,22163,6425
srp-19-09-2020,1,30,1,0,0,21939,6425
srp-19-09-2020,2,18,0,0,0,21939,6425
shh-19-09-2020,1,18,0,0,0,21938,6424
shh-19-09-2020,2,10,0,0,0,21938,6424
shh-19-09-2020,3,5,0,0,0,21938,6424
fht-20-09-2020,1,32,1,1,0,30947,8159
fht-20-09-2020,2,16,0,0,0,30947,8159
fht-20-09-2020,3,6,0,0,0,30947,8159
kos-20-09-2020,1,30,1,1,0,32908,8476
kos-20-09-2020,2,16,0,0,0,32908,8476
kos-20-09-2020,3,5,0,0,0,32908,8476
kon-20-09-2020,1,30,0,0,0,32908,8476
kon-20-09-2020,2,16,0,0,0,32908,8476
kon-20-09-2020,3,5,0,0,0,32908,8476
wbp-20-09-2020,1,28,1,1,1,31613,8160
wbp-20-09-2020,2,19,0,,,31613,8160
wmn-21-09-2020,1,23,0,0,0,33758,8629
wmn-21-09-2020,2,14,0,0,0,33758,8629
wmn-21-09-2020,3,5,0,0,0,33758,8629
kdp-21-09-2020,1,30,0,0,0,33323,8470
kdp-21-09-2020,2,14,0,0,0,33323,8470
kdp-21-09-2020,3,6,0,0,0,33323,8470
kdi-21-09-2020,1,30,0,0,0,33541,8629
kdi-21-09-2020,2,17,0,0,0,33541,8629
hop-21-09-2020,1,30,0,0,0,34187,8629
hop-21-09-2020,2,18,0,0,0,34187,8629
hop-21-09-2020,3,6,0,0,0,34187,8629
muf-22-09-2020,1,25,1,0,0,29183,7843
muf-22-09-2020,2,16,0,0,0,29183,7843
muf-22-09-2020,3,5,0,0,0,29183,7843
nmr-22-09-2020,1,27,0,0,0,31817,8316
nmr-22-09-2020,2,16,0,0,0,31817,8316
sps-22-09-2020,1,30,1,1,0,29391,7843
sps-22-09-2020,2,15,1,0,0,29391,7843
sps-22-09-2020,3,6,0,0,0,29391,7843
gld-22-09-2020,1,27,0,0,0,32031,8316
gld-22-09-2020,2,15,0,0,0,32031,8316
gld-22-09-2020,3,5,0,0,0,32031,8316
wck-24-09-2020,1,28,1,1,0,38457,9428
wck-24-09-2020,2,17,0,0,0,38457,9428
wck-24-09-2020,3,5,0,0,0,38457,9428
hv2-24-09-2020,1,26,0,0,0,37313,9269
hv2-24-09-2020,2,17,0,0,0,37313,9269
hv2-24-09-2020,3,6,0,0,0,37313,9269
rst-24-09-2020,1,31,1,0,0,39150,9586
rst-24-09-2020,2,16,0,0,0,39150,9586
rst-24-09-2020,3,5,0,0,0,39150,9586
egr-24-09-2020,1,27,1,1,1,37777,9269
egr-24-09-2020,2,18,0,0,0,37777,9269
egr-24-09-2020,3,6,0,0,0,37777,9269
hay-25-09-2020,1,28,1,1,0,27192,7376
hay-25-09-2020,2,16,1,0,0,27192,7376
hay-25-09-2020,3,5,0,0,0,27192,7376
cnf-25-09-2020,1,27,0,0,0,25341,7058
cnf-25-09-2020,2,16,0,0,0,25341,7058
cnf-25-09-2020,3,5,0,0,0,25341,7058
kww-27-09-2020,1,32,1,2,1,30053,8000
kww-27-09-2020,2,17,0,0,0,30053,8000
kww-27-09-2020,3,5,0,0,0,30053,8000
jct-27-09-2020,1,30,1,1,1,30049,7999
jct-27-09-2020,2,15,0,0,0,30049,7999
cmt-26-09-2020,1,30,1,0,1,34404,8788
cmt-26-09-2020,2,18,0,0,0,34404,8788
cmt-26-09-2020,3,5,0,0,0,34404,8788
knb-26-09-2020,1,27,0,0,0,34843,8788
knb-26-09-2020,2,18,0,0,0,34843,8788
knb-26-09-2020,3,5,0,0,0,34843,8788
shh-27-09-2020,1,30,3,1,0,29830,7843
shh-27-09-2020,2,16,0,0,0,29830,7843
shh-27-09-2020,3,5,2,1,0,29830,7843
crg-27-09-2020,1,22,0,0,0,30049,7999
crg-27-09-2020,2,9,0,0,0,30049,7999
crg-27-09-2020,3,4,0,0,0,30049,7999
nfr-28-09-2020,1,30,1,0,1,37773,9266
nfr-28-09-2020,2,17,0,0,0,37773,9266
nfr-28-09-2020,3,7,0,0,0,37773,9266
sag-28-09-2020,1,26,0,0,0,36601,9108
sag-28-09-2020,2,17,0,0,0,36601,9108
sag-28-09-2020,3,5,0,0,0,36601,9108
sfr-28-09-2020,1,30,1,1,0,37773,9266
sfr-28-09-2020,2,18,1,1,0,37773,9266
sfr-28-09-2020,3,5,0,0,0,37773,9266
onu-28-09-2020,1,25,1,1,0,35508,8950
onu-28-09-2020,2,15,0,0,0,35508,8950
onu-28-09-2020,3,6,0,0,0,35508,8950
hes-12-04-2019,1,30,0,0,0,24256,6895
hes-12-04-2019,2,18,0,0,0,24256,6895
mor-17-04-2019,1,24,0,0,0,24484,6900
mor-17-04-2019,2,10,0,0,0,24484,6900
mor-17-04-2019,3,6,0,0,0,24484,6900
klb-24-04-2019,1,28,0,1,0,30748,8011
klb-24-04-2019,2,18,3,3,3,30748,8011
crg-06-03-2021,1,24,0,0,0,30049,7999
crg-06-03-2021,2,18,0,0,0,30049,7999
crg-06-03-2021,3,5,0,0,0,30049,7999
jct-06-03-2021,1,15,0,0,0,30049,7999
jct-06-03-2021,2,9,0,0,0,30049,7999
jct-06-03-2021,3,6,0,0,0,30049,7999
ikd-07-03-2021,2,10,0,0,0,33540,8629
wfg-11-03-2021,2,22,1,1,1,37772,9266
ptr-12-03-2021,1,32,0,0,0,31166,8156
ptr-12-03-2021,2,20,0,0,0,31166,8156
tmh-12-03-2021,1,25,0,0,0,33553,8632
tmh-12-03-2021,2,15,0,0,0,33553,8632
tmh-12-03-2021,3,5,0,0,0,33553,8632
ddl-12-03-2021,1,30,0,0,0,30943,8156
ddl-12-03-2021,2,17,0,0,0,30943,8156
ddl-12-03-2021,3,6,0,0,0,30943,8156
nlc-12-03-2021,1,28,0,0,0,33332,8473
nlc-12-03-2021,2,18,0,0,0,33332,8473
nlc-12-03-2021,3,6,0,0,0,33332,8473
bes-13-03-2021,1,32,0,0,0,31391,8157
bes-13-03-2021,2,18,0,0,0,31391,8157
wdc-07-03-2021,3,4,0,0,0,32676,8473
oth-08-03-2021,1,28,0,0,0,34411,8790
oth-08-03-2021,2,16,0,0,0,34411,8790
oth-08-03-2021,3,6,0,0,0,34411,8790
col-08-03-2021,1,30,1,1,0,33562,8634
col-08-03-2021,2,17,0,0,0,33562,8634
col-08-03-2021,3,6,0,0,0,33562,8634
ugp-08-03-2021,1,31,0,0,0,33991,8634
ugp-08-03-2021,2,18,0,0,0,33991,8634
ugp-08-03-2021,3,5,0,0,0,33991,8634
coc-08-03-2021,1,24,0,0,0,33128,8476
coc-08-03-2021,2,15,0,0,0,33128,8476
coc-08-03-2021,3,5,0,0,0,33128,8476
pvr-09-03-2021,1,25,0,0,0,39125,9574
pvr-09-03-2021,2,17,0,0,0,39125,9574
pvr-09-03-2021,3,5,0,0,0,39125,9574
sup-09-03-2021,1,27,0,0,0,35923,8944
sup-09-03-2021,2,17,0,0,0,35923,8944
sup-09-03-2021,3,5,0,0,0,35923,8944
wsm-10-03-2021,1,18,0,0,0,32675,8473
wsm-10-03-2021,2,5,0,0,0,32675,8473
nmr-10-03-2021,1,30,0,0,0,32240,8315
nmr-10-03-2021,2,18,0,0,0,32240,8315
mc11-09-03-2021,1,31,0,0,0,40617,9732
mc11-09-03-2021,2,18,0,0,0,40617,9732
mc11-09-03-2021,3,6,0,0,0,40617,9732
mdg-09-03-2021,1,33,0,0,0,37519,9257
mdg-09-03-2021,2,18,0,0,0,37519,9257
fgp-11-03-2021,1,31,1,1,1,35943,8950
fgp-11-03-2021,2,16,0,0,0,35943,8950
fgp-11-03-2021,3,5,0,0,0,35943,8950
orp-11-03-2021,1,29,1,1,1,33335,8473
orp-11-03-2021,2,17,0,0,0,33335,8473
orp-11-03-2021,3,5,0,0,0,33335,8473
wfg-11-03-2021,1,32,3,3,3,37772,9266
hmp-11-03-2021,1,24,0,0,0,36600,9108
hmp-11-03-2021,2,15,0,0,0,36600,9108
hmp-11-03-2021,3,9,0,0,0,36600,9108
