"","PUID","normalized_score_sponges","normalized_score_rockfish","normalized_score_corals","rank_sponges","rank_rockfish","rank_corals","group_score","normalized_score_sponges.1","normalized_score_rockfish.1","normalized_score_corals.1","even_score","UpperOceanSR","max_depth","rf_hotspot","cor_hotspot","sponge_hotspot","rf_cor","rf_sp","cor_sp","rf_cor_sp","puid_rank","all_hotspots"
"1",6265,4.50776493268451e-05,0.0623644456332307,1.00924733386488e-08,2,2,6,0.0624095333750309,0.000722287876372426,0.999277550409979,1.61713648426134e-07,0.000371279820819587,"(13) Eastern Queen Charlotte Sound",28,0,0,0,0,0,0,0,2,0
"2",6267,0.36029783720121,0.502619723149182,8.03302420271006e-09,9,9,3,0.862917568383416,0.417534478845053,0.582465511845803,9.30914434591831e-09,0.586338584558947,"(11) Mainland Fjords",30,1,0,1,0,1,0,0,10,1
"3",6423,0.000229555504303784,0.272720754894504,8.03302420271006e-09,3,7,3,0.272950318431832,0.000841015704332708,0.999158954865314,2.94303529259896e-08,0.00185506589821947,"(13) Eastern Queen Charlotte Sound",31,0,0,0,0,0,0,0,3,0
"4",6424,2.25538587022002e-05,0.267816746141242,1.03427690042266e-08,2,7,6,0.267839310342713,8.42066785243042e-05,0.9999157547059,3.86155751035669e-08,0.000234345430343001,"(11) Mainland Fjords",28,0,0,0,0,0,0,0,2,0
"5",6425,0.203766741647625,0.423398076641717,8.15767241018997e-09,7,8,3,0.627164826447014,0.324901418343237,0.675098568649541,1.3007222449646e-08,0.395433191869907,"(11) Mainland Fjords",32,0,0,0,0,0,0,0,9,1
"6",6426,0.52649338252076,0.222924144371575,7.53488090128575e-09,10,6,2,0.749417534427216,0.702536781346011,0.297463208599672,1.00543162591528e-08,0.456170249964672,"(11) Mainland Fjords",33,0,0,1,0,0,0,0,9,1
"7",6581,0.00011029404488108,0.152838006171346,7.78633921400606e-09,3,4,2,0.152948308002566,0.000721119745105185,0.999278829346589,5.09083056602066e-08,0.000908337723144324,"(13) Eastern Queen Charlotte Sound",34,0,0,0,0,0,0,0,3,0
"8",6736,0.0614270272509538,0.419928057222767,2.13217394091478e-06,5,8,8,0.481357216647662,0.127612145671676,0.872383424823858,4.42950446606779e-06,0.183820974191739,"(13) Eastern Queen Charlotte Sound",84,0,0,0,0,0,0,0,6,0
"9",6737,0.430408393041652,0.0395869092883691,0.033047659777376,9,2,10,0.503042962107397,0.855609610834317,0.0786948874555917,0.0656955017100915,0.257734962306573,"(13) Eastern Queen Charlotte Sound",76.425,0,1,1,0,0,1,0,7,0
"10",6739,9.22972367626436e-06,0.0934438582080229,7.95497203939595e-09,1,3,3,0.0934530958866712,9.87631665777779e-05,0.999901151710806,8.51226164732177e-08,9.44904871776602e-05,"(11) Mainland Fjords",78,0,0,0,0,0,0,0,1,0
"11",6740,0.000110255537952577,0.0671105023608185,8.29843635062047e-09,3,2,4,0.0672207661972074,0.00164020055393474,0.998359675995578,1.23450487402585e-07,0.00081736715130056,"(11) Mainland Fjords",41,0,0,0,0,0,0,0,2,0
"12",6741,0.329730761624209,0.0462983484590781,8.03302420271006e-09,8,2,3,0.376029118116311,0.876875608133672,0.123124370503556,2.13627716995718e-08,0.140298193303546,"(11) Mainland Fjords",30,0,0,0,0,0,0,0,6,0
"13",6742,0.564395849148799,0.116722139285788,8.29843635062047e-09,10,4,4,0.681117996733023,0.828631532063341,0.171368455753107,1.2183551734683e-08,0.311985883049589,"(11) Mainland Fjords",30,0,0,1,0,0,0,0,8,0
"14",6895,0.0118672885508637,0.35318129002283,0.00411854153891359,4,8,9,0.369167120112607,0.0321461146031743,0.95669757890437,0.0111563064924561,0.0749439185935359,"(13) Eastern Queen Charlotte Sound",80,0,0,0,0,0,0,0,5,0
"15",6896,0.175770904637986,0.136765697441514,1.00924733386488e-08,7,4,6,0.312536612171973,0.562401004530208,0.43759896317766,3.22921313714613e-08,0.214193725818777,"(11) Mainland Fjords",30,0,0,0,0,0,0,0,6,0
"16",6899,0.280172966448366,0.287111074490606,3.98051247483951e-08,8,7,6,0.567284080744097,0.493884767717909,0.506115162114204,7.01678860725007e-08,0.393169600083923,"(11) Mainland Fjords",33,0,0,0,0,0,0,0,9,1
"17",6900,0.618104283017233,0.247728058352772,8.62691286775808e-09,10,6,4,0.865832349996918,0.713884487013489,0.286115503022789,9.96372203901690e-09,0.518319294521182,"(11) Mainland Fjords",30,0,0,1,0,0,0,0,9,1
"18",7051,3.13535035145432e-07,0.169472969414587,9.1851072140746e-09,1,5,5,0.169473292134729,1.85005572970268e-06,0.999998095746307,5.41979629850616e-08,4.61514728916351e-06,"(13) Eastern Queen Charlotte Sound",22,0,0,0,0,0,0,0,1,0
"19",7052,0.00011029404488108,0.0900029031084152,7.78633921400606e-09,3,3,2,0.0901132049396355,0.0012239498634519,0.998775963730352,8.6406195620519e-08,0.000849956630375846,"(13) Eastern Queen Charlotte Sound",30,0,0,0,0,0,0,0,2,0
"20",7054,0.175926749168828,0.400920286937584,7.36374651829686e-09,7,8,2,0.576847043470159,0.304979892261386,0.695020094973104,1.27655096817321e-08,0.354775429581562,"(11) Mainland Fjords",32,0,0,0,0,0,0,0,8,0
"21",7056,0.543334188410318,0.0941730025441247,4.90034102953411e-07,10,3,7,0.637507680988546,0.852278654223902,0.147720577104414,7.68671684384326e-07,0.266953921968973,"(11) Mainland Fjords",63.35862069,0,0,1,0,0,0,0,7,0
"22",7057,0.55839617726687,0.287722441619138,1.65634150217295e-06,10,7,8,0.84612027522751,0.659948938248436,0.340049104179395,1.95757216871748e-06,0.542443407616457,"(11) Mainland Fjords",113,0,0,1,0,0,0,0,10,1
"23",7058,0.00924496281478156,0.103585983746704,3.95851402534506e-08,4,3,6,0.112830986146626,0.0819363822874647,0.918063266876815,3.5083571991482e-07,0.0319852080507469,"(11) Mainland Fjords",31.45735294,0,0,0,0,0,0,0,4,0
"24",7060,0.336552020416409,0.103292937569567,9.2081727614181e-09,9,3,5,0.439844967194149,0.765160557737731,0.234839421327227,2.09350417720105e-08,0.239741218083315,"(11) Mainland Fjords",30,0,0,1,0,0,0,0,7,0
"25",7208,0.29205675536979,0.232937454292867,8.88745489317106e-09,8,6,5,0.524994218550112,0.556304707843011,0.443695275228317,1.69286719341705e-08,0.360562657564949,"(13) Eastern Queen Charlotte Sound",43,0,0,0,0,0,0,0,8,0
"26",7214,0.184428854342068,0.261356929629094,1.54949244196098e-06,7,7,8,0.445787333463604,0.413714882630521,0.586281641513783,3.47585569540972e-06,0.302345204959965,"(11) Mainland Fjords",94,0,0,0,0,0,0,0,8,0
"27",7215,0.124253042149837,0.0883509968705508,7.99750128025646e-09,6,3,3,0.212604047017889,0.584434040144974,0.415565922238144,3.76168816748043e-08,0.144320105282553,"(11) Mainland Fjords",30,0,0,0,0,0,0,0,6,0
"28",7216,0.0272886464084553,0.120990542198975,6.09830338470963e-07,5,4,7,0.148279798437769,0.184034822652581,0.815961064647342,4.11270007712414e-06,0.0708052539730273,"(11) Mainland Fjords",54.7,0,0,0,0,0,0,0,4,0
"29",7217,0.305748042848283,0.0881469993074227,9.63908505925101e-06,8,3,9,0.393904681240765,0.776198043357098,0.223777486039941,2.44706029613275e-05,0.209528019925989,"(11) Mainland Fjords",185.7,0,0,0,0,0,0,0,6,0
"30",7218,0.290436829679449,0.105449179688394,7.59662865159365e-09,8,3,2,0.395886016964472,0.733637504821278,0.266362475989793,1.91889289494036e-08,0.229458532059934,"(11) Mainland Fjords",27,0,0,0,0,0,0,0,7,0
"31",7370,0.228717479609358,0.0826664030911329,8.15767241018997e-09,7,3,3,0.311383890858163,0.734519306631504,0.265480667170377,2.61981195870721e-08,0.18020168420758,"(11) Mainland Fjords",30,0,0,0,0,0,0,0,6,0
"32",7372,0.436485777808527,0.261639766046194,4.10301943963057e-06,9,7,9,0.698129646874161,0.625221661567976,0.374772461272305,5.87715971954726e-06,0.461827281910694,"(11) Mainland Fjords",123.0333333,0,0,1,0,0,0,0,9,1
"33",7373,0.341508579641898,0.138170636624974,3.32391970777296e-06,9,4,8,0.47968254018658,0.711947071304832,0.288045999279504,6.92941566411834e-06,0.288039633658918,"(11) Mainland Fjords",101.2666667,0,0,1,0,0,0,0,8,0
"34",7374,0.252790589510568,0.0819836490007972,8.15767241018997e-09,7,3,3,0.334774246669038,0.755107634550158,0.24489234108216,2.43676820763777e-08,0.186353545468716,"(11) Mainland Fjords",33,0,0,0,0,0,0,0,6,0
"35",7375,0.0475185698555752,0.294972690858455,8.90376759007212e-07,5,7,7,0.342492151090789,0.138743529462603,0.861253870837649,2.59969974836354e-06,0.137925595683915,"(11) Mainland Fjords",117.75,0,0,0,0,0,0,0,6,0
"36",7376,0.12595294761977,0.192571808434264,2.33900600863461e-08,6,6,6,0.318524779444094,0.395425900112354,0.60457402645518,7.34324661559068e-08,0.213766638678708,"(11) Mainland Fjords",31,0,0,0,0,0,0,0,6,0
"37",7528,0.344054253805843,0.190564728701832,8.53713864207786e-09,9,6,4,0.534618991044814,0.643550378061679,0.356449605969681,1.59686408172549e-08,0.348223184892597,"(11) Mainland Fjords",30,0,0,1,0,0,0,0,8,0
"38",7529,0.387621860926914,0.443175552002811,5.15608247039255e-06,9,9,9,0.830802569012195,0.466563146750722,0.53343064710276,6.20614651748491e-06,0.57407309533786,"(11) Mainland Fjords",137.9666667,1,0,1,0,1,0,0,10,1
"39",7530,0.223497992298115,0.592454796512621,8.80848850128396e-07,7,10,7,0.815953669659586,0.273910150304683,0.726088770162394,1.0795329231081e-06,0.479066684833621,"(11) Mainland Fjords",66,1,0,0,0,0,0,0,9,1
"40",7533,0.08524603480527,0.0344080088703524,1.37656382309468e-06,5,1,7,0.119655420239445,0.712429362871168,0.287559132728778,1.15044000542558e-05,0.0718040352171758,"(11) Mainland Fjords",70,0,0,0,0,0,0,0,4,0
"41",7534,0.305748042848283,0.17239263122307,9.46606765257968e-07,8,5,7,0.478141620678118,0.63945080207546,0.360547218162218,1.97976232212426e-06,0.312589621424058,"(11) Mainland Fjords",61.45071429,0,0,0,0,0,0,0,8,0
"42",7686,0.493925001421383,0.16163261969851,3.21784470336792e-06,10,5,8,0.655560838964596,0.753438845129151,0.246556246333743,4.90853710610633e-06,0.366185530333661,"(11) Mainland Fjords",154.1585526,0,0,1,0,0,0,0,9,1
"43",7687,0.774514517999633,0.252979225791058,6.19972272506979e-06,10,6,9,1.02749994351342,0.753785460416933,0.246208505789329,6.03379373810042e-06,0.573558833334949,"(11) Mainland Fjords",192.8684211,0,0,1,0,0,0,0,10,1
"44",7688,0.574891940218749,0.347561174782958,0.032615460382314,10,8,10,0.955068575384021,0.601937866071651,0.363912271580298,0.0341498623480515,0.753287646536459,"(11) Mainland Fjords",167.327653,0,1,1,0,0,1,0,10,1
"45",7689,0.329943710858139,0.0771229205906885,8.53713864207786e-09,8,3,4,0.407066639985966,0.810539794834364,0.189460184193299,2.09723367219976e-08,0.19760629383546,"(11) Mainland Fjords",45,0,0,0,0,0,0,0,6,0
"46",7843,0.326759135287305,0.396142872179453,8.29843635062047e-09,8,8,4,0.722902015765194,0.452010269941535,0.547989718579128,1.14793376829037e-08,0.497742810698341,"(11) Mainland Fjords",32,0,0,0,0,0,0,0,9,1
"47",7845,0.181979743787377,0.207590782949387,5.80816481297323e-06,7,6,9,0.389576334901577,0.467122172175455,0.53286291889838,1.49089261657555e-05,0.269257605255553,"(11) Mainland Fjords",171.3774319,0,0,0,0,0,0,0,7,0
"48",7846,0.196134230235358,0.124987051688691,3.20254603071643e-06,7,4,8,0.32112448447008,0.610773203915046,0.389216823173558,9.9729113960316e-06,0.214676975748933,"(11) Mainland Fjords",100.8333333,0,0,0,0,0,0,0,6,0
"49",7847,0.551467737785378,0.892116761637041,1.35233084764779e-06,10,10,7,1.44358585175327,0.382012429060321,0.617986634153795,9.3678588357274e-07,0.960062845245527,"(11) Mainland Fjords",87.6,1,0,1,0,1,0,0,10,1
"50",7850,0.187584033471065,0.0438758848146122,1.42185551772736e-06,7,2,7,0.231461340141195,0.810433540895581,0.189560316154081,6.14295033831571e-06,0.11241229184861,"(11) Mainland Fjords",71,0,0,0,0,0,0,0,5,0
"51",7851,0.290196778720092,0.022488969378744,9.23849004121286e-09,8,1,5,0.312685757337326,0.928078020538131,0.0719219499162632,2.95456055302396e-08,0.0808551711028463,"(11) Mainland Fjords",29,0,0,0,0,0,0,0,5,0
"52",7852,0.401457819859401,0.189174638537906,8.15767241018997e-09,9,5,3,0.590632466554979,0.679708350949636,0.320291635238607,1.38117575177873e-08,0.370379327789138,"(11) Mainland Fjords",30,0,0,1,0,0,0,0,9,1
"53",7853,0.000110261570584071,0.0404866122988513,0.0181687044167604,3,2,10,0.0587655782861958,0.00187629516801627,0.688951142481342,0.309172562350642,0.0371044109950819,"(11) Mainland Fjords",30,0,1,0,0,0,0,0,4,0
"54",7997,0.0286166806048022,0.676840073516138,3.95663197566944e-08,5,10,6,0.70545679368726,0.0405647530236819,0.959435190890219,5.60860992632736e-08,0.119741286715662,"(13) Eastern Queen Charlotte Sound",35.53333333,1,0,0,0,0,0,0,5,0
"55",7999,0.0575321012623333,0.179621597572473,7.73829505321349e-09,5,5,2,0.237153706573101,0.242594147456849,0.757405819913279,3.26298718457019e-08,0.131395564304449,"(11) Mainland Fjords",30,0,0,0,0,0,0,0,5,0
"56",8000,0.154078893011201,0.162482923917799,7.26979821369328e-09,6,5,2,0.316561824198798,0.486726071285338,0.513273905749801,2.29648607569557e-08,0.219312498497112,"(11) Mainland Fjords",32,0,0,0,0,0,0,0,7,0
"57",8001,0.136001627817237,0.330833664319453,2.9908494956706e-06,6,7,8,0.466838282986186,0.291324925083878,0.708668668308942,6.40660717998379e-06,0.281697013463701,"(11) Mainland Fjords",134.06,0,0,0,0,0,0,0,7,0
"58",8002,2.16460062426824e-06,0.0147916802495048,9.05154029977441e-09,1,1,5,0.0147938539016694,0.000146317561242374,0.999853070594112,6.11844645752045e-07,2.14158326468162e-05,"(11) Mainland Fjords",25,0,0,0,0,0,0,0,1,0
"59",8003,0.245165689544515,0.392455260595974,6.83576150903392e-09,7,8,1,0.637620956976251,0.384500676871019,0.615499312408252,1.07207290385352e-08,0.424798833208536,"(11) Mainland Fjords",29,0,0,0,0,0,0,0,9,1
"60",8009,0.384252473540403,0.0312451361817732,7.59662865159365e-09,9,1,2,0.415497617318805,0.92480066677632,0.0751993149404736,1.82832062927689e-08,0.110890189561356,"(11) Mainland Fjords",27,0,0,1,0,0,0,0,5,0
"61",8010,0.51980239407387,0.157929024209394,7.78633921400606e-09,10,5,2,0.677731426069603,0.766974016666723,0.23302597184445,1.14888271585128e-08,0.367945205380048,"(11) Mainland Fjords",30,0,0,1,0,0,0,0,9,1
"62",8011,0.350638623332774,0.199721257130297,8.53713864207786e-09,9,6,4,0.55035988900021,0.63710788220731,0.362892102280769,1.55119201320913e-08,0.360521150505595,"(11) Mainland Fjords",28,0,0,1,0,0,0,0,8,0
"63",8012,0.282139387224377,0.0306469568590194,8.15767241018997e-09,8,1,3,0.312786352241069,0.90201949414637,0.0979804797729773,2.60806533013395e-08,0.100286597961739,"(11) Mainland Fjords",30,0,0,0,0,0,0,0,5,0
"64",8155,0.694996574604957,0.540397440553259,0.320458554504717,10,9,10,1.55585256966293,0.446698220741779,0.347332035881994,0.205969743376227,1.63786743707862,"(11) Mainland Fjords",124.5545455,1,1,1,1,1,1,1,10,1
"65",8156,0.400190969716458,0.430335190694241,0.0748208024206452,9,9,10,0.905346962831344,0.442030498964637,0.475326265356244,0.0826432356791188,0.833314804161277,"(11) Mainland Fjords",124.3333333,1,1,1,1,1,1,1,10,1
"66",8157,0.0765878399158424,0.625174542145765,9.23849004121286e-09,5,10,5,0.701762391300097,0.109136426895084,0.890863559940218,1.31646981310832e-08,0.241901890799492,"(11) Mainland Fjords",33,1,0,0,0,0,0,0,7,0
"67",8159,0.2931513853571,0.517987382109952,5.69029094283688e-09,8,9,1,0.811138773157343,0.36140719080166,0.638592802183152,7.01518794458256e-09,0.530666195330857,"(11) Mainland Fjords",32,1,0,0,0,0,0,0,9,1
"68",8160,0.342801129471946,0.32061147957159,7.16752607167075e-09,9,7,1,0.663412616211062,0.516723862488146,0.48327612670783,1.08040243681324e-08,0.459471552147783,"(11) Mainland Fjords",30,0,0,1,0,0,0,0,9,1
"69",8165,0.299210348662662,0.105944356970319,7.22351931509868e-09,8,3,1,0.4051547128565,0.73850886875562,0.261491113415341,1.78290393419591e-08,0.232806409177513,"(11) Mainland Fjords",28,0,0,0,0,0,0,0,7,0
"70",8168,0.37506116405063,0.0870889928136326,9.05154029977441e-09,9,3,5,0.462150165915803,0.811556917452153,0.188443062962135,1.95857125396412e-08,0.223661205883543,"(11) Mainland Fjords",25,0,0,1,0,0,0,0,7,0
"71",8312,0.156394009012938,0.372438489594182,3.66869211934684e-06,6,8,8,0.528836167299239,0.295732437914828,0.70426062479089,6.93729428167292e-06,0.321157886726953,"(13) Eastern Queen Charlotte Sound",105.6,0,0,0,0,0,0,0,8,0
"72",8313,0.0314939294319596,0.355765019998001,0.0359015000914976,5,8,10,0.423160449521458,0.0744255032992221,0.840733155474069,0.084841341226709,0.232106328352039,"(11) Mainland Fjords",44.33333333,0,1,0,0,0,0,0,7,0
"73",8314,0.00299547816717747,0.450936110635886,2.99767444957209e-07,4,9,7,0.453931888570508,0.00659895954128851,0.993400380078922,6.60379789358303e-07,0.0180299628926554,"(11) Mainland Fjords",46.81698113,1,0,0,0,0,0,0,3,0
"74",8315,0.647599422648625,0.461110387782528,0.0193776825504957,10,9,10,1.12808749298165,0.574068435894945,0.408754099882596,0.017177464222459,0.850704439728813,"(11) Mainland Fjords",140.5865177,1,1,1,1,1,1,1,10,1
"75",8316,0.251861339840588,0.195985589370019,1.61358954990562e-06,7,6,8,0.447848542800157,0.562380617040382,0.437615779979156,3.60298046258387e-06,0.306950897198469,"(11) Mainland Fjords",98.0047619,0,0,0,0,0,0,0,8,0
"76",8318,0.445522913317459,0.612543044468723,3.9104797360172e-08,9,10,6,1.05806599689098,0.421072895855819,0.57892706718543,3.69587506592949e-08,0.720158431625847,"(11) Mainland Fjords",40.46857143,1,0,1,0,1,0,0,10,1
"77",8326,0.670160956200005,0.135054917227957,5.98207613892502e-07,10,4,7,0.805216471635576,0.832274276305795,0.167724980778933,7.42915271811824e-07,0.364176514171221,"(11) Mainland Fjords",58.2168,0,0,1,0,0,0,0,8,0
"78",8470,0.00706757167841478,0.356232765638301,1.55332773563255e-07,4,8,6,0.363300492649489,0.0194537905161432,0.980545781923816,4.27560041084556e-07,0.0348450126797165,"(13) Eastern Queen Charlotte Sound",45.58367347,0,0,0,0,0,0,0,4,0
"79",8473,0.257620666800664,0.519701042745944,0.217809848745731,7,9,10,0.995131558292339,0.258881013926184,0.522243555050911,0.218875431022905,1.01666213659433,"(11) Mainland Fjords",31,1,1,0,1,0,0,0,10,1
"80",8476,0.0292717526383277,0.531128314942486,8.11812191654262e-07,5,9,7,0.560400879393005,0.0522335951186108,0.94776495625377,1.44862761909576e-06,0.114916356247186,"(11) Mainland Fjords",75.7,1,0,0,0,0,0,0,5,0
"81",8484,0.303342409220261,0.100602346706143,2.39321126654916e-06,8,3,8,0.403947149137671,0.75094578552621,0.249048289908481,5.92456530924426e-06,0.226760864297261,"(11) Mainland Fjords",87.7,0,0,0,0,0,0,0,7,0
"82",8625,0.0646455694070978,0.210985195672745,4.92436344001239e-06,5,6,9,0.275635689443283,0.234532652638946,0.765449481882712,1.78654783419317e-05,0.150194952290867,"(13) Eastern Queen Charlotte Sound",130.4032787,0,0,0,0,0,0,0,6,0
"83",8628,0.0271361769629078,0.407656583809786,0.032669852653011,5,8,10,0.467462613425705,0.0580499406445487,0.872062432591898,0.0698876267635536,0.219977782455832,"(13) Eastern Queen Charlotte Sound",59.22,0,1,0,0,0,0,0,7,0
"84",8629,0.000110261570584071,0.604867721542531,8.9402973406457e-09,3,10,5,0.604977992053412,0.000182257159818032,0.999817728062293,1.47778885481447e-08,0.00105978391142253,"(11) Mainland Fjords",30,1,0,0,0,0,0,0,3,0
"85",8630,0.441359196470588,0.135047243949932,2.68459808233477e-06,9,4,8,0.576409125018602,0.765704735254398,0.234290607293168,4.65745243406431e-06,0.31383723085478,"(11) Mainland Fjords",115.9285714,0,0,1,0,0,0,0,8,0
"86",8632,0.000440835875871448,0.0921903455458903,8.29843635062047e-09,3,3,4,0.0926311897201981,0.00475904365692633,0.995240866757305,8.95857688504999e-08,0.0027973899353221,"(11) Mainland Fjords",32,0,0,0,0,0,0,0,3,0
"87",8634,0.15901018457099,0.242700360046851,7.95715747337765e-09,6,6,3,0.401710552574998,0.395832729689876,0.604167250501938,1.98081863231414e-08,0.269662719654014,"(11) Mainland Fjords",31,0,0,0,0,0,0,0,7,0
"88",8643,0.148884331581415,0.0162983049905433,8.53713864207786e-09,6,1,4,0.165182645109097,0.901331562302338,0.0986683860146378,5.16830241847707e-08,0.0532132821554223,"(11) Mainland Fjords",28,0,0,0,0,0,0,0,4,0
"89",8783,0.0666638785293367,0.848126572353838,4.45677266143602e-06,5,10,9,0.914794907655836,0.0728730319456664,0.927122096172533,4.87188180010371e-06,0.238827402915004,"(13) Eastern Queen Charlotte Sound",119.7484663,1,0,0,0,0,0,0,7,0
"90",8786,5.03351211498901e-05,0.285459135657919,0.0326671080300222,2,7,10,0.318176578809091,0.000158198700037226,0.897172056869708,0.102669744430255,0.105773114027512,"(13) Eastern Queen Charlotte Sound",29,0,1,0,0,0,0,0,5,0
"91",8787,0.196400908257437,0.160478023086649,7.14185724214379e-09,7,5,1,0.356878938485943,0.550329221137753,0.449670758850259,2.00119885820191e-08,0.245558722040011,"(11) Mainland Fjords",33,0,0,0,0,0,0,0,7,0
"92",8788,0.158920320387065,0.333318127809002,8.71596934626612e-09,6,8,5,0.492238456912036,0.322852304925587,0.677147677367611,1.77068029201621e-08,0.309618534129148,"(11) Mainland Fjords",30,0,0,0,0,0,0,0,8,0
"93",8790,2.25410593295477e-05,0.0145963074894229,7.22351931509868e-09,2,1,1,0.0146188557722718,0.00154191680119742,0.998457589075362,4.94123440823587e-07,0.000168583023153297,"(11) Mainland Fjords",28,0,0,0,0,0,0,0,2,0
"94",8792,0.408425588266781,0.422135721339195,0.462111272846959,9,8,10,1.29267258245294,0.315954398515798,0.326560435387408,0.357485166096794,1.41835566679913,"(11) Mainland Fjords",303.7648017,0,1,1,0,0,1,0,10,1
"95",8940,2.15076462335791e-06,0.0355923296146195,8.29843635062047e-09,1,1,4,0.0355944886776792,6.04240910112195e-05,0.999939342770751,2.33138237376178e-07,2.31785196577191e-05,"(13) Eastern Queen Charlotte Sound",25,0,0,0,0,0,0,0,1,0
"96",8941,5.03425646515994e-05,0.616582799977141,0.0178460533572424,2,10,10,0.634479195899035,7.93447050383831e-05,0.971793565435136,0.0281270898598262,0.0818455630891496,"(13) Eastern Queen Charlotte Sound",63.5,1,1,0,1,0,0,0,5,0
"97",8944,0.0129797639356614,0.284930245004876,4.26916700927419e-07,4,7,7,0.297910435857238,0.0435693496211775,0.956429217341743,1.43303707941269e-06,0.0533697679914629,"(13) Eastern Queen Charlotte Sound",62.65454545,0,0,0,0,0,0,0,4,0
"98",8948,7.96630731563199e-14,0.0398313485648537,NA,1,2,NA,NA,NA,NA,NA,NA,"(11) Mainland Fjords",15,0,NA,0,0,0,0,0,NA,NA
"99",8950,0.349130849661533,0.420867422554773,0.0336230940142496,9,8,10,0.803621366230556,0.434446947695227,0.523713579852764,0.0418394724520095,0.670002158514634,"(11) Mainland Fjords",33,0,1,1,0,0,1,0,10,1
"100",9097,0.000110261570584071,0.155545039952324,8.15767241018997e-09,3,4,3,0.15565530968058,0.000708370121201379,0.999291577470227,5.24085713936151e-08,0.000910044290581305,"(13) Eastern Queen Charlotte Sound",30,0,0,0,0,0,0,0,3,0
"101",9098,1.0138569898647e-05,0.319908989148317,9.78892413626364e-09,2,7,6,0.31991913750714,3.1691039109596e-05,0.99996827836277,3.05981199266179e-08,0.000115347846600363,"(13) Eastern Queen Charlotte Sound",27,0,0,0,0,0,0,0,2,0
"102",9099,1.03982117329142e-06,0.148456797065116,9.2081727614181e-09,1,4,5,0.148457846094462,7.00415101421985e-06,0.999992933823482,6.2025504233431e-08,1.35434872886099e-05,"(13) Eastern Queen Charlotte Sound",24,0,0,0,0,0,0,0,1,0
"103",9102,0.0241612544398528,0.458723159811693,8.93723144831428e-07,5,9,7,0.482885307974691,0.0500351823524918,0.949962966849544,1.85079796397175e-06,0.0959227562229584,"(13) Eastern Queen Charlotte Sound",78.14791667,1,0,0,0,0,0,0,5,0
"104",9108,0.0438874214305062,0.535104102222703,0.0136832966944065,5,9,10,0.592674820347616,0.0740497485699921,0.902862891844897,0.0230873595851111,0.220484231520566,"(11) Mainland Fjords",206.7811421,1,1,0,1,0,0,0,7,0
"105",9109,0.35955755485963,0.343067897235086,8.29843635062047e-09,9,8,4,0.702625460393152,0.511734309568629,0.488265678620759,1.18106115112554e-08,0.486829498276525,"(11) Mainland Fjords",33,0,0,1,0,0,0,0,9,1
"106",9110,5.03351211498901e-05,0.169578589045553,6.83576150903392e-09,2,5,1,0.169628931002464,0.0002967366524827,0.999703223049194,4.02983233381021e-08,0.000459306230444493,"(11) Mainland Fjords",29,0,0,0,0,0,0,0,2,0
"107",9257,0.000771066760288782,0.201977858919356,9.78892413626364e-09,3,6,6,0.202748935468569,0.00380306194213442,0.996196889776852,4.82810137258707e-08,0.00506611782956542,"(13) Eastern Queen Charlotte Sound",33,0,0,0,0,0,0,0,3,0
"108",9259,0.000110335631371899,0.915575504885582,7.65287058303453e-09,3,10,2,0.915685848169825,0.000120495071090621,0.999879496571381,8.3575285108209e-09,0.0011061368723609,"(13) Eastern Queen Charlotte Sound",30,1,0,0,0,0,0,0,3,0
"109",9260,0.000771083608751364,0.43842651895401,7.76778887203253e-09,3,9,2,0.43919761033055,0.00175566439938284,0.998244317914299,1.76863186167755e-08,0.00566300723815046,"(13) Eastern Queen Charlotte Sound",33,1,0,0,0,0,0,0,3,0
"110",9265,0.0163763433298121,0.30017354132976,0.0124059275526756,4,7,9,0.328955812212248,0.0497828058415512,0.912504142459362,0.0377130516990868,0.117278635367865,"(11) Mainland Fjords",448.3930164,0,0,0,0,0,0,0,5,0
"111",9266,0.328121256917582,0.126393003199344,0.0710417502062076,8,4,10,0.525556010323134,0.624331661083734,0.240493878324467,0.135174460591799,0.476854909228964,"(11) Mainland Fjords",162.9,0,1,0,0,0,0,0,9,1
"112",9267,5.03825441393922e-05,0.152087765885004,7.9869108634324e-09,2,4,3,0.152138156416054,0.00033116310415653,0.999668784398094,5.24977497531289e-08,0.000454226330488362,"(11) Mainland Fjords",29,0,0,0,0,0,0,0,2,0
"113",9268,2.25456212423538e-05,0.131534905393564,7.22351931509868e-09,2,4,1,0.131557458238326,0.000171374709912005,0.999828570382374,5.49077141792506e-08,0.000218179590885675,"(11) Mainland Fjords",28,0,0,0,0,0,0,0,2,0
"114",9269,0.159887837591948,0.553721950760759,0.000335334455531923,6,9,9,0.713945122808239,0.223949758159344,0.775580549640487,0.000469692200169272,0.38254014605335,"(11) Mainland Fjords",32,1,0,0,0,0,0,0,9,1
"115",9415,5.03309997366637e-05,0.399354186335228,6.83576150903392e-09,2,8,1,0.399404524170726,0.000126015096702184,0.999873967788415,1.71148825197382e-08,0.000502384434180673,"(13) Eastern Queen Charlotte Sound",34.4424,0,0,0,0,0,0,0,2,0
"116",9418,0.128756645868839,0.457742698164571,8.15767241018997e-09,6,9,3,0.586499352191082,0.219534165532872,0.780465820558038,1.39090902312407e-08,0.308685165980559,"(13) Eastern Queen Charlotte Sound",30,1,0,0,0,0,0,0,8,0
"117",9419,0.000110261570584071,0.11496427574603,8.15767241018997e-09,3,4,3,0.115074545474286,0.000958175156196546,0.999041753953474,7.08903291911138e-08,0.000876722008145835,"(11) Mainland Fjords",30,0,0,0,0,0,0,0,2,0
"118",9428,0.14906656383117,0.0482517996204904,7.22351931509868e-09,6,2,1,0.19731837067518,0.755462166655326,0.244537796736226,3.66084480141479e-08,0.109759330501927,"(11) Mainland Fjords",28,0,0,0,0,0,0,0,5,0
"119",9445,2.25384697095354e-05,0.00533725805204348,7.22351931509868e-09,2,1,1,0.00535980374527233,0.00420509234678894,0.995793559932351,1.34772086038976e-06,0.000145914162541862,"(11) Mainland Fjords",28,0,0,0,0,0,0,0,2,0
"120",9573,7.82760935467496e-05,0.353466479893556,7.54594449647443e-09,2,8,2,0.353544763533047,0.000221403628679209,0.999778575027646,2.13436749029068e-08,0.000737142529385787,"(13) Eastern Queen Charlotte Sound",41,0,0,0,0,0,0,0,2,0
"121",9574,1.32650531845548e-06,0.559879819869926,8.29293388675422e-09,1,9,4,0.559881154668178,2.36926231110896e-06,0.999997615925735,1.48119539613173e-08,1.86664333455778e-05,"(13) Eastern Queen Charlotte Sound",73.152,1,0,0,0,0,0,0,1,0
"122",9575,0.00926500882925666,0.318876492178789,3.98317380783658e-08,4,7,6,0.328141540839784,0.0282347940633957,0.97176508455076,1.21385844585321e-07,0.0421837769315168,"(13) Eastern Queen Charlotte Sound",63.3984,0,0,0,0,0,0,0,4,0
"123",9586,0.141922497923467,0.292483909704936,0.000335544693607354,6,7,9,0.43474195232201,0.3264522716647,0.672775903366913,0.000771824968386806,0.277206906961828,"(11) Mainland Fjords",88.4,0,0,0,0,0,0,0,7,0
"124",9730,2.25538587022002e-05,0.503743300570274,9.05154029977441e-09,2,9,5,0.503765863480517,4.47705180862706e-05,0.999955211514161,1.79677523944107e-08,0.00024857729132976,"(13) Eastern Queen Charlotte Sound",63.5,1,0,0,0,0,0,0,2,0
"125",9731,2.25456212423538e-05,0.632367372685569,7.22351931509868e-09,2,10,1,0.632389925530331,3.56514554267238e-05,0.999964337122001,1.14225717764889e-08,0.000253590497190283,"(13) Eastern Queen Charlotte Sound",41,1,0,0,0,0,0,0,2,0
"126",9732,0.0497642614090106,0.26830098514612,8.00108109828428e-08,5,7,6,0.318065326565942,0.15645924674123,0.843540501704123,2.51554647111951e-07,0.137962620399499,"(13) Eastern Queen Charlotte Sound",63.5,0,0,0,0,0,0,0,6,0
"127",9733,0.875173505040997,0.729628890042921,3.93206281266198e-06,10,10,8,1.60480632714673,0.545345248355927,0.454652301465041,2.45017903166733e-06,1.10580995846083,"(13) Eastern Queen Charlotte Sound",138.4,1,0,1,0,1,0,0,10,1
"128",9734,0.376042888880246,0.566307202617817,2.04667198284591e-06,9,9,8,0.942352138170046,0.399047101023704,0.600950727100306,2.17187598981878e-06,0.633875799120513,"(13) Eastern Queen Charlotte Sound",102.3,1,0,1,0,1,0,0,10,1
"129",9736,0.14952266850278,0.190376903255845,2.19988212917293e-06,6,5,8,0.339901771640754,0.439899644479677,0.560093883408929,6.47211139428249e-06,0.233167730037746,"(11) Mainland Fjords",149.1285714,0,0,0,0,0,0,0,7,0
"130",9737,0.0224436353469036,0.100435641551608,1.77584743739608e-06,5,3,8,0.122881052745949,0.182645207258313,0.817340340982056,1.44517596302464e-05,0.0584365177333521,"(11) Mainland Fjords",91.80689655,0,0,0,0,0,0,0,4,0
"131",9739,0.0219443151432446,0.0648392522216875,3.49761146976486e-06,5,2,8,0.0867870649764019,0.252852370905865,0.747107328025413,4.03010687216567e-05,0.0491113695867822,"(11) Mainland Fjords",169.8521167,0,0,0,0,0,0,0,4,0
"132",9740,0.307239914493471,0.122896676118098,8.36629083479468e-09,8,4,4,0.43013659897786,0.714284520832614,0.285715459717074,1.94503114933154e-08,0.257338262912538,"(11) Mainland Fjords",27,0,0,0,0,0,0,0,7,0
"133",9741,0.309227774924415,0.721021096946767,0.0180819449879238,8,10,10,1.04833081685911,0.294971558549514,0.687780121838841,0.017248319611646,0.720810465471195,"(11) Mainland Fjords",85.2,1,1,0,1,0,0,0,10,1
"134",9745,0.237838578485026,0.034806868948678,8.53713864207786e-09,7,1,4,0.272645455970843,0.872336484164479,0.127663484523286,3.13122351945262e-08,0.104129133108212,"(11) Mainland Fjords",28,0,0,0,0,0,0,0,5,0
"135",9889,2.60756182604475e-05,0.662338009339385,8.71596934626612e-09,2,10,5,0.662364093673615,3.93674997022053e-05,0.999960619341418,1.31588795792439e-08,0.000290715764594807,"(13) Eastern Queen Charlotte Sound",63.5,1,0,0,0,0,0,0,2,0
"136",9890,0.0618161126842657,0.16589183514381,5.80561084646968e-07,5,5,7,0.22770852838916,0.271470344661928,0.728527105758183,2.54957988949264e-06,0.133152648424426,"(13) Eastern Queen Charlotte Sound",75.89571429,0,0,0,0,0,0,0,6,0
"137",9891,0.0918612946359424,0.165561724412243,6.72978627272062e-09,6,5,1,0.257423025777972,0.356849564479803,0.643150409377289,2.61429071948097e-08,0.16773284101663,"(13) Eastern Queen Charlotte Sound",32,0,0,0,0,0,0,0,6,0
"138",9895,0.281857183236632,0.102036874945504,1.74416475248296e-07,8,3,6,0.383894232598611,0.734205307875343,0.265794237789946,4.54334711067829e-07,0.2222892040817,"(11) Mainland Fjords",43.05202958,0,0,0,0,0,0,0,7,0
"139",9904,0.184793688978636,0.0437814826393517,6.63839428045491e-09,7,2,1,0.228575178256382,0.808459126613309,0.191540844344192,2.90424985385287e-08,0.111647553582198,"(11) Mainland Fjords",34,0,0,0,0,0,0,0,5,0
"140",9905,0.189486696364623,0.175928898654028,3.09335567110269e-06,7,5,8,0.365418688374322,0.518546813266757,0.481444721496599,8.46523664365509e-06,0.253074440548251,"(11) Mainland Fjords",132.25,0,0,0,0,0,0,0,7,0
"141",9906,0.426678532373295,0.519601026472773,4.35918945565617e-06,9,9,9,0.946283918035524,0.450899063421764,0.549096329938122,4.60664011357797e-06,0.651399183920742,"(11) Mainland Fjords",142.775,1,0,1,0,1,0,0,10,1
"142",9917,4.6147831688064e-06,0.00542131214566115,7.95497203939595e-09,1,1,3,0.005425934883802,0.000850504708890422,0.999148029189468,1.46610164142291e-06,3.73526698208213e-05,"(11) Mainland Fjords",26,0,0,0,0,0,0,0,1,0
"143",9918,0.93570059347996,0.114413521423328,5.14074397556253e-09,10,4,1,1.05011412004403,0.891046578290677,0.108953416813908,4.89541458155707e-09,0.361577069200217,"(11) Mainland Fjords",33,0,0,1,0,0,0,0,8,0
"144",10046,0.000110255537952577,0.258557308858742,8.36629083479468e-09,3,7,4,0.258667572762985,0.000426244143302814,0.999573723512903,3.23437945677893e-08,0.000966022603043653,"(13) Eastern Queen Charlotte Sound",30,0,0,0,0,0,0,0,3,0
"145",10062,0.728499344848679,0.183235676609894,7.51174327974864e-09,10,5,2,0.911735028970316,0.799025288818202,0.200974702942843,8.23895434645322e-09,0.457463819560554,"(11) Mainland Fjords",188.5,0,0,1,0,0,0,0,9,1
"146",10063,0.175383904672194,0.181116571871732,7.78633921400606e-09,6,5,2,0.356500484330265,0.491959793551688,0.508040184607278,2.18410340413247e-08,0.247061351565191,"(11) Mainland Fjords",81,0,0,0,0,0,0,0,7,0
"147",10074,0.369879748692996,0.00751970062729982,8.62691286775808e-09,9,1,4,0.377399457947209,0.980074933612479,0.0199250435286838,2.28588374627841e-08,0.0368899204039334,"(11) Mainland Fjords",24,0,0,1,0,0,0,0,4,0
"148",10075,0.264864653354482,0.0214409173345211,9.2081727614181e-09,7,1,5,0.286305579897176,0.925111740573152,0.0748882272648036,3.21620443608718e-08,0.0761871031071695,"(11) Mainland Fjords",30,0,0,0,0,0,0,0,5,0
"149",10203,0.000110419016587678,0.260356959110088,7.71231653387724e-09,3,7,2,0.260467385838992,0.000423926459092016,0.999576043931379,2.96095286902622e-08,0.000968045635939389,"(13) Eastern Queen Charlotte Sound",55.4736,0,0,0,0,0,0,0,3,0
"150",10210,0.000110261570584071,0.030851707220936,8.15767241018997e-09,3,1,3,0.0309619769491925,0.00356119283871977,0.996438543687393,2.63473886812086e-07,0.000731813932938874,"(11) Mainland Fjords",30,0,0,0,0,0,0,0,2,0
"151",10211,2.25410593295477e-05,0.0337940083082186,0.00037102460653218,2,1,9,0.0341875739740803,0.00065933486086604,0.988488049308204,0.0108526158309296,0.00223466241021138,"(11) Mainland Fjords",28,0,0,0,0,0,0,0,3,0
"152",10221,0.175383904672194,0.319937178836725,7.78633921400606e-09,7,7,3,0.495321091295258,0.354081236907492,0.645918747372726,1.57197812708619e-08,0.321927421581923,"(11) Mainland Fjords",30,0,0,0,0,0,0,0,8,0
"153",10222,0.352019042292364,0.138127318497522,6.43347700248901e-09,9,4,1,0.490146367223363,0.718191678715323,0.281808308159053,1.31256241659692e-08,0.291467175650022,"(11) Mainland Fjords",110,0,0,1,0,0,0,0,8,0
"154",10367,0.0744324005064272,0.214559102530002,0.314400541773626,5,6,10,0.603392044810055,0.123356615564692,0.355588218929111,0.521055165506197,0.582570625066645,"(11) Mainland Fjords",244.5752333,0,1,0,0,0,0,0,10,1
"155",10368,0.332547301252971,0.274945662216883,3.42151698954666e-07,8,7,7,0.607493305621553,0.547408997227924,0.452590439553197,5.63218879596699e-07,0.418352339936245,"(11) Mainland Fjords",63.5,0,0,0,0,0,0,0,9,1
"156",10369,0.186475348215079,0.870150185491468,0.724096221173239,7,10,10,1.78072175487979,0.104718970105281,0.488650280767874,0.406630749126846,1.69547646598217,"(11) Mainland Fjords",182.335316,1,1,0,1,0,0,0,10,1
"157",10382,0.430261821440749,0.167774085872242,7.20145062323591e-09,9,5,1,0.598035914514442,0.719458164632283,0.280541823325881,1.20418363654345e-08,0.354913114063573,"(11) Mainland Fjords",30,0,0,1,0,0,0,0,8,0
"158",10389,0.123557562569793,0.138866066194478,4.00458896619328e-08,6,4,6,0.262423668810161,0.470832387680608,0.529167459719248,1.5260014404761e-07,0.181452101984825,"(11) Mainland Fjords",24,0,0,0,0,0,0,0,6,0
"159",10520,0.592610016319129,0.780144377545357,1.0090118733007e-06,10,10,7,1.37275540287636,0.431693814555326,0.568305450417974,7.35026699721232e-07,0.938686255493606,"(13) Eastern Queen Charlotte Sound",65.7,1,0,1,0,1,0,0,10,1
"160",10521,0.168059994504486,0.417270123643742,2.02292669150425e-06,6,8,8,0.585332141074919,0.287119026465651,0.71287751750221,3.45603213893106e-06,0.350963780349675,"(13) Eastern Queen Charlotte Sound",91.6,0,0,0,0,0,0,0,8,0
"161",10523,0.0161558231080657,0.0855201168455512,0.00369987474303572,4,3,9,0.105375814696653,0.153316234418436,0.811572532954925,0.0351112326266385,0.0605430157621394,"(11) Mainland Fjords",407.6385613,0,0,0,0,0,0,0,4,0
"162",10524,1,0.494028803433271,5.22531979809678e-06,10,9,9,1.49403402875307,0.669328797574046,0.330667704968936,3.49745701739998e-06,0.948258198885012,"(11) Mainland Fjords",515.7025758,1,0,1,0,1,0,0,10,1
"163",10525,0.182551553734644,0.172247348403291,0.104726553863777,7,5,10,0.459525456001712,0.397261025151921,0.374837446225502,0.227901528622577,0.492418514033355,"(11) Mainland Fjords",319.4306807,0,1,0,0,0,0,0,9,1
"164",10527,0.0241766538546904,0.0467965463178799,3.17518688790328e-06,5,2,8,0.0709763753594582,0.340629593047663,0.659325671124791,4.47358275457519e-05,0.0455616035153182,"(11) Mainland Fjords",131.4230769,0,0,0,0,0,0,0,4,0
"165",10528,0.293417209904351,0.069540459755645,1.77997537288338e-06,8,2,8,0.362959449635369,0.808402178808458,0.19159291713029,4.90406125166752e-06,0.177337740463562,"(11) Mainland Fjords",77.325,0,0,0,0,0,0,0,6,0
"166",10674,0.00123680930633011,0.463719110307695,4.68165389721295e-09,3,9,1,0.464955924295679,0.00266005709724775,0.997339932833725,1.00690273046951e-08,0.00856880034395081,"(13) Eastern Queen Charlotte Sound",34,1,0,0,0,0,0,0,3,0
"167",10675,0.150608525586505,0.734317239119975,8.59132371982856e-09,6,10,4,0.884925773297804,0.170193399413875,0.829806590877601,9.70852469107296e-09,0.403696878637312,"(13) Eastern Queen Charlotte Sound",35,1,0,0,0,0,0,0,9,1
"168",10676,1.0138569898647e-05,0.200413835719313,7.90542684327309e-09,2,6,3,0.200423982194639,5.05856124982144e-05,0.999949374943984,3.94435174708577e-08,0.000110570138669253,"(13) Eastern Queen Charlotte Sound",27,0,0,0,0,0,0,0,1,0
"169",10680,5.6485329728711e-09,0.0969448591288639,9.78892413626364e-09,1,3,6,0.096944874566321,5.82654111229664e-08,0.999999840760461,1.00974127616896e-07,2.67216091387046e-07,"(11) Mainland Fjords",20,0,0,0,0,0,0,0,1,0
"170",10682,0.154408133117079,0.136858953510518,3.95323715946527e-06,6,4,9,0.291271039864756,0.530118384542363,0.469868043091633,1.35723660041892e-05,0.2014102193605,"(11) Mainland Fjords",152.2994565,0,0,0,0,0,0,0,6,0
"171",10683,0.413563123406347,0.277755750138689,2.28134992534562e-06,9,7,8,0.691321154894961,0.598221420649544,0.401775279364756,3.29998570012261e-06,0.465790192013105,"(11) Mainland Fjords",120.8548387,0,0,1,0,0,0,0,9,1
"172",10684,0.124775223128621,0.178598147228698,2.28470925231276e-06,6,5,8,0.303375655066571,0.411289505419415,0.588702963622797,7.53095778832819e-06,0.205511773297287,"(11) Mainland Fjords",85.6,0,0,0,0,0,0,0,6,0
"173",10685,0.332927942403239,0.163647255475091,8.53713864207786e-09,8,5,4,0.496575206415469,0.670448178044332,0.329551804763632,1.71920356308227e-08,0.314759703521452,"(11) Mainland Fjords",28,0,0,0,0,0,0,0,8,0
"174",10845,0.352019042292364,0.0481019200136598,6.43347700248901e-09,9,2,1,0.400120968739501,0.879781540570913,0.120218443350257,1.60788299167533e-08,0.14698855956957,"(11) Mainland Fjords",41,0,0,1,0,0,0,0,6,0
"175",10846,0.0147849928984027,0.284725211487369,7.17025202064778e-07,4,7,7,0.299510921410974,0.0493637855633167,0.950633820449851,2.39398683255664e-06,0.0589050908273833,"(11) Mainland Fjords",86.4,0,0,0,0,0,0,0,4,0
"176",10863,0.705798431529137,0.0358671586969286,7.95497203939595e-09,10,2,3,0.741665598181038,0.951639705630319,0.0483602836438607,1.07258204491429e-08,0.143630074055442,"(11) Mainland Fjords",33,0,0,1,0,0,0,0,6,0
"177",10990,5.11848340855056e-05,0.212698697546953,8.9402973406457e-09,2,6,5,0.212749891321336,0.000240586887107718,0.999759371090322,4.20225706585313e-08,0.000477833475049011,"(13) Eastern Queen Charlotte Sound",29,0,0,0,0,0,0,0,2,0
"178",10994,2.25456212423538e-05,0.0399225414156671,7.22351931509868e-09,2,2,1,0.0399450942604288,0.000564415272007216,0.999435403891786,1.80836206518972e-07,0.000191293567366769,"(11) Mainland Fjords",63.5,0,0,0,0,0,0,0,2,0
"179",11016,0.484914999632587,0.212121891055598,7.78633921400606e-09,10,6,3,0.697036898474524,0.695680530964474,0.304319457864899,1.11706270228256e-08,0.428315288203534,"(11) Mainland Fjords",212,0,0,1,0,0,0,0,9,1
"180",11021,3.35654463020403e-08,0.155386882959431,1.03427690042266e-08,1,4,6,0.155386926867646,2.16012035109172e-07,0.99999971742658,6.65613846204465e-08,7.29984105447578e-07,"(11) Mainland Fjords",188.5,0,0,0,0,0,0,0,1,0
"181",11152,0.0192896106722302,0.0908885812832555,5.99907763268796e-07,4,3,7,0.110178791863249,0.175075532650349,0.824919022492677,5.44485697404802e-06,0.0511134767693538,"(11) Mainland Fjords",62.70918367,0,0,0,0,0,0,0,4,0
"182",11171,0.1715935472545,0.0904913923146321,2.69180472080157e-06,6,3,8,0.262087631373853,0.654718219074336,0.345271510297071,1.02706285935404e-05,0.168940158357741,"(11) Mainland Fjords",112.5,0,0,0,0,0,0,0,6,0
"183",11174,0.316500000350048,0.194176061888183,6.91299722472016e-09,8,6,1,0.510676069151228,0.619766657317795,0.380233329145253,1.35369515869619e-08,0.33918006009131,"(11) Mainland Fjords",34,0,0,0,0,0,0,0,8,0
"184",11302,0.198341753378457,0.238312080398296,9.15746965255457e-07,7,6,7,0.436654749523718,0.454230152299496,0.545767750512814,2.09718768948307e-06,0.300846301710729,"(13) Eastern Queen Charlotte Sound",62.71969697,0,0,0,0,0,0,0,8,0
"185",11304,0.00022960548144488,0.0660066734003388,7.4451267097152e-09,3,2,2,0.0662362863269104,0.00346646066948346,0.996533426927978,1.12402538284976e-07,0.00152996168621201,"(13) Eastern Queen Charlotte Sound",31,0,0,0,0,0,0,0,3,0
"186",11310,1.58396937797086e-05,0.402891054064731,7.4053358053967e-09,2,8,2,0.402906901163847,3.93135330617413e-05,0.999960668087169,1.83797690831442e-08,0.000176655622387878,"(11) Mainland Fjords",80,0,0,0,0,0,0,0,2,0
"187",11311,0.321128914091004,0.0180839688496097,7.59662865159365e-09,8,1,2,0.339212890537242,0.946688416181363,0.0533115614237669,2.23948701936479e-08,0.070608265794308,"(11) Mainland Fjords",27,0,0,0,0,0,0,0,4,0
"188",11314,0.227302866553191,0.128395155098633,7.51174327974864e-09,7,4,2,0.355698029163567,0.639033247071116,0.360966731810568,2.11183157168812e-08,0.232616827246879,"(11) Mainland Fjords",30,0,0,0,0,0,0,0,7,0
"189",11330,0.330347651310878,0.0216323957667444,9.03637365146303e-09,8,1,5,0.351980056113996,0.938540822335366,0.0614591519916637,2.56729706541566e-08,0.0812947814418705,"(11) Mainland Fjords",28,0,0,0,0,0,0,0,5,0
"190",11331,0.618794456432669,0.459082569064895,5.7641027428894e-06,10,9,9,1.07788278960031,0.574083251354376,0.425911401030096,5.34761552786904e-06,0.73532700672668,"(11) Mainland Fjords",151.1727273,1,0,1,0,1,0,0,10,1
"191",11332,0.179394915297516,0.0816737736313029,3.59785219497974e-06,7,3,8,0.261072286781014,0.687146527536228,0.312839691406275,1.37810574969131e-05,0.162260809443797,"(11) Mainland Fjords",114.7,0,0,0,0,0,0,0,6,0
"192",11455,5.64831349509193e-09,0.0613256174481888,NA,1,2,NA,NA,NA,NA,NA,NA,"(10 Aristazabal Banks Upwelling",41,0,NA,0,0,0,0,0,NA,NA
"193",11460,0.01956984320346,0.581953135235948,2.62875367291123e-07,4,10,6,0.601523241314775,0.0325338105983824,0.967465752385474,4.37016143742917e-07,0.0862881129613503,"(13) Eastern Queen Charlotte Sound",45.3,1,0,0,0,0,0,0,5,0
"194",11461,0.021801909345711,0.34694059862397,6.23110213423505e-07,4,8,7,0.368743131079894,0.0591249233087063,0.940873386869407,1.68982188657637e-06,0.0828112056387468,"(13) Eastern Queen Charlotte Sound",63.76385542,0,0,0,0,0,0,0,5,0
"195",11463,4.6147831688064e-06,0.337646238175697,7.95497203939595e-09,1,8,3,0.337650860913838,1.36673223824061e-05,0.999986309117861,2.35597564237395e-08,5.6450317256055e-05,"(13) Eastern Queen Charlotte Sound",85,0,0,0,0,0,0,0,1,0
"196",11470,0.000110419016587678,0.152197328876232,0.0178311931656286,3,4,10,0.170138941058448,0.000648993204617075,0.894547291345532,0.104803715449851,0.057992193591711,"(11) Mainland Fjords",30,0,1,0,0,0,0,0,4,0
"197",11471,2.25456212423538e-05,0.200213068144218,7.22351931509868e-09,2,6,1,0.20023562098898,0.000112595456947166,0.999887368467957,3.60750963261239e-08,0.000227653600714515,"(11) Mainland Fjords",28,0,0,0,0,0,0,0,2,0
"198",11611,3.35654463020403e-08,0.0407603908736548,1.03427690042266e-08,1,2,6,0.0407604347818701,8.23481066423019e-07,0.999998922773627,2.53745306191556e-07,6.7122583178887e-07,"(10 Aristazabal Banks Upwelling",41,0,0,0,0,0,0,0,1,0
"199",11612,1.29118603965553e-07,0.0834907423524525,9.52139581597982e-09,1,3,5,0.0834908809924523,1.54649947911348e-06,0.999998339459374,1.14041146803093e-07,2.01840014797543e-06,"(10 Aristazabal Banks Upwelling",21,0,0,0,0,0,0,0,1,0
"200",11616,0.00919200365783159,0.474427635814932,5.63832646120755e-07,4,9,7,0.48362020330541,0.0190066576933858,0.980992176448277,1.16585833732155e-06,0.0455399439542015,"(13) Eastern Queen Charlotte Sound",68,1,0,0,0,0,0,0,4,0
"201",11617,4.67854210706485e-06,0.118691379893164,8.54497991917574e-09,1,4,4,0.118696066980251,3.94161510662631e-05,0.999960511858512,7.19904217264206e-08,5.22741938967783e-05,"(13) Eastern Queen Charlotte Sound",63.5,0,0,0,0,0,0,0,1,0
"202",11619,2.04625647403474e-06,0.0559730029715633,8.62691286775808e-09,1,2,5,0.0559750578549502,3.65565763118506e-05,0.999963289303028,1.54120660136042e-07,2.30960484727659e-05,"(13) Eastern Queen Charlotte Sound",24,0,0,0,0,0,0,0,1,0
"203",11629,0.0147915390285053,0.816101894861196,3.97459149941199e-08,4,10,6,0.830893473635616,0.0178019679993203,0.982197984165529,4.78351512621824e-08,0.0742467206202557,"(11) Mainland Fjords",65,1,0,0,0,0,0,0,4,0
"204",11630,0.252303632642279,0.182455754287987,7.78633921400606e-09,7,5,3,0.434759394716605,0.580329340109467,0.419670641980996,1.79095364209013e-08,0.29571716546406,"(11) Mainland Fjords",50,0,0,0,0,0,0,0,8,0
"205",11648,0.309861770102181,0.0314829621008886,7.36300243184632e-09,8,1,2,0.341344739566072,0.907767819993614,0.092232158435811,2.15705753696582e-08,0.105022364974563,"(11) Mainland Fjords",30,0,0,0,0,0,0,0,5,0
"206",11771,0.0126658030744855,0.37225288271767,4.74165472687293e-07,4,8,7,0.384919159957628,0.0329050990235969,0.967093669119115,1.23185728852648e-06,0.0557046730391132,"(10 Aristazabal Banks Upwelling",67.31666667,0,0,0,0,0,0,0,4,0
"207",11774,0.0887939116263688,0.387780992583089,7.0667850257521e-09,6,8,1,0.476574911276243,0.18631679831526,0.813683186856462,1.48282774828151e-08,0.229155455645391,"(13) Eastern Queen Charlotte Sound",30,0,0,0,0,0,0,0,7,0
"208",11779,0.143228261643732,0.0458905946513221,9.78892413626364e-09,6,2,6,0.189118866083978,0.757345179830612,0.242654768408692,5.17606960054259e-08,0.104794859973673,"(13) Eastern Queen Charlotte Sound",20,0,0,0,0,0,0,0,5,0
"209",11785,0,0.0379642670203248,NA,1,2,NA,NA,NA,NA,NA,NA,"(11) Mainland Fjords",15,0,NA,0,0,0,0,0,NA,NA
"210",11788,1.0138569898647e-05,0.186033065246432,8.71596934626612e-09,2,5,5,0.1860432125323,5.44957795592074e-05,0.999945457371275,4.68491659955232e-08,0.000109828370079699,"(11) Mainland Fjords",27,0,0,0,0,0,0,0,1,0
"211",11789,0.00182480103891196,0.342483182211716,1.99951670849731e-05,4,8,9,0.344327978417713,0.00529960140705803,0.994642328472771,5.80701201710552e-05,0.0115970586095539,"(11) Mainland Fjords",437.8952156,0,0,0,0,0,0,0,3,0
"212",11806,0.295190164776473,0.0854680784438746,8.29843635062047e-09,8,3,4,0.380658251518784,0.775472917239275,0.224527060960498,2.18002271525985e-08,0.2027304716296,"(11) Mainland Fjords",25,0,0,0,0,0,0,0,6,0
"213",11926,5.2132534821962e-05,0.05623566234429,8.9402973406457e-09,2,2,5,0.0562878038194093,0.000926178164442535,0.999073663003684,1.58831873585426e-07,0.000416374048370422,"(10 Aristazabal Banks Upwelling",29,0,0,0,0,0,0,0,2,0
"214",11929,0.00263429593806616,0.0763076509696199,6.84444085708046e-07,4,3,7,0.0789426313517718,0.0333697508299112,0.966621579024769,8.67014531930325e-06,0.0115553686344729,"(10 Aristazabal Banks Upwelling",71.448,0,0,0,0,0,0,0,3,0
"215",11932,0.00022957733436281,0.225017599783534,7.57859614381113e-09,3,6,2,0.225247184696493,0.0010192239901784,0.998980742364135,3.36456864223312e-08,0.00181109081440085,"(10 Aristazabal Banks Upwelling",31,0,0,0,0,0,0,0,3,0
"216",11937,0.0727953737713234,0.0598299360415587,9.15229229994354e-06,5,2,9,0.132634462105182,0.548842077812289,0.451088918309272,6.90038784391162e-05,0.0913909395210699,"(13) Eastern Queen Charlotte Sound",173.954386,0,0,0,0,0,0,0,5,0
"217",11938,0.564906925321592,0.338722498342236,6.16393053633757e-06,10,8,9,0.903635587594364,0.625149045784566,0.37484413295848,6.82125695463924e-06,0.597816681542917,"(13) Eastern Queen Charlotte Sound",172.6322368,0,0,1,0,0,0,0,10,1
"218",11939,0.000110255537952577,0.253029856794357,9.05154029977441e-09,3,6,5,0.25314012138385,0.000435551414567707,0.999564412828397,3.57570354722595e-08,0.000963652103659194,"(13) Eastern Queen Charlotte Sound",30,0,0,0,0,0,0,0,3,0
"219",11943,2.1479651824127e-06,0.273985095563472,8.29843635062047e-09,1,7,4,0.273987251827091,7.83965373603677e-06,0.999992130058591,3.02876732230501e-08,2.75520792280662e-05,"(11) Mainland Fjords",25,0,0,0,0,0,0,0,1,0
"220",11947,0.000220503418747669,0.0351803939197705,8.15767241018997e-09,3,1,3,0.0354009054961906,0.00622875080897004,0.993771018754201,2.30436829110707e-07,0.00133979217819753,"(11) Mainland Fjords",30,0,0,0,0,0,0,0,3,0
"221",12088,0.00123680791163765,0.165520715835904,8.27039004094797e-09,3,5,4,0.166757532017932,0.00741680388688323,0.992583146517815,4.9595301278857e-08,0.00729767198842345,"(10 Aristazabal Banks Upwelling",34,0,0,0,0,0,0,0,3,0
"222",12095,0.0449413094239588,0.0102352165848277,8.80392205137377e-06,5,1,9,0.0551853299308379,0.814370585086334,0.185469881174131,0.000159533739535624,0.0265501477094365,"(13) Eastern Queen Charlotte Sound",191.115625,0,0,0,0,0,0,0,3,0
"223",12096,2.82028991212359e-07,0.425865033097294,1.00541204044667e-08,1,9,6,0.425865325180406,6.62249247676799e-07,0.999999314142067,2.36086852110055e-08,4.48125236717087e-06,"(13) Eastern Queen Charlotte Sound",27,1,0,0,0,0,0,0,1,0
"224",12124,1.02311003540087e-06,0.0131752473837818,8.62691286775808e-09,1,1,5,0.0131762791207301,7.76478720605747e-05,0.99992169739736,6.54730579757184e-07,1.08365597495512e-05,"(11) Mainland Fjords",24,0,0,0,0,0,0,0,1,0
"225",12242,0.0456240728064808,1,1.45882996847481e-06,5,10,8,1.04562553163645,0.0436332811566653,0.95636532366894,1.39517439497836e-06,0.187526604455535,"(10 Aristazabal Banks Upwelling",75.59298246,1,0,0,0,0,0,0,6,0
"226",12253,0.000110590605134403,0.173960824350542,7.36300243184632e-09,3,5,2,0.174071422318679,0.000635317409723583,0.999364640291533,4.22987434339831e-08,0.00092478795188522,"(13) Eastern Queen Charlotte Sound",63.5,0,0,0,0,0,0,0,3,0
"227",12254,1.29892588201265e-07,0.15752723183069,7.57859614381113e-09,1,5,2,0.157527369301874,8.24571557164444e-07,0.999999127318732,4.81097105690126e-08,2.08475639639878e-06,"(13) Eastern Queen Charlotte Sound",31,0,0,0,0,0,0,0,1,0
"228",12258,0.0192604234979381,0.143093414542557,1.35359768123142e-06,4,4,7,0.162355191638176,0.118631398870581,0.881360263867964,8.33726145479868e-06,0.0591450283380167,"(11) Mainland Fjords",69.57073171,0,0,0,0,0,0,0,4,0
"229",12284,0.414211001502309,0.0147780879390135,7.95497203939595e-09,9,1,3,0.428989097396295,0.9655513485455,0.0344486329109705,1.85435296320532e-08,0.0642975466889624,"(11) Mainland Fjords",26,0,0,1,0,0,0,0,4,0
"230",12400,0.012335721182386,0.691328662664677,3.97203544033847e-08,4,10,6,0.703664423567417,0.0175306875965772,0.982469255955558,5.64478650235173e-08,0.0621108772409993,"(10 Aristazabal Banks Upwelling",41,1,0,0,0,0,0,0,4,0
"231",12409,4.97325652070097e-07,0.184807605146886,9.23849004121286e-09,1,5,5,0.184808111711028,2.6910380040446e-06,0.999997258972361,4.99896349553014e-08,7.04036757166061e-06,"(11) Mainland Fjords",25,0,0,0,0,0,0,0,1,0
"232",12410,2.25384697095354e-05,0.693164740440266,7.22351931509868e-09,2,10,2,0.693187286133495,3.25142572006073e-05,0.999967475322067,1.04207325489054e-08,0.000255586847874667,"(13) Eastern Queen Charlotte Sound",38,1,0,0,0,0,0,0,2,0
"233",12411,0.071141209423731,0.687617681985491,3.86395052464234e-07,5,10,7,0.758759277804274,0.0937599203130696,0.906239570441029,5.0924590152281e-07,0.236095156392097,"(13) Eastern Queen Charlotte Sound",90,1,0,0,0,0,0,0,7,0
"234",12412,9.97720483740512e-07,0.209788476332087,9.35730167980944e-09,1,6,5,0.209789483409872,4.75581743910029e-06,0.999995199579269,4.46032924421086e-08,1.33936558766385e-05,"(11) Mainland Fjords",23,0,0,0,0,0,0,0,1,0
"235",12415,4.63125697018623e-06,0.115865404860368,8.88745489317106e-09,1,4,5,0.115870045004793,3.99694068470816e-05,0.999959953891233,7.67019197481404e-08,5.16882320595009e-05,"(11) Mainland Fjords",26,0,0,0,0,0,0,0,1,0
"236",12416,0.00011029404488108,0.00915397771222224,7.78633921400606e-09,3,1,3,0.00926427954344253,0.0119053019032817,0.988093857627778,8.40468940676278e-07,0.000598439204487865,"(11) Mainland Fjords",30,0,0,0,0,0,0,0,2,0
"237",12417,0.00886117505062308,0.34219075468892,0.390051375305828,4,8,10,0.741103305045371,0.0119567339536835,0.461731518884497,0.526311747161819,0.554017955483436,"(11) Mainland Fjords",457.5016208,0,1,0,0,0,0,0,10,1
"238",12419,0.510124999231229,0.216342168447559,2.41879613871062e-06,10,6,8,0.726469586474927,0.702197323506034,0.297799346972422,3.32952154328639e-06,0.442443438202359,"(11) Mainland Fjords",100.3556757,0,0,1,0,0,0,0,9,1
"239",12558,0,0.277781063895478,NA,1,7,NA,NA,NA,NA,NA,NA,"(10 Aristazabal Banks Upwelling",37,0,NA,0,0,0,0,0,NA,NA
"240",12565,2.25456212423538e-05,0.106037265448801,7.22351931509868e-09,2,3,2,0.106059818293563,0.000212574579186529,0.99978735731284,6.81079737012628e-08,0.000213320331235171,"(11) Mainland Fjords",28,0,0,0,0,0,0,0,2,0
"241",12566,6.68133185711027e-08,0.426587806465573,1.00924733386488e-08,1,9,6,0.426587883371365,1.56622635511986e-07,0.999999819718762,2.36586029094099e-08,1.3010513503772e-06,"(11) Mainland Fjords",55,1,0,0,0,0,0,0,1,0
"242",12570,0.788518493427208,0.126761853790648,6.86725613799292e-09,10,4,1,0.915280354085112,0.861504881982732,0.138495110514369,7.50289909243953e-09,0.368146249517063,"(11) Mainland Fjords",33,0,0,1,0,0,0,0,9,1
"243",12574,0.00022957733436281,0.139810173870806,7.57859614381113e-09,3,4,2,0.140039758783765,0.00163937253503342,0.998360573347506,5.4117460709949e-08,0.00170190427420517,"(11) Mainland Fjords",31,0,0,0,0,0,0,0,3,0
"244",12734,0.0097424263043889,0.349098435923984,4.73063210495815e-07,4,8,7,0.358841335291583,0.0271496768800966,0.97284900481244,1.31830746341254e-06,0.0447508160855303,"(11) Mainland Fjords",91,0,0,0,0,0,0,0,4,0
"245",12739,0.0139145903808828,0.277678682849457,0.136386390266777,4,7,10,0.427979663497117,0.0325122700157844,0.648812797740161,0.318674932244055,0.323769424972992,"(11) Mainland Fjords",426.1415882,0,1,0,0,0,0,0,8,0
"246",12741,0.104263690690799,0.782475395434924,1.64956811660819e-05,6,10,9,0.886755581806889,0.117578837765359,0.882402559948391,1.86022862494642e-05,0.32126442789448,"(11) Mainland Fjords",374.4818179,1,0,0,0,0,0,0,8,0
"247",12742,0.20338587465395,0.0189113262517718,7.78633921400606e-09,7,1,3,0.222297208692061,0.914927703548864,0.0850722614244287,3.50267070820136e-08,0.0646855345047492,"(11) Mainland Fjords",30,0,0,0,0,0,0,0,4,0
"248",12743,0.000229549239673657,0.222638879739724,8.53713864207786e-09,3,6,4,0.222868437516536,0.00102997643915651,0.998969985255111,3.83057320148548e-08,0.00180847532912807,"(11) Mainland Fjords",31,0,0,0,0,0,0,0,3,0
"249",12759,1,0.300144046769422,6.43347700248901e-09,10,7,1,1.3001440532029,0.769145540093426,0.230854454958294,4.94828014375805e-09,0.702476709095258,"(11) Mainland Fjords",30,0,0,1,0,0,0,0,10,1
"250",12895,0.0030958472344162,0.482782578451005,1.99809185700365e-05,4,9,9,0.485898406603991,0.00637138791224587,0.993587490490526,4.11215972278769e-05,0.0189600149519277,"(11) Mainland Fjords",269.7604305,1,0,0,0,0,0,0,3,0
"251",12897,0.0100536497713702,0.649910257382356,0.0019963858080852,4,10,9,0.661960292961811,0.0151876930961933,0.98179643747884,0.00301586942496621,0.0656237896304543,"(11) Mainland Fjords",207.8217523,1,0,0,0,0,0,0,4,0
"252",13034,5.03351211498901e-05,0.4961548880048,6.83576150903392e-09,2,9,1,0.496205229961711,0.000101440126202971,0.99989854609772,1.37760771073723e-08,0.000513347011954145,"(10 Aristazabal Banks Upwelling",29,1,0,0,0,0,0,0,2,0
"253",13035,3.35654463020403e-08,0.0269746768443608,1.03427690042266e-08,1,1,6,0.0269747207525761,1.24432970446357e-06,0.999998372245789,3.83424506933547e-07,6.53099993986967e-07,"(10 Aristazabal Banks Upwelling",18,0,0,0,0,0,0,0,1,0
"254",13050,0.0167222934221626,0.585484071849275,1,4,10,10,1.60220636527144,0.0104370409359406,0.365423633646647,0.624139325417413,1.13708097141829,"(11) Mainland Fjords",551.5662586,1,1,0,1,0,0,0,10,1
"255",13054,0.00600918574829093,0.201533952915127,0.0354307647721918,4,6,10,0.24297390343561,0.0247318154885033,0.829446907941434,0.145821276570063,0.128135508506387,"(11) Mainland Fjords",207.1087045,0,1,0,0,0,0,0,5,0
"256",13055,0.0337669284908366,0.179428154515963,9.04894091819783e-06,5,5,9,0.213204131947718,0.158378396245702,0.841579161139159,4.24426151385135e-05,0.0932626273644037,"(11) Mainland Fjords",186.8369565,0,0,0,0,0,0,0,5,0
"257",13193,1.0129938038824e-05,0.224149271692766,7.59662865159365e-09,2,6,2,0.224159409227433,4.51907777315121e-05,0.999954775332865,3.38894034284595e-08,0.000111614124309854,"(11) Mainland Fjords",27,0,0,0,0,0,0,0,1,0
"258",13206,0.000110261570584071,0.160731402335832,8.15767241018997e-09,3,5,4,0.160841672064088,0.000685528626810946,0.999314420654539,5.07186496229627e-08,0.000913659802902065,"(11) Mainland Fjords",30,0,0,0,0,0,0,0,3,0
"259",13207,0.126025399952464,0.0600328702371217,0.117085997907279,6,2,10,0.303144268096865,0.415727471093713,0.198033994223302,0.386238534682985,0.319211835827225,"(11) Mainland Fjords",114.6,0,1,0,0,0,0,0,8,0
"260",13212,0.0155477444182527,0.746854711319599,0.0925484034518047,4,10,10,0.854950859189656,0.0181855416029282,0.873564490042722,0.10824996835435,0.369020636265651,"(11) Mainland Fjords",157.8731092,1,1,0,1,0,0,0,9,1
"261",13213,0.0268574207384407,0.900139047021003,3.95178092335251e-06,5,10,9,0.927000419540367,0.0289723932937995,0.971023343729787,4.26297641301167e-06,0.121630435891994,"(11) Mainland Fjords",120.3085366,1,0,0,0,0,0,0,5,0
"262",13361,0.159887837591948,0.0527928331930647,8.71596934626612e-09,6,2,5,0.212680679500982,0.751774152532787,0.248225806485732,4.09814815653054e-08,0.119181640361911,"(11) Mainland Fjords",27,0,0,0,0,0,0,0,5,0
"263",14312,0.313711251709182,0.437427605094265,2.71141311064432e-07,8,9,6,0.751139127944758,0.417647330618428,0.582352308408084,3.60973488102424e-07,0.510419149127477,"(11) Mainland Fjords",36,1,0,0,0,0,0,0,9,1
"264",14314,0.527497747383903,0.0486308940358258,6.63839428045491e-09,10,2,1,0.576128648058123,0.915590205697749,0.0844097827798344,1.15224165693375e-08,0.166737312651869,"(11) Mainland Fjords",34,0,0,1,0,0,0,0,6,0
"265",6582,NA,0.246535717734057,NA,NA,6,NA,NA,NA,NA,NA,NA,"(13) Eastern Queen Charlotte Sound",41,0,NA,NA,0,0,NA,0,NA,NA
"266",7524,NA,0.634964852340462,NA,NA,10,NA,NA,NA,NA,NA,NA,"(13) Eastern Queen Charlotte Sound",38,1,NA,NA,NA,NA,NA,NA,NA,NA
"267",9414,NA,0.0785789596355723,NA,NA,3,NA,NA,NA,NA,NA,NA,"(13) Eastern Queen Charlotte Sound",71.628,0,NA,NA,0,0,NA,0,NA,NA
"268",9572,NA,0.154855300587671,NA,NA,4,NA,NA,NA,NA,NA,NA,"(13) Eastern Queen Charlotte Sound",55,0,NA,NA,0,0,NA,0,NA,NA
"269",9887,NA,0.0307051944028043,NA,NA,1,NA,NA,NA,NA,NA,NA,"(13) Eastern Queen Charlotte Sound",63.7032,0,NA,NA,0,0,NA,0,NA,NA
"270",10045,NA,0.332285680405219,NA,NA,7,NA,NA,NA,NA,NA,NA,"(13) Eastern Queen Charlotte Sound",72.8472,0,NA,NA,0,0,NA,0,NA,NA
"271",10381,NA,0.161871340684172,NA,NA,5,NA,NA,NA,NA,NA,NA,"(11) Mainland Fjords",74,0,NA,NA,0,0,NA,0,NA,NA
"272",10700,NA,0.00117365348696896,NA,NA,1,NA,NA,NA,NA,NA,NA,"(11) Mainland Fjords",138.5,0,NA,NA,0,0,NA,0,NA,NA
"273",10859,NA,0.0419400146095229,NA,NA,2,NA,NA,NA,NA,NA,NA,"(11) Mainland Fjords",213.5,0,NA,NA,0,0,NA,0,NA,NA
"274",10862,NA,0.00117365348696896,NA,NA,1,NA,NA,NA,NA,NA,NA,"(11) Mainland Fjords",138.5,0,NA,NA,0,0,NA,0,NA,NA
"275",11012,NA,0.0394473565897916,NA,NA,2,NA,NA,NA,NA,NA,NA,"(11) Mainland Fjords",49,0,NA,NA,0,0,NA,0,NA,NA
"276",11328,NA,0.0134702793298732,NA,NA,1,NA,NA,NA,NA,NA,NA,"(11) Mainland Fjords",88.5,0,NA,NA,0,0,NA,0,NA,NA
"277",11780,NA,0.0770936564718073,NA,NA,3,NA,NA,NA,NA,NA,NA,"(13) Eastern Queen Charlotte Sound",8,0,NA,NA,0,0,NA,0,NA,NA
"278",11944,NA,0.395601024157731,NA,NA,8,NA,NA,NA,NA,NA,NA,"(11) Mainland Fjords",84,0,NA,NA,0,0,NA,0,NA,NA
"279",12093,NA,0.424828175672051,8.76281003615958e-09,NA,9,5,NA,NA,NA,NA,NA,"(13) Eastern Queen Charlotte Sound",27,1,0,NA,0,NA,0,0,NA,NA
"280",12251,NA,0.199520224380893,8.29843635062047e-09,NA,6,4,NA,NA,NA,NA,NA,"(13) Eastern Queen Charlotte Sound",25,0,0,NA,0,0,0,0,NA,NA
"281",12401,NA,0.0882099128852264,NA,NA,3,NA,NA,NA,NA,NA,NA,"(10 Aristazabal Banks Upwelling",20,0,NA,NA,0,0,NA,0,NA,NA
"282",12559,NA,0.0705525719582924,NA,NA,2,NA,NA,NA,NA,NA,NA,"(10 Aristazabal Banks Upwelling",42,0,NA,NA,0,0,NA,0,NA,NA
"283",13194,NA,0.270797316232416,8.3510199129053e-09,NA,7,4,NA,NA,NA,NA,NA,"(11) Mainland Fjords",29,0,0,NA,0,0,0,0,NA,NA
