"","PU_1Km_ID","raw_score","obs_score","UpperOceanSR","PU_4Km_ID","depth","max_depth","dive_samps","hook_samps","mid_samps","deep_samps","normalized_obs_score","normalized_score","rockfish_rank","rockfish_hotspot","rockfish_hotspot2"
"1",21076,0.114857498005177,0.136652737144209,"(13) Eastern Queen Charlotte Sound",6265,28,28,1,0,0,0,0.0713574651372269,0.0623644456332307,3,0,1
"2",21082,0.403685520359824,0.413729668331743,"(11) Mainland Fjords",6267,25.6,30,2,0,0,0,0.216041778607506,0.21919007574297,8,0,1
"3",21284,0.104535613535107,0.0572572899362478,"(13) Eastern Queen Charlotte Sound",6265,15.25,19,2,0,0,0,0.0298986698390553,0.0567599477637301,3,0,1
"4",21500,0.925681985349174,0.694673684904479,"(11) Mainland Fjords",6267,25.4884615384615,30,5,0,0,0,0.362745410653643,0.502619723149182,10,1,1
"5",21711,0.493241959795115,0.503188306236882,"(11) Mainland Fjords",6424,23,28,2,0,0,0,0.262755381049316,0.267816746141242,8,0,1
"6",21933,0.35029391714518,0.259985053279196,"(13) Eastern Queen Charlotte Sound",6423,23.4772727272727,30,5,0,0,0,0.135759259296743,0.190199911463049,7,0,1
"7",21938,0.430171356189594,0.301226307520216,"(11) Mainland Fjords",6424,13.3,18,3,0,0,0,0.157294659342287,0.233571152271225,8,0,1
"8",21939,0.598061566221206,0.394624138438364,"(11) Mainland Fjords",6425,24.5384615384615,30,4,0,0,0,0.206065233594314,0.324730894192438,9,1,1
"9",21940,0.288548860557117,0.284428348507644,"(11) Mainland Fjords",6425,24.3333333333333,31,2,0,0,0,0.148523084036399,0.15667405297244,6,0,1
"10",21941,0.0949925911334202,0.0488767831406536,"(11) Mainland Fjords",6425,20.2000003333333,30,3,0,0,0,0.0255225282849507,0.0515783504620037,3,0,1
"11",22157,0.221186527658733,0.200138788217531,"(13) Eastern Queen Charlotte Sound",6423,26,30,2,0,0,0,0.104508675795994,0.120098168761733,5,0,1
"12",22158,0.117521666794995,0.0873073718156962,"(13) Eastern Queen Charlotte Sound",6423,25.8,31,2,0,0,0,0.0455902521292855,0.0638110156224437,3,0,1
"13",22163,0.7797783376328,0.69067449421773,"(11) Mainland Fjords",6425,24.1717946153846,32,6,0,0,0,0.360657109197188,0.423398076641717,9,1,1
"14",22167,0.410562608349727,0.372865839692566,"(11) Mainland Fjords",6426,26.25,33,2,0,0,0,0.194703463046241,0.222924144371575,8,0,1
"15",22374,0.502273743367885,0.345251791281032,"(13) Eastern Queen Charlotte Sound",6423,24.2083333333333,31,5,0,0,0,0.180283931187583,0.272720754894504,8,0,1
"16",22601,0.454048383182548,0.540688431965594,"(13) Eastern Queen Charlotte Sound",6582,41,41,0,1,0,0,0.282337234806876,0.246535717734057,8,0,1
"17",23031,0.181087347305104,0.145135844732416,"(13) Eastern Queen Charlotte Sound",6581,25.5555555555556,30,2,0,0,0,0.075787182877473,0.0983254225628883,5,0,1
"18",23231,0.281483957897747,0.264759950590695,"(11) Mainland Fjords",6581,34,34,0,1,0,0,0.138252620026719,0.152838006171346,6,0,1
"19",23419,0.338932868237066,0.288525266680646,"(13) Eastern Queen Charlotte Sound",6736,55,55,0,1,0,0,0.150662416930928,0.18403117603635,7,0,1
"20",23420,0.773387552876466,0.584357858299622,"(13) Eastern Queen Charlotte Sound",6736,84,84,0,0,2,0,0.305140580223256,0.419928057222767,9,1,1
"21",23432,0.172096899904216,0.179510447183039,"(11) Mainland Fjords",6739,26,26,1,0,0,0,0.0937369477137809,0.0934438582080229,4,0,1
"22",23433,0.0267406862789479,0,"(11) Mainland Fjords",6739,78,78,0,1,0,0,0,0.0145194532756021,1,0,1
"23",23434,0.0934567420094181,0.0255722469298362,"(11) Mainland Fjords",6740,19.41666625,26,3,1,0,0,0.0133533418862344,0.050744426853548,3,0,1
"24",23435,0.123598379056654,0.0644733386496776,"(11) Mainland Fjords",6740,26.5740744444444,41,3,1,0,0,0.0336667534885888,0.0671105023608185,3,0,1
"25",23636,0.0608742493294654,0,"(11) Mainland Fjords",6739,41,41,0,1,0,0,0,0.0330530342268127,2,0,1
"26",23845,0.0852683353758221,0.0370883138985437,"(11) Mainland Fjords",6741,22.2407403703704,30,3,0,0,0,0.0193668134376335,0.0462983484590781,2,0,1
"27",24038,0.0729077811636506,0.0166633459126405,"(13) Eastern Queen Charlotte Sound",6737,76.425,76.425,0,0,1,0,0.00870128290058324,0.0395869092883691,2,0,1
"28",24056,0.144491555096287,0.102827578720295,"(11) Mainland Fjords",6742,27.0909090909091,30,2,0,0,0,0.0536946095410859,0.0784549192587947,4,0,1
"29",24058,0.214968845534542,0.140565269081485,"(11) Mainland Fjords",6742,14.6969693939394,25,3,0,0,0,0.0734005150398268,0.116722139285788,5,0,1
"30",24256,0.314616501186034,0.286799826327659,"(13) Eastern Queen Charlotte Sound",6895,43.6740739814815,80,2,1,3,0,0.149761424734155,0.170828061069634,7,0,1
"31",24272,0.318624565090817,0.0171558535293983,"(11) Mainland Fjords",6899,30,30,0,0,1,0,0.00895846102834752,0.173004328947879,7,0,1
"32",24275,0.234740224704652,0.161583340855891,"(11) Mainland Fjords",6900,19.1666669444445,30,3,0,0,0,0.0843757531158207,0.12745745150104,5,0,1
"33",24276,0.0298375410194936,0.0137331350538384,"(11) Mainland Fjords",6900,18.1851848148148,25,3,0,0,0,0.00717118241689486,0.0162009597723923,1,0,1
"34",24468,0.0262342906354759,0.0123268774209268,"(13) Eastern Queen Charlotte Sound",6896,15,19,3,0,0,0,0.0064368613772178,0.0142444944429207,1,0,1
"35",24481,0.528776602288874,0.453054555036686,"(11) Mainland Fjords",6899,27.375,33,2,0,0,0,0.236576487905806,0.287111074490606,8,0,1
"36",24482,0.014976988761109,0,"(11) Mainland Fjords",6899,16.125,21,3,0,0,0,0,0.00813209078696451,1,0,0
"37",24484,0.0429305836599602,0.00929899888357678,"(11) Mainland Fjords",6900,14.7083329166667,24,3,0,0,0,0.00485576068590342,0.0233101199065278,1,0,1
"38",24486,0.173627796620312,0.111505908670814,"(11) Mainland Fjords",6900,20.1666663333333,30,3,0,0,0,0.0582262686928522,0.0942750927959186,4,0,1
"39",24678,0.251883355356807,0.185797044395461,"(11) Mainland Fjords",6896,22,30,4,0,0,0,0.0970196894340861,0.136765697441514,6,0,1
"40",24691,0.0270510607218117,0.004541817806025,"(11) Mainland Fjords",6899,18.2708329166666,27,3,0,0,0,0.00237165103697157,0.0146879780162947,1,0,1
"41",24694,0.456244334078045,0.354198657884631,"(11) Mainland Fjords",6900,22.7575760606061,30,3,0,0,0,0.18495581508172,0.247728058352772,8,0,1
"42",24887,0.267997609460332,0.211126896185171,"(13) Eastern Queen Charlotte Sound",6895,25.0909090909091,31,2,0,0,0,0.110246457179747,0.145515291864283,6,0,1
"43",24888,0.650459070105929,0.723880932214703,"(13) Eastern Queen Charlotte Sound",6895,42,56,0,1,0,0,0.377996880732097,0.35318129002283,9,1,1
"44",24891,0.250744144518676,0.168693348637505,"(11) Mainland Fjords",6896,21.1481485185185,30,3,0,0,0,0.0880884642038289,0.136147137455329,6,0,1
"45",25100,0.312120809362175,0.284203874465924,"(13) Eastern Queen Charlotte Sound",7051,21.1111111111111,22,2,0,0,0,0.148405867953202,0.169472969414587,7,0,1
"46",25122,0.529902565937438,0.180119572624167,"(11) Mainland Fjords",7057,50.6945619037908,84.32284159,2,0,7,0,0.0940550214555723,0.287722441619138,9,1,1
"47",25123,0.347385964836485,0.140506829818282,"(11) Mainland Fjords",7057,72.5303662078088,99.28542,0,0,5,0,0.0733699991659865,0.188620973763645,7,0,1
"48",25124,0.190775798626064,0.0131366239386265,"(11) Mainland Fjords",7058,31.3921179233333,31.45735294,0,0,2,0,0.00685969563662798,0.103585983746704,5,0,1
"49",25319,0.165759643323545,0.178594137969262,"(13) Eastern Queen Charlotte Sound",7052,26,30,2,0,0,0,0.0932584684374526,0.0900029031084152,4,0,1
"50",25335,0.186433632590692,0.0321522583118847,"(11) Mainland Fjords",7057,84.1045141525,113,0,0,4,0,0.0167892989157785,0.101228307649396,5,0,1
"51",25336,0.062469608048439,0.0235057643374697,"(11) Mainland Fjords",7057,21.4333336666667,30,3,0,0,0,0.012274263906363,0.0339192698999112,2,0,1
"52",25341,0.063916271342877,0.0311919207222321,"(11) Mainland Fjords",7058,19.0555555555556,27,3,0,0,0,0.0162878288573977,0.0347047680688814,2,0,1
"53",25347,0.190236091259725,0.123439120953837,"(11) Mainland Fjords",7060,21.0757578787879,30,3,0,0,0,0.0644575656083495,0.103292937569567,5,0,1
"54",25536,0.738380668497942,0.686162840614114,"(11) Mainland Fjords",7054,22,32,3,0,0,0,0.358301209334081,0.400920286937584,9,1,1
"55",25544,0.0939230624086678,0.0118589972513179,"(11) Mainland Fjords",7056,42.9279523013636,58.71915,0,1,10,0,0.00619254323483011,0.050997625936688,3,0,1
"56",25549,0.0773040896518777,0.0265185039064816,"(11) Mainland Fjords",7057,39.9488302435069,59.5,3,0,4,0,0.0138474593158076,0.041973983240551,2,0,1
"57",25558,0.166880933825859,0.136658190052571,"(11) Mainland Fjords",7060,20.5,25,2,0,0,0,0.0713603125424563,0.0906117328477456,4,0,1
"58",25743,0.322227657865783,0.300291687552656,"(11) Mainland Fjords",7054,24.4,30,2,0,0,0,0.156806618537943,0.174960708699994,7,0,1
"59",25751,0.173439775532772,0.0310135840306289,"(11) Mainland Fjords",7056,50.0170836448077,63.35862069,0,0,4,0,0.0161947048225653,0.0941730025441247,4,0,1
"60",25756,0.0907367354931267,0.0130773328684423,"(11) Mainland Fjords",7057,61.66016589,63.59043,0,0,2,0,0.00682873496535249,0.0492675385227605,3,0,1
"61",25765,0.0303726491934475,0.0169763768627152,"(11) Mainland Fjords",7060,18,24,3,0,0,0,0.00886474172016951,0.0164915087152305,1,0,1
"62",25956,0.481344822658335,0.151795912113074,"(11) Mainland Fjords",7214,55.0340614987255,94,3,3,6,0,0.0792649436297169,0.261356929629094,8,0,1
"63",25962,0.162717303806313,0.133109082810902,"(11) Mainland Fjords",7215,24.1818181818182,30,4,0,0,0,0.0695070361166909,0.0883509968705508,4,0,1
"64",25967,0.162341598555314,0.158944439949492,"(11) Mainland Fjords",7217,23.5,30,2,0,0,0,0.0829977691590832,0.0881469993074227,4,0,1
"65",26147,0.166296456772284,0.0999586383268918,"(13) Eastern Queen Charlotte Sound",7208,38,43,0,1,0,0,0.0521965033312774,0.0902943779683113,4,0,1
"66",26164,0.222830024674495,0.120569348675614,"(11) Mainland Fjords",7216,54.7,54.7,0,0,3,0,0.0629590250040807,0.120990542198975,5,0,1
"67",26359,0.247373326140473,0.217690171282849,"(11) Mainland Fjords",7214,16.8148151851852,27,3,0,0,0,0.113673674839313,0.134316876278322,6,0,1
"68",26374,0.194207273434875,0.209569578959262,"(11) Mainland Fjords",7218,27,27,1,0,0,0,0.109433255688305,0.105449179688394,5,0,1
"69",26549,0.0205544671870542,0.0128554201779337,"(13) Eastern Queen Charlotte Sound",7208,22,26,2,0,0,0,0.00671285637113333,0.0111605073562484,1,0,1
"70",26551,0.429004265493187,0.383868701366387,"(13) Eastern Queen Charlotte Sound",7208,35,38,0,1,0,0,0.20044894853528,0.232937454292867,8,0,1
"71",26563,0.0111574940342961,0,"(11) Mainland Fjords",7214,25.5555555555556,30,2,0,0,0,0,0.00605821075846171,1,0,0
"72",26574,0.0201472110279342,0,"(11) Mainland Fjords",7217,185.7,185.7,0,0,2,0,0,0.010939378522386,1,0,1
"73",26575,0.136078930222468,0.251627346077489,"(11) Mainland Fjords",7217,99.1535578584781,132.2,0,0,3,0,0.131395023257742,0.0738870965594672,4,0,1
"74",26769,0.346371726946758,0.368296441116696,"(11) Mainland Fjords",7372,114.353665275,123.0333333,0,0,6,0,0.192317409854847,0.188070270632969,7,0,1
"75",26774,0.112391816210963,0.0962401259109105,"(11) Mainland Fjords",7374,27,33,2,0,0,0,0.050254766739454,0.0610256485945107,3,0,1
"76",26776,0.150990467500422,0.090974149141402,"(11) Mainland Fjords",7374,20.1833336666667,30,3,0,0,0,0.0475049736390999,0.0819836490007972,4,0,1
"77",26780,0.543255454415582,0.322932811082298,"(11) Mainland Fjords",7375,81.0498405397097,117.75,0,0,10,0,0.168629383428698,0.294972690858455,9,1,1
"78",26977,0.262556515917467,0.125859235056261,"(11) Mainland Fjords",7372,113.05,114.375,0,0,2,0,0.0657213032494742,0.142560928515501,6,0,1
"79",26978,0.254470852091896,0.0137886886852487,"(11) Mainland Fjords",7373,101.26668224,101.2667,0,0,1,0,0.00720019146859371,0.138170636624974,6,0,1
"80",26981,0.0514628163529206,0.0229244523016518,"(11) Mainland Fjords",7373,14.7083329166667,24,3,0,0,0,0.0119707137968181,0.0279428863445206,1,0,1
"81",27174,0.152247905545009,0.0855636385824497,"(11) Mainland Fjords",7370,22.0333336666667,30,3,0,0,0,0.0446797077377107,0.0826664030911329,4,0,1
"82",27192,0.354662273968905,0.127133324244848,"(11) Mainland Fjords",7376,25.4102566666667,31,3,0,2,0,0.0663866084365947,0.192571808434264,7,0,1
"83",27385,0.481865726562523,0.238732395321995,"(11) Mainland Fjords",7372,23.46666708625,23.46667,0,0,1,0,0.12466152476945,0.261639766046194,8,0,1
"84",27586,0.646164603299974,0.310565677614176,"(11) Mainland Fjords",7530,27.1305132990909,37.4,0,0,6,0,0.16217150110785,0.350849513288223,9,1,1
"85",27593,0.117691210527294,0.0164911744728277,"(11) Mainland Fjords",7534,61.45071286,61.45071429,0,0,1,0,0.00861137824319533,0.0639030731812364,3,0,1
"86",27594,0.115996380173881,0.0658209720706526,"(11) Mainland Fjords",7534,20.8000006666667,30,3,0,0,0,0.0343704620777077,0.0629828271610055,3,0,1
"87",27776,1.16942391647255,1.1420084572319,"(13) Eastern Queen Charlotte Sound",7524,32,38,0,1,0,0,0.596335136612354,0.634964852340462,10,1,1
"88",27778,0.289700404268878,0.248213125438041,"(11) Mainland Fjords",7528,23,28,2,0,0,0,0.129612182054985,0.157299309368005,6,0,1
"89",27786,0.222998862722014,0,"(11) Mainland Fjords",7530,20.9,20.9,0,0,1,0,0,0.121082216590444,5,0,1
"90",27787,0.419339432298887,0.123421747361875,"(11) Mainland Fjords",7530,18.8425535894074,25.6375,0,0,6,0,0.0644484934484451,0.227689717098792,8,0,1
"91",27980,0.350965806309756,0.239152622412672,"(11) Mainland Fjords",7528,21.0909096969697,30,3,0,0,0,0.12488095937866,0.190564728701832,7,0,1
"92",27986,0.816202798938743,0.761639556641678,"(11) Mainland Fjords",7529,98.28707867125,137.9667,0,0,2,0,0.397713717602581,0.443175552002811,10,1,1
"93",27987,0.550911245086603,0.454810805012484,"(11) Mainland Fjords",7530,60.9020833333333,63.4,0,0,2,0,0.237493568302725,0.299129573511956,9,1,1
"94",27991,0.0633697256515463,0,"(11) Mainland Fjords",7533,70,70,0,0,1,0,0,0.0344080088703524,2,0,1
"95",27992,0.317497992578327,0.1291559824197,"(11) Mainland Fjords",7534,32.1851855555556,41.66667,0,0,3,0,0.0674428021375981,0.17239263122307,7,0,1
"96",28184,0.383429652702876,0.301662526287856,"(11) Mainland Fjords",7529,125.069495466667,125.0695,0,0,1,0,0.157522444501623,0.20819169967536,7,0,1
"97",28186,0.773081689279086,0.565380904629049,"(11) Mainland Fjords",7529,31.1997867148792,55.25,3,0,8,0,0.295231175272737,0.419761981746448,9,1,1
"98",28187,1.09113253421348,1.03700531959009,"(11) Mainland Fjords",7530,53.4458537606731,66,0,1,8,0,0.541504491503004,0.592454796512621,10,1,1
"99",28190,0.0791677507021017,0.0116541828875587,"(11) Mainland Fjords",7534,26.9107565798334,49,3,0,7,0,0.00608559306224685,0.0429858996610204,2,0,1
"100",28377,0.297681124334422,0.250234074619319,"(11) Mainland Fjords",7686,23.5757578787879,33,3,0,0,0,0.130667483351987,0.16163261969851,6,0,1
"101",28381,0.120768086064003,0.0494015923849599,"(11) Mainland Fjords",7687,117.940773313555,154.5222222,0,0,1,0,0.0257965737094105,0.0655737315227637,3,0,1
"102",28382,0.151796580219735,0.0185198431991881,"(11) Mainland Fjords",7687,46.9054702407692,72.2860241,0,0,4,0,0.00967071054009242,0.0824213459185514,4,0,1
"103",28383,0.169862747487245,0,"(11) Mainland Fjords",7687,39.4819692931818,63.5,0,1,2,0,0,0.0922307752194118,4,0,1
"104",28384,0.379725400931888,0.322461858095666,"(11) Mainland Fjords",7688,73.7366129254229,167.3277,3,1,0,29,0.168383460719594,0.206180393385429,7,0,1
"105",28577,0.146118567560947,0.108789451819149,"(11) Mainland Fjords",7687,18.8518525925926,27,3,0,0,0,0.05680778649381,0.0793383420405823,4,0,1
"106",28578,0.234522806549857,0.00437964454336241,"(11) Mainland Fjords",7687,82.4456581839474,100.46,0,0,2,0,0.0022869672378873,0.127339399454549,5,0,1
"107",28579,0.157612562674393,0.0488194497070392,"(11) Mainland Fjords",7687,32.3064377662121,54.62434,3,0,3,0,0.0254925898543283,0.0855792635808447,4,0,1
"108",28581,0.169457052980092,0.0952739489145043,"(11) Mainland Fjords",7688,35.8537877872727,50,5,0,4,0,0.0497502474537211,0.0920104943193878,4,0,1
"109",28778,0.162410872520632,0.128170137615807,"(11) Mainland Fjords",7686,19.9000003333333,31,3,0,0,0,0.0669280126961665,0.0881846131551813,4,0,1
"110",28781,0.319477638515595,0.273138710372684,"(11) Mainland Fjords",7687,35.5,45,0,1,0,0,0.142627849323485,0.173467524230249,7,0,1
"111",28784,0.0611972245677021,0.031792724642175,"(11) Mainland Fjords",7688,20.5555555555556,29,2,0,0,0,0.016601557258801,0.0332284008509836,2,0,1
"112",28785,0.175839387927886,0.171057453231846,"(11) Mainland Fjords",7688,21.5,27,2,0,0,0,0.0893229547431102,0.0954759257259371,4,0,1
"113",28786,0.0950987884109979,0.0375679339333456,"(11) Mainland Fjords",7688,24.433333,41,3,1,0,0,0.0196172619147568,0.0516360126473979,3,0,1
"114",28787,0.124093521791306,0.0765578584553123,"(11) Mainland Fjords",7689,22.666666969697,30,3,0,0,0,0.0399770603199895,0.0673793511751509,3,0,1
"115",28790,0.142038393959176,0.12444378523544,"(11) Mainland Fjords",7689,23,28,2,0,0,0,0.0649821822237743,0.0771229205906885,4,0,1
"116",28983,0.215442410988149,0.0435891640542231,"(11) Mainland Fjords",7686,107.816513518174,154.1586,0,0,2,0,0.0227614339775551,0.116979272233119,5,0,1
"117",28984,0.344903713845259,0.170745937245086,"(11) Mainland Fjords",7687,71.8702061399123,118.7,3,0,6,0,0.0891602870086068,0.187273180109082,7,0,1
"118",28985,0.465915484802529,0.232900372752356,"(11) Mainland Fjords",7687,70.8079288338824,91.38333333,0,0,4,0,0.121616153298015,0.252979225791058,8,0,1
"119",28986,0.159112992000902,0.0215974451889293,"(11) Mainland Fjords",7687,118.318368965606,192.8684211,0,0,3,0,0.0112777758743013,0.0863939552186107,4,0,1
"120",28987,0.204652027100791,0.14944560598835,"(11) Mainland Fjords",7687,25.5694444444444,36,3,1,0,0,0.0780376583893211,0.111120392133934,5,0,1
"121",28989,0.0325989984472322,0.00281398729419648,"(11) Mainland Fjords",7688,101.14007086237,102.5,0,0,10,0,0.00146941074462579,0.0177003548019874,1,0,1
"122",28990,0.640108422899845,0.576349572372371,"(11) Mainland Fjords",7688,31.97475,45.875,1,0,2,0,0.300958805340403,0.347561174782958,9,1,1
"123",28994,0.125256649451824,0.0778597338175716,"(11) Mainland Fjords",7689,43.5,45,0,1,0,0,0.0406568749195127,0.0680108973345982,3,0,1
"124",29183,0.260703384848544,0.194262045631985,"(11) Mainland Fjords",7843,17.4666663333333,25,3,0,0,0,0.101439952381212,0.141554729583727,6,0,1
"125",29189,0.351674765335272,0.164031024327663,"(11) Mainland Fjords",7845,33.7685534732051,58.70323,5,0,6,0,0.0856538869582454,0.190949673850133,7,0,1
"126",29193,0.145768703129656,0.0178340695830483,"(11) Mainland Fjords",7846,71.047374906579,100.8333333,3,0,2,0,0.00931261257638979,0.079148375328063,4,0,1
"127",29194,0.230190453779283,0.143784056735583,"(11) Mainland Fjords",7846,70.3127703331458,100.45,3,0,3,0,0.0750813048477109,0.124987051688691,5,0,1
"128",29196,1.64302429260291,1.07021265940618,"(11) Mainland Fjords",7847,58.6912252942647,87.6,3,0,3,0,0.558844733950739,0.892116761637041,10,1,1
"129",29197,1.29357795869658,0.869746925577341,"(11) Mainland Fjords",7847,50.8974908814682,67.13333333,0,0,9,0,0.454165333363216,0.702377064437207,10,1,1
"130",29205,0.0386853053481871,0.013625453418075,"(11) Mainland Fjords",7851,21.5,29,2,0,0,0,0.00711495311091471,0.0210050511642105,1,0,1
"131",29391,0.555195313367907,0.55633608332469,"(11) Mainland Fjords",7843,20.1818181818182,30,3,0,0,0,0.290508141293424,0.301455704135195,9,1,1
"132",29398,0.236936509473999,0.0797021717998123,"(11) Mainland Fjords",7845,101.853018033106,171.3774319,3,0,1,0,0.041618961057213,0.128649973404023,5,0,1
"133",29401,0.210680624935578,0.165334133028444,"(11) Mainland Fjords",7846,28.05,33,2,0,0,0,0.0863343455837307,0.11439375406887,5,0,1
"134",29403,0.0912801833281376,0.0389298669087857,"(11) Mainland Fjords",7846,42,42,0,1,0,0,0.0203284374597563,0.0495626156709629,3,0,1
"135",29417,0.148754240863752,0.0775824763121019,"(11) Mainland Fjords",7852,20.5303033333333,30,3,0,0,0,0.0405120963135802,0.0807694397682407,4,0,1
"136",29606,0.729582034909839,0.519278166916157,"(11) Mainland Fjords",7843,23.4166663888889,32,3,0,0,0,0.271157200848012,0.396142872179453,9,1,1
"137",29612,0.382322935711264,0.246499094897481,"(11) Mainland Fjords",7845,35.0066955265152,41.8,0,0,6,0,0.128717147845658,0.207590782949387,7,0,1
"138",29613,0.21906374760687,0.061676418345078,"(11) Mainland Fjords",7845,23.9941161077273,36.92371,2,0,2,0,0.0322062548019328,0.118945557887955,5,0,1
"139",29614,0.259285457269106,0.209397270026932,"(11) Mainland Fjords",7845,21,30,3,0,0,0,0.109343279234935,0.140784834113465,6,0,1
"140",29623,0.0808068491814577,0.0301826533077366,"(11) Mainland Fjords",7850,71,71,0,0,1,0,0.015760808573362,0.0438758848146122,2,0,1
"141",29625,0.0414182589026529,0,"(11) Mainland Fjords",7851,17.2777777777778,22,2,0,0,0,0,0.022488969378744,1,0,1
"142",29830,0.367386814484845,0.276175105453563,"(11) Mainland Fjords",7843,20.2566663333333,30,6,0,0,0,0.144213397192153,0.199480882103781,7,0,1
"143",29831,0.440492792522129,0.397286285735264,"(11) Mainland Fjords",7843,25.0909090909091,30,2,0,0,0,0.207455356374864,0.239175406814435,8,0,1
"144",29853,0.348405657227871,0.328564698324504,"(11) Mainland Fjords",7852,20.9722219444444,30,3,0,0,0,0.171570248031493,0.189174638537906,7,0,1
"145",29854,0.284443597198766,0.362524039759055,"(11) Mainland Fjords",7852,18.9000003333333,30,3,0,0,0,0.189303171448474,0.154445008478449,6,0,1
"146",29859,0.0745647771600465,0.0404123973815646,"(11) Mainland Fjords",7853,20.1833336666667,30,3,0,0,0,0.0211025867284574,0.0404866122988513,2,0,1
"147",30049,0.330811684051496,0.216312293446396,"(11) Mainland Fjords",7999,18.7982093112948,30,11,0,0,0,0.112954173190588,0.179621597572473,7,0,1
"148",30053,0.299247141865392,0.181287556322299,"(11) Mainland Fjords",8000,20.5966663333333,32,6,0,0,0,0.0946649203698718,0.162482923917799,6,0,1
"149",30058,0.609301125886532,0.41263761317057,"(11) Mainland Fjords",8001,71.9968787428415,134.06,2,0,3,0,0.215471528133788,0.330833664319453,9,1,1
"150",30065,0.722790507529251,0.759199562156618,"(11) Mainland Fjords",8003,24.2,29,2,0,0,0,0.396439598803051,0.392455260595974,9,1,1
"151",30075,0.178886796405867,0.174827418443081,"(11) Mainland Fjords",8010,22.4242421212121,30,3,0,0,0,0.0912915590078411,0.0971305842693326,4,0,1
"152",30285,0.0272420506187494,0.00162037889684664,"(11) Mainland Fjords",8002,18.0625,25,3,0,0,0,0.000846131098851046,0.0147916802495048,1,0,1
"153",30499,0.565531131697225,0.371784609547457,"(11) Mainland Fjords",8001,24.5277780555556,33,3,0,0,0,0.194138865190411,0.307067767704999,9,1,1
"154",30519,0.290860159164544,0.238825854935653,"(11) Mainland Fjords",8010,12.6388886111111,15,3,0,0,0,0.124710327605476,0.157929024209394,6,0,1
"155",30715,0.655964319554459,0.535815143655211,"(13) Eastern Queen Charlotte Sound",7997,25.5555555555556,30,2,0,0,0,0.279792496165126,0.356170488254493,9,1,1
"156",30716,1.24654611460668,1.04637952366242,"(13) Eastern Queen Charlotte Sound",7997,35.53333259,35.53333333,0,0,1,0,0.546399522910789,0.676840073516138,10,1,1
"157",30743,0.0575446174535903,0.0250343376492977,"(11) Mainland Fjords",8009,18.9333336666667,27,3,0,0,0,0.0130724558715437,0.0312451361817732,2,0,1
"158",30748,0.367829516634255,0.323434815168641,"(11) Mainland Fjords",8011,23.5,28,2,0,0,0,0.168891520432599,0.199721257130297,7,0,1
"159",30749,0.0564429419769255,0.0232777649954086,"(11) Mainland Fjords",8012,18.9000003333333,30,3,0,0,0,0.0121552069782513,0.0306469568590194,2,0,1
"160",30941,0.792554520526099,0.590808271331482,"(11) Mainland Fjords",8156,27.6666666666667,34,4,0,0,0,0.308508863454611,0.430335190694241,10,1,1
"161",30943,0.240917475659493,0.200562140653776,"(11) Mainland Fjords",8156,20.5833336666667,30,3,0,0,0,0.104729742401329,0.130811527969941,5,0,1
"162",30944,0.137478974204941,0.0923717542727671,"(11) Mainland Fjords",8157,28.2,33,2,0,0,0,0.0482347765067274,0.0746472817310538,4,0,1
"163",30945,1.15139296113831,0.820893505389233,"(11) Mainland Fjords",8157,19.4464285714286,27,5,0,0,0,0.428655004768565,0.625174542145765,10,1,1
"164",30947,0.953984824258566,0.671349537722601,"(11) Mainland Fjords",8159,24.3846153846154,32,4,0,0,0,0.350565983778131,0.517987382109952,10,1,1
"165",30970,0.160393052753037,0.0864721032128704,"(11) Mainland Fjords",8168,19.3181818181818,25,3,0,0,0,0.0451540907215307,0.0870889928136326,4,0,1
"166",31161,0.339339475878165,0.253018506615633,"(11) Mainland Fjords",8155,96.4455151039844,119.1,0,0,4,0,0.132121460881133,0.184251952742859,7,0,1
"167",31162,0.235762459063014,0.0640684871813687,"(11) Mainland Fjords",8155,94.8012905879902,117.6,0,0,2,0,0.0334553477374905,0.128012496493084,5,0,1
"168",31165,0.259976855979071,0.240096623762908,"(11) Mainland Fjords",8156,56.7857142857143,100,2,1,0,0,0.125373898962943,0.14116024449596,6,0,1
"169",31166,0.543382927688621,0.377740148581316,"(11) Mainland Fjords",8156,25.0555558333333,32,8,0,0,0,0.19724873461464,0.295041905321108,9,1,1
"170",31167,0.253917437916255,0.174798423126915,"(11) Mainland Fjords",8157,20.0740737037037,29,3,0,0,0,0.0912764182041831,0.137870148029376,6,0,1
"171",31169,0.233763521498909,0.173554672727716,"(11) Mainland Fjords",8157,19.1363636363636,22,2,0,0,0,0.0906269553569327,0.126927128665942,5,0,1
"172",31178,0.242644753001402,0.173296398945263,"(11) Mainland Fjords",8160,23.3333333333333,30,4,0,0,0,0.0904920896907746,0.131749391807774,6,0,1
"173",31185,0.195119248569,0.154391493772103,"(11) Mainland Fjords",8165,16.5555555555556,28,3,0,0,0,0.0806203070978453,0.105944356970319,5,0,1
"174",31391,0.560679527423338,0.425886465122736,"(11) Mainland Fjords",8157,24.8333333333333,32,5,0,0,0,0.222389827108563,0.304433480730028,9,1,1
"175",31593,0.995257751754558,0.814821354097971,"(13) Eastern Queen Charlotte Sound",8155,95.8699187634211,124.5545455,0,0,1,0,0.425484242637273,0.540397440553259,10,1,1
"176",31597,0.241375683520389,0.0268114248795318,"(11) Mainland Fjords",8156,93.4053697605263,124.3333333,0,0,1,0,0.0140004170871571,0.131060322169065,6,0,1
"177",31603,0.0157674464851238,0.00697424916268261,"(11) Mainland Fjords",8157,23.5,29,2,0,0,0,0.00364182051442758,0.00856128747512905,1,0,0
"178",31613,0.590474780965724,0.46806260922888,"(11) Mainland Fjords",8160,24.8205130769231,30,6,0,0,0,0.244413408893836,0.32061147957159,9,1,1
"179",31802,0.685925331994309,0.501363779067263,"(13) Eastern Queen Charlotte Sound",8312,105.6,105.6,0,0,1,0,0.26180264759795,0.372438489594182,9,1,1
"180",31807,0.0775214667309437,0.0564872566961065,"(11) Mainland Fjords",8313,23.7777777777778,30,2,0,0,0,0.0294965730992739,0.0420920129840573,2,0,1
"181",31808,0.830495531579383,0.812922156825502,"(11) Mainland Fjords",8314,23.6,26,2,0,0,0,0.424492517875727,0.450936110635886,10,1,1
"182",31809,0.203368333470115,0.0820735767201823,"(11) Mainland Fjords",8314,27.8236614195,46.81698113,2,0,4,0,0.0428572636881583,0.110423381986312,5,0,1
"183",31812,0.781007979776281,0.603387366862759,"(11) Mainland Fjords",8315,39.5637418212222,63,3,0,3,0,0.315077428340975,0.424065738326303,9,1,1
"184",31813,0.11194844538818,0.0634499771458188,"(11) Mainland Fjords",8315,93.5062278756086,140.5865177,0,0,7,0,0.0331323735386481,0.0607849104968417,3,0,1
"185",31817,0.306745211921576,0.254635452261352,"(11) Mainland Fjords",8316,22.05,27,2,0,0,0,0.132965799201421,0.166554168638383,7,0,1
"186",31828,0.248732586790346,0.241466514759578,"(11) Mainland Fjords",8326,21.5416669444445,33,3,0,0,0,0.126089230035555,0.135054917227957,6,0,1
"187",32018,0.234059277867825,0.0562757578107386,"(11) Mainland Fjords",8313,44.33333259,44.33333333,0,0,1,0,0.0293861323964047,0.127087716196667,5,0,1
"188",32020,0.655217562824912,0.325475867585605,"(11) Mainland Fjords",8313,24.9331987873333,31.57607,0,0,6,0,0.169957319257639,0.355765019998001,9,1,1
"189",32031,0.360949483500512,0.334255560599976,"(11) Mainland Fjords",8316,18.9333336666667,27,3,0,0,0,0.174541908277085,0.195985589370019,7,0,1
"190",32040,1.12812934988494,0.979459130725129,"(11) Mainland Fjords",8318,29.67826123125,35.8087,2,0,1,0,0.5114549641278,0.612543044468723,10,1,1
"191",32234,0.69169905704664,0.73413702971736,"(11) Mainland Fjords",8314,25.5,30,2,0,0,0,0.383352420147436,0.375573462655419,9,1,1
"192",32237,0.0947486718671654,0.0650552701168058,"(11) Mainland Fjords",8314,26.6,31,2,0,0,0,0.0339706270534047,0.0514459090447393,3,0,1
"193",32240,0.309262123379769,0.222508167539873,"(11) Mainland Fjords",8315,25.0909090909091,30,2,0,0,0,0.116189541020457,0.167920781968155,7,0,1
"194",32241,0.84923364438082,0.533597597615171,"(11) Mainland Fjords",8315,50.316506248,85.7463,3,0,3,0,0.27863453572065,0.461110387782528,10,1,1
"195",32243,0.245823196206115,0.0105775660430526,"(11) Mainland Fjords",8316,78.6901861145588,98.0047619,0,0,2,0,0.00552340418441322,0.133475198584704,6,0,1
"196",32253,0.26754908563879,0.18510015926102,"(11) Mainland Fjords",8318,31.74197402,40.46857143,0,1,4,0,0.0966557892464662,0.145271755830768,6,0,1
"197",32254,0.0997434431096108,0.00628788126787892,"(11) Mainland Fjords",8326,54.6639916154545,58.2168,0,0,3,0,0.00328341222968842,0.0541579317251034,3,0,1
"198",32444,0.207014866778736,0.00849597274675828,"(13) Eastern Queen Charlotte Sound",8312,30.3,30.3,0,0,2,0,0.00443643568181047,0.11240334874708,5,0,1
"199",32460,0.16400830634844,0.107786605771608,"(11) Mainland Fjords",8316,18.4583329166666,27,3,0,0,0,0.0562841193256954,0.0890519755550004,4,0,1
"200",32469,0.428942525115702,0.342505210125383,"(11) Mainland Fjords",8318,22.8611113888889,30,3,0,0,0,0.178849718648876,0.232903930975,8,0,1
"201",32472,0.113364570292105,0.0209493814132677,"(11) Mainland Fjords",8326,26.9055556666667,41,3,0,4,0,0.0109393692734173,0.0615538271641429,3,0,1
"202",32675,0.0870682158638885,0.0365504046180053,"(11) Mainland Fjords",8473,14.3888888888889,18,2,0,0,0,0.0190859274229428,0.0472756337978138,2,0,1
"203",32676,0.496261999120068,0.280817558201223,"(11) Mainland Fjords",8473,22.5769228205128,31,3,0,0,0,0.146637597885204,0.269456543991294,8,0,1
"204",32688,0.978186669577219,0.848462054942752,"(11) Mainland Fjords",8476,22.875,27,2,0,0,0,0.443050777987312,0.531128314942486,10,1,1
"205",32691,0.185280791303304,0.0183846291369388,"(11) Mainland Fjords",8484,56.74,87.7,3,0,1,0,0.00960010432367368,0.100602346706143,5,0,1
"206",32908,0.579452688895796,0.347302349382129,"(11) Mainland Fjords",8476,40.6152070911376,75.7,11,0,9,0,0.181354693700422,0.314626788335947,9,1,1
"207",33104,0.656079016709447,0.511888208988556,"(13) Eastern Queen Charlotte Sound",8470,23.63442338625,29.60147059,0,0,3,0,0.26729830510831,0.356232765638301,9,1,1
"208",33114,0.209293141938787,0.349711844572944,"(11) Mainland Fjords",8473,22.5,30,2,0,0,0,0.182612886347493,0.113640389165201,5,0,1
"209",33117,0.957140897740525,0.654000513677071,"(11) Mainland Fjords",8473,23.6818181818182,29,2,0,0,0,0.341506652773387,0.519701042745944,10,1,1
"210",33128,0.493265533700274,0.374773411047805,"(11) Mainland Fjords",8476,17.9833336666667,24,3,0,0,0,0.195699560594837,0.26782954611993,8,0,1
"211",33320,0.0597261180254785,0.0385662605338012,"(13) Eastern Queen Charlotte Sound",8470,26.05,31,2,0,0,0,0.0201385691134,0.032429630674316,2,0,1
"212",33323,0.593162122657968,0.600721151241018,"(13) Eastern Queen Charlotte Sound",8470,31.4290987864583,45.58367347,5,0,4,0,0.313685181158426,0.322070631806095,9,1,1
"213",33332,0.324270203570739,0.243366161493971,"(11) Mainland Fjords",8473,19.8518514814815,28,3,0,0,0,0.127081189497585,0.176069754541863,7,0,1
"214",33335,0.124042151931649,0.0786174710702658,"(11) Mainland Fjords",8473,20.3333333333333,29,3,0,0,0,0.0410525509280748,0.0673514587617223,3,0,1
"215",33537,0.393281827328476,0.431773609854077,"(13) Eastern Queen Charlotte Sound",8628,30.25,34,2,0,0,0,0.225463982326406,0.213541158086684,8,0,1
"216",33540,0.0430855559471626,0.000136443241503745,"(11) Mainland Fjords",8629,10,10,1,0,0,0,7.12480704908175e-05,0.0233942655735304,1,0,1
"217",33541,1.11399359707365,0.899103958284759,"(11) Mainland Fjords",8629,23.5,30,2,0,0,0,0.469495018532576,0.604867721542531,10,1,1
"218",33553,0.169788287575052,0.112821458958768,"(11) Mainland Fjords",8632,16.6666666666667,25,3,0,0,0,0.0589132240789703,0.0921903455458903,4,0,1
"219",33562,0.446984749674152,0.260102027348333,"(11) Mainland Fjords",8634,21.4393942424243,30,3,0,0,0,0.135820340935024,0.242700360046851,8,0,1
"220",33752,0.750787003497078,0.97473469968848,"(13) Eastern Queen Charlotte Sound",8628,23.3636363636364,27,2,0,0,0,0.508987955928505,0.407656583809786,9,1,1
"221",33758,0.889312351837915,0.693024889455123,"(11) Mainland Fjords",8629,17.375,23,3,0,0,0,0.361884440970528,0.482872017764626,10,1,1
"222",33760,0.24871845480366,0.0307455743342522,"(11) Mainland Fjords",8630,93.995338265,115.9286,0,0,1,0,0.0160547552469819,0.135047243949932,6,0,1
"223",33767,0.123123962439493,0.0932687874771575,"(11) Mainland Fjords",8632,25.7777777777778,32,2,0,0,0,0.0487031902168873,0.066852907255211,3,0,1
"224",33991,0.0892993607681187,0.0407502950847313,"(11) Mainland Fjords",8634,23.9583333333333,31,3,0,0,0,0.0212790304944408,0.0484870837901639,3,0,1
"225",33994,0.0300168231102115,0.00908363561205003,"(11) Mainland Fjords",8643,19.0000004166667,28,3,0,0,0,0.00474330207394315,0.0162983049905433,1,0,1
"226",34169,0.388574474527061,0.436569164567902,"(13) Eastern Queen Charlotte Sound",8625,123.495040393333,130.4033,0,0,2,0,0.22796812995972,0.210985195672745,7,0,1
"227",34181,0.269497546197762,0.247492908380613,"(13) Eastern Queen Charlotte Sound",8628,54.5518160836111,59.22,0,0,3,0,0.129236098380112,0.1463297160398,6,0,1
"228",34187,0.838899343814296,0.800237106618566,"(11) Mainland Fjords",8629,22.5,30,3,0,0,0,0.417868625469166,0.455499148315955,10,1,1
"229",34382,0.198622774450524,0.0633670969854971,"(13) Eastern Queen Charlotte Sound",8783,117.88029152,119.7485,0,0,2,0,0.0330890950923153,0.107846674652297,5,0,1
"230",34401,0.219774325444634,0.202719444889091,"(11) Mainland Fjords",8787,26.5,33,2,0,0,0,0.105856245719,0.119331382006546,5,0,1
"231",34404,0.263627831269032,0.20980009004583,"(11) Mainland Fjords",8788,22.8611113888889,30,3,0,0,0,0.109553624201715,0.143142623129776,6,0,1
"232",34411,0.0268822297917777,0.00464949944178839,"(11) Mainland Fjords",8790,18.6666670833334,28,3,0,0,0,0.00242788034295171,0.0145963074894229,1,0,1
"233",34418,0.227067935413378,0.165542784955792,"(11) Mainland Fjords",8792,268.476964062157,303.7648,0,0,0,73,0.0864432996591683,0.123291610552925,5,0,1
"234",34614,0.525734202741287,0.431863337542614,"(13) Eastern Queen Charlotte Sound",8786,24.0909090909091,29,2,0,0,0,0.225510836421981,0.285459135657919,8,0,1
"235",34620,0.295554687120124,0.167857298295606,"(11) Mainland Fjords",8787,23.0972219444444,30,3,0,0,0,0.0876518945867701,0.160478023086649,6,0,1
"236",34640,0.777453439685434,0.686111303958196,"(11) Mainland Fjords",8792,23.1071428571429,31,3,0,0,0,0.358274297870726,0.422135721339195,9,1,1
"237",34843,0.613876798088815,0.351782132357619,"(11) Mainland Fjords",8788,18.5555561111111,27,3,0,0,0,0.18369395132655,0.333318127809002,9,1,1
"238",34856,0.594797230236188,0.626759250812778,"(11) Mainland Fjords",8792,25.5,33,2,0,0,0,0.327281782450581,0.322958450010717,9,1,1
"239",35042,1.56200692723486,1.21301693617102,"(13) Eastern Queen Charlotte Sound",8783,25.8846153846154,30,4,0,0,0,0.633414416297756,0.848126572353838,10,1,1
"240",35260,0.22491664669481,0.168177979113292,"(13) Eastern Queen Charlotte Sound",8941,19.366667,29,3,2,0,0,0.087819348021999,0.122123520261384,5,0,1
"241",35293,0.172717833440673,0.151685404387871,"(11) Mainland Fjords",8950,27.5454545454545,33,2,0,0,0,0.0792072385934818,0.0937810079496487,4,0,1
"242",35477,1.13556942580542,0.990761448424192,"(13) Eastern Queen Charlotte Sound",8941,20.6818181818182,26,2,0,0,0,0.517356819868382,0.616582799977141,10,1,1
"243",35478,0.0608742493294654,0,"(13) Eastern Queen Charlotte Sound",8941,41,41,0,1,0,0,0,0.0330530342268127,2,0,1
"244",35508,0.775117595541826,0.603185961184853,"(11) Mainland Fjords",8950,18.8888886111111,25,3,0,0,0,0.314972258119434,0.420867422554773,9,1,1
"245",35692,0.0655509062287319,0.0396593386812327,"(13) Eastern Queen Charlotte Sound",8940,17.8958329166666,25,3,0,0,0,0.0207093537711218,0.0355923296146195,2,0,1
"246",35706,0.386863530267456,0.341339990161255,"(13) Eastern Queen Charlotte Sound",8944,25.2,30,2,0,0,0,0.178241262904007,0.210056200246997,7,0,1
"247",35724,0.758128374044973,0.864335037973371,"(11) Mainland Fjords",8950,25.625,32,2,0,0,0,0.45133934839506,0.411642745030075,9,1,1
"248",35910,0.0472629692649697,0,"(13) Eastern Queen Charlotte Sound",8941,63.5,63.5,0,1,0,0,0,0.0256624855005757,1,0,1
"249",35922,0.0955042069745049,0.0116984379546436,"(13) Eastern Queen Charlotte Sound",8944,49.8831350366667,62.65455,0,0,6,0,0.00610870221814558,0.0518561437176515,3,0,1
"250",35923,0.524760137205869,0.466581455651306,"(13) Eastern Queen Charlotte Sound",8944,20.1666663333333,27,3,0,0,0,0.243639978613672,0.284930245004876,8,0,1
"251",35935,0.0733579685007806,0.0257243287284116,"(11) Mainland Fjords",8948,12.3,15,2,0,0,0,0.0134327561143476,0.0398313485648537,2,0,1
"252",35943,0.295489607293861,0.215383912302889,"(11) Mainland Fjords",8950,22.282051025641,31,3,0,0,0,0.112469390181727,0.160442686540431,6,0,1
"253",36129,0.27341502196687,0.328876285373552,"(13) Eastern Queen Charlotte Sound",9099,19.1111111111111,24,3,0,0,0,0.171732952873374,0.148456797065116,6,0,1
"254",36143,0.806064256728744,0.805010444784582,"(13) Eastern Queen Charlotte Sound",9102,26.3636363636364,30,2,0,0,0,0.420361172042969,0.437670603911157,10,1,1
"255",36160,0.00216153453573677,0,"(11) Mainland Fjords",9108,138.5,138.5,0,1,0,0,0,0.00117365348696896,1,0,0
"256",36162,0.631833088905433,0.547405429954335,"(11) Mainland Fjords",9109,24.5277780555556,33,3,0,0,0,0.285844723641897,0.343067897235086,9,1,1
"257",36345,0.18181902720161,0.15345010673022,"(13) Eastern Queen Charlotte Sound",9098,18,20,3,0,0,0,0.0801287326557549,0.0987227045159092,5,0,1
"258",36360,0.390015597067514,0.344542067447756,"(13) Eastern Queen Charlotte Sound",9102,50.278411536381,78.14792,0,0,6,0,0.17991332687516,0.211767685365501,8,0,1
"259",36361,0.84483705223422,0.651795220195079,"(13) Eastern Queen Charlotte Sound",9102,27.1041658333333,33,6,0,0,0,0.340355090382122,0.458723159811693,10,1,1
"260",36375,0.514501453509298,0.541580900654774,"(11) Mainland Fjords",9108,161.5030519725,185.7871,0,0,0,15,0.282803265013845,0.279360063407898,8,0,1
"261",36377,0.207684572465649,0.143228535684953,"(11) Mainland Fjords",9108,38,66,0,1,0,0,0.074791222301018,0.112766980417865,5,0,1
"262",36381,0.193109791446941,0.163795057276101,"(11) Mainland Fjords",9109,18.0370374074074,25,3,0,0,0,0.08553066944349,0.104853277314072,5,0,1
"263",36562,0.286469541012317,0.321509767116502,"(13) Eastern Queen Charlotte Sound",9097,25.2,30,2,0,0,0,0.167886296884658,0.155545039952324,6,0,1
"264",36563,0.589180994232426,0.54757615146718,"(13) Eastern Queen Charlotte Sound",9098,22,27,2,0,0,0,0.285933871174948,0.319908989148317,9,1,1
"265",36579,0.137211079477435,0.00649863820702541,"(13) Eastern Queen Charlotte Sound",9102,23.117842355,26.49804,0,0,2,0,0.00339346550232579,0.074501822301246,4,0,1
"266",36598,0.985508934290228,0.724153698605764,"(11) Mainland Fjords",9108,194.81665855,206.7811421,0,0,0,6,0.378139314163344,0.535104102222703,10,1,1
"267",36599,0.194047419480992,0.186413669460376,"(11) Mainland Fjords",9108,28.0909090909091,33,2,0,0,0,0.0973416793370468,0.105362383411361,5,0,1
"268",36600,0.0206775249059157,0.00454181762435229,"(11) Mainland Fjords",9108,17.3125,24,3,0,0,0,0.00237165094210553,0.0112273242950724,1,0,1
"269",36601,0.544303681307251,0.415582490014012,"(11) Mainland Fjords",9108,48.5970459693333,95,3,1,1,0,0.217009286916238,0.295541849077397,9,1,1
"270",36794,0.126595465358255,0.12125770468886,"(13) Eastern Queen Charlotte Sound",9099,19.8888888888889,23,2,0,0,0,0.0633184714465279,0.0687378373538366,4,0,1
"271",36804,0.757677722497939,0.69550699560841,"(13) Eastern Queen Charlotte Sound",9102,27.5833333333333,33,2,0,0,0,0.363180549683764,0.411398053700447,9,1,1
"272",36829,0.226854864306075,0.162417183463188,"(11) Mainland Fjords",9109,17.1500006666667,25,3,0,0,0,0.0848111698957812,0.123175918833026,5,0,1
"273",36834,0.312315330558184,0.243500849831542,"(11) Mainland Fjords",9110,18.8148151851852,29,3,0,0,0,0.127151521190557,0.169578589045553,7,0,1
"274",37031,0.371985532659949,0.273000087123066,"(13) Eastern Queen Charlotte Sound",9257,14.375,20,2,0,0,0,0.142555462894142,0.201977858919356,7,0,1
"275",37039,1.68622859801306,1.53102783597172,"(13) Eastern Queen Charlotte Sound",9259,25.6428571428571,30,4,0,0,0,0.799473671092187,0.915575504885582,10,1,1
"276",37069,0.280102229553704,0.220865702708323,"(11) Mainland Fjords",9267,20.1666666666667,29,3,0,0,0,0.115331877065781,0.152087765885004,6,0,1
"277",37075,0.0614409517409976,0.0651054527444761,"(11) Mainland Fjords",9269,22.1111111111111,27,2,0,0,0,0.033996831468913,0.0333607379670824,2,0,1
"278",37285,0.555929089666857,0.646859129311075,"(13) Eastern Queen Charlotte Sound",9259,25.5,30,2,0,0,0,0.337777557428664,0.301854124376778,9,1,1
"279",37287,0.261745563741177,0.198773157821982,"(13) Eastern Queen Charlotte Sound",9260,20.1166663333333,29,3,0,0,0,0.103795569528405,0.142120603906418,6,0,1
"280",37288,0.443152060401795,0.333128384809426,"(13) Eastern Queen Charlotte Sound",9260,21.175,29,5,0,0,0,0.173953318477432,0.240619315744944,8,0,1
"281",37289,0.807456436353609,0.826605466336909,"(13) Eastern Queen Charlotte Sound",9260,27.0416666666667,33,2,0,0,0,0.431637682340247,0.43842651895401,10,1,1
"282",37302,0.552833935657062,0.296567525537234,"(11) Mainland Fjords",9265,356.794425,420.6161,0,0,0,2,0.154861931832543,0.30017354132976,9,1,1
"283",37313,0.109042126110406,0.0501121025223844,"(11) Mainland Fjords",9269,19.3666663333333,26,3,0,0,0,0.0261675886149327,0.0592068594880746,3,0,1
"284",37519,0.319342204537616,0.248150718648056,"(13) Eastern Queen Charlotte Sound",9257,25.5,33,2,0,0,0,0.129579594413978,0.173393987324925,7,0,1
"285",37539,0.105433276578779,0.0789496679890938,"(11) Mainland Fjords",9265,410.265,448.393,0,0,0,37,0.0412260178526996,0.0572473539762662,3,0,1
"286",37546,0.242249730282254,0.154853697700487,"(11) Mainland Fjords",9268,19.5833336666667,28,3,0,0,0,0.0808616612148223,0.131534905393564,6,0,1
"287",37550,1.01979769416948,0.910751796939435,"(11) Mainland Fjords",9269,23.7083338888889,32,3,0,0,0,0.475577298756849,0.553721950760759,10,1,1
"288",37763,0.466058762207141,0.342201062861214,"(13) Eastern Queen Charlotte Sound",9260,19.6,28,3,0,0,0,0.178690898721423,0.253057021460175,8,0,1
"289",37772,0.189132507548675,0.0558623398850072,"(11) Mainland Fjords",9266,28.024,34.08,2,0,2,0,0.029170253403865,0.102693722128305,5,0,1
"290",37773,0.232779814931947,0.114846712590361,"(11) Mainland Fjords",9266,92.5305410421465,162.9,6,3,7,0,0.0599707730782115,0.126393003199344,5,0,1
"291",37777,0.16160696942644,0.125334410819345,"(11) Mainland Fjords",9269,19.15,27,3,0,0,0,0.0654472499961578,0.0877481160027717,4,0,1
"292",38217,0.529845574468775,0.388446757175947,"(13) Eastern Queen Charlotte Sound",9418,21.8939396969697,30,3,0,0,0,0.202839522369759,0.287691496827456,8,0,1
"293",38218,0.298986761846363,0.267868105622031,"(13) Eastern Queen Charlotte Sound",9418,22.9090909090909,30,2,0,0,0,0.139875639579234,0.162341544766914,6,0,1
"294",38434,0.346778344761266,0.279414336679075,"(13) Eastern Queen Charlotte Sound",9415,20.8787875757576,29,3,0,0,0,0.145904862244931,0.188291052863357,7,0,1
"295",38443,0.843031321893237,0.872117321445549,"(13) Eastern Queen Charlotte Sound",9418,23.6666666666667,28,2,0,0,0,0.455403109086278,0.457742698164571,10,1,1
"296",38457,0.0888660345231,0.0566395630523555,"(11) Mainland Fjords",9428,17.9814818518519,28,3,0,0,0,0.0295761045871412,0.0482517996204904,3,0,1
"297",38654,0.144720002045243,0.109691112840062,"(13) Eastern Queen Charlotte Sound",9414,68.94576,71.628,0,4,0,0,0.0572786167619039,0.0785789596355723,4,0,1
"298",38658,0.735496358455825,0.574101239713051,"(13) Eastern Queen Charlotte Sound",9415,27.8029333333333,34.4424,0,4,0,0,0.299784768707788,0.399354186335228,9,1,1
"299",38676,0.21173136292789,0.199828280681686,"(11) Mainland Fjords",9419,24.5454545454545,30,2,0,0,0,0.104346534655414,0.11496427574603,5,0,1
"300",38689,0.00982970504814445,0,"(11) Mainland Fjords",9445,21.5,28,2,0,0,0,0,0.00533725805204348,1,0,0
"301",38883,0.285199238087384,0.216748262411169,"(13) Eastern Queen Charlotte Sound",9572,55,55,0,1,0,0,0.113181827907609,0.154855300587671,6,0,1
"302",38887,0.352542907988695,0.246791557303399,"(13) Eastern Queen Charlotte Sound",9573,26.2128,35.3568,0,4,0,0,0.128869866161957,0.191421051306995,7,0,1
"303",38889,0.502996635043279,0.429487819240413,"(13) Eastern Queen Charlotte Sound",9573,19.2024,19.2024,0,1,0,0,0.224270385861131,0.273113265086452,8,0,1
"304",38890,0.0646147976323132,0,"(13) Eastern Queen Charlotte Sound",9573,35,41,0,2,0,0,0,0.035084048529953,2,0,1
"305",38897,0.267175455895331,0.253799920312794,"(13) Eastern Queen Charlotte Sound",9575,20.5,24,2,0,0,0,0.132529500279524,0.145068885210846,6,0,1
"306",38917,0.538671830309361,0.144689912003041,"(11) Mainland Fjords",9586,62.6300599885333,88.4,0,0,5,0,0.0755543252717276,0.292483909704936,9,1,1
"307",39122,0.404706304136218,0.331848330962857,"(13) Eastern Queen Charlotte Sound",9573,17.3736,24.9936,0,1,0,0,0.173284898659145,0.219744333109114,8,0,1
"308",39123,0.0496863323198082,0,"(13) Eastern Queen Charlotte Sound",9573,41,41,0,2,0,0,0,0.0269783046339182,1,0,1
"309",39125,1.03113873042404,0.722173648878192,"(13) Eastern Queen Charlotte Sound",9574,17.3481485185185,25,6,0,0,0,0.377105369784637,0.559879819869926,10,1,1
"310",39131,0.587279429688498,0.483789985216191,"(13) Eastern Queen Charlotte Sound",9575,20.4,28,3,0,0,0,0.252625946067755,0.318876492178789,9,1,1
"311",39150,0.23542594467169,0.158023387377648,"(11) Mainland Fjords",9586,21.6666661111111,31,3,0,0,0,0.0825168129912203,0.127829778483141,5,0,1
"312",39367,0.0795309441683754,0.0389298661301884,"(13) Eastern Queen Charlotte Sound",9574,63.5254,68.8848,0,2,0,0,0.0203284370531876,0.0431831036709907,2,0,1
"313",39368,0.162341637593614,0.0904424468784748,"(13) Eastern Queen Charlotte Sound",9575,44.2949142857143,63.3984,0,4,0,0,0.0472273288111725,0.0881470205041401,4,0,1
"314",39389,0.0242072687265416,0,"(11) Mainland Fjords",9586,16.875,25,3,0,0,0,0,0.013143877593062,1,0,1
"315",39600,0.255152858738298,0.258166468066771,"(13) Eastern Queen Charlotte Sound",9572,49,49,0,1,0,0,0.134809628622623,0.138540947376642,6,0,1
"316",39604,0.650984308399565,0.528661722161732,"(13) Eastern Queen Charlotte Sound",9573,23.6363636363636,30,4,0,0,0,0.276057115260943,0.353466479893556,9,1,1
"317",39608,0.156786156740298,0.116789592940384,"(13) Eastern Queen Charlotte Sound",9574,64.008,73.152,0,1,0,0,0.0609853083135815,0.0851305480085661,4,0,1
"318",39609,0.190448859681729,0.0683476417942894,"(13) Eastern Queen Charlotte Sound",9575,28.8687877766667,41,0,5,1,0,0.0356898410413902,0.103408464939717,5,0,1
"319",39611,0.493016333453982,0.459547854785193,"(13) Eastern Queen Charlotte Sound",9575,22.05,27,2,0,0,0,0.239967165766439,0.267694237276524,8,0,1
"320",39843,0.47720853479166,0.534128365781956,"(13) Eastern Queen Charlotte Sound",9730,21.5,25,2,0,0,0,0.278911692781305,0.259111039684904,8,0,1
"321",39845,1.16464010077033,1.08168270003174,"(13) Eastern Queen Charlotte Sound",9731,23.6,28,2,0,0,0,0.564834171419505,0.632367372685569,10,1,1
"322",39850,0.494133789746815,0.352642789237744,"(13) Eastern Queen Charlotte Sound",9732,20.0999996666667,28,3,0,0,0,0.184143370010743,0.26830098514612,8,0,1
"323",39878,1.32791494197338,1.04374908187622,"(11) Mainland Fjords",9741,52.1108391991912,85.2,2,0,4,0,0.545025956146037,0.721021096946767,10,1,1
"324",40093,0.119348480337753,0.0976394882775563,"(13) Eastern Queen Charlotte Sound",9730,55,55,0,1,0,0,0.0509854872019859,0.0648029248651842,3,0,1
"325",40096,0.168556262017909,0.0976394882775563,"(13) Eastern Queen Charlotte Sound",9731,31.5468,32.004,0,2,0,0,0.0509854872019859,0.091521389733587,4,0,1
"326",40097,0.283922294717929,0.175709100689263,"(13) Eastern Queen Charlotte Sound",9731,25.42032,32.004,0,3,0,0,0.0917519567390454,0.154161955645249,6,0,1
"327",40100,0.121628436582044,0.0468417663569876,"(13) Eastern Queen Charlotte Sound",9732,44.0290585714286,59.1312,0,5,0,0,0.0244598811530394,0.066040878065565,3,0,1
"328",40105,0.291861066005763,0.264813020512978,"(13) Eastern Queen Charlotte Sound",9733,26,30,4,0,0,0,0.138280332132662,0.158472488949331,6,0,1
"329",40106,1.34376803853075,1.3868934833099,"(13) Eastern Queen Charlotte Sound",9733,113.046753097222,116.8556,0,0,4,0,0.724209448361773,0.729628890042921,10,1,1
"330",40108,1.04297613382992,0.930283672811339,"(13) Eastern Queen Charlotte Sound",9734,65.296895442381,70.4,0,0,4,0,0.485776473546325,0.566307202617817,10,1,1
"331",40117,0.350619885479887,0.0574897666032566,"(11) Mainland Fjords",9736,31,31,0,0,1,0,0.0300200647412576,0.190376903255845,7,0,1
"332",40129,0.226340578974952,0.179914015911066,"(11) Mainland Fjords",9740,18.5555555555556,27,3,0,0,0,0.0939476836422553,0.122896676118098,5,0,1
"333",40134,0.0988993251789981,0,"(11) Mainland Fjords",9741,50.1545454545455,58.2,0,0,3,0,0,0.0536995990284486,3,0,1
"334",40135,0.109087558889464,0,"(11) Mainland Fjords",9741,56.1,56.1,0,0,1,0,0,0.0592315282308972,3,0,1
"335",40140,0.0641043120041623,0.0554591604967677,"(11) Mainland Fjords",9745,19.5,28,3,0,0,0,0.0289597207812364,0.034806868948678,2,0,1
"336",40352,0.927751294072941,0.848704005992937,"(13) Eastern Queen Charlotte Sound",9730,24.6666666666667,28,2,0,0,0,0.443177120232549,0.503743300570274,10,1,1
"337",40353,0.146703907858964,0.0976394882775563,"(13) Eastern Queen Charlotte Sound",9731,22,26,0,2,0,0,0.0509854872019859,0.0796561656378801,4,0,1
"338",40354,0.266974837841087,0.195278976555113,"(13) Eastern Queen Charlotte Sound",9731,16.764,16.764,0,1,0,0,0.101970974403972,0.144959955154435,6,0,1
"339",40358,0.309514681344154,0.2408020928743,"(13) Eastern Queen Charlotte Sound",9732,19.78152,25.6032,0,3,0,0,0.125742281540369,0.168057913959646,7,0,1
"340",40359,0.123318649338266,0.0715813022983721,"(13) Eastern Queen Charlotte Sound",9732,52.0917714285714,63.5,0,6,0,0,0.0373783971691917,0.0669586168581965,3,0,1
"341",40362,0.0472629701526484,0,"(13) Eastern Queen Charlotte Sound",9733,63.5,63.5,0,1,0,0,0,0.0256624859825607,1,0,1
"342",40363,0.117252744645424,0.0389298661301884,"(13) Eastern Queen Charlotte Sound",9733,35,35,0,1,0,0,0.0203284370531876,0.0636649983308626,3,0,1
"343",40364,0.316454330941429,0.160829941623553,"(13) Eastern Queen Charlotte Sound",9733,102.020639097183,138.4,0,0,2,0,0.0839823423391361,0.17182595181124,7,0,1
"344",40365,0.958787145665675,0.389904873143134,"(13) Eastern Queen Charlotte Sound",9734,74.4796902856667,102.3,0,0,2,0,0.203600922847122,0.520594909850922,10,1,1
"345",40366,0.29377985995124,0.06176268678537,"(13) Eastern Queen Charlotte Sound",9734,78.4326041666667,91.7,0,0,2,0,0.0322513025437433,0.159514341007511,6,0,1
"346",40376,0.172514620628131,0.0503124084777311,"(11) Mainland Fjords",9736,80.6786146324345,149.1286,2,0,5,0,0.0262721845822301,0.0936706690112265,4,0,1
"347",40387,0.119415384953592,0.00428761873775121,"(11) Mainland Fjords",9739,107.032343577307,169.8521167,0,0,2,0,0.00223891310920419,0.0648392522216875,3,0,1
"348",40612,0.0472629701526484,0,"(13) Eastern Queen Charlotte Sound",9730,63.5,63.5,0,1,0,0,0,0.0256624859825607,1,0,1
"349",40613,0.0608742495823997,0,"(13) Eastern Queen Charlotte Sound",9731,41,41,0,1,0,0,0,0.033053034364149,2,0,1
"350",40614,0.761419364635223,0.476623092391383,"(13) Eastern Queen Charlotte Sound",9731,18.38864,26,0,2,0,0,0.24888353069009,0.413429661925443,9,1,1
"351",40616,0.0608742495823997,0,"(13) Eastern Queen Charlotte Sound",9731,41,41,0,1,0,0,0,0.033053034364149,2,0,1
"352",40617,0.469335077902308,0.314823027911193,"(13) Eastern Queen Charlotte Sound",9732,25.8405936291667,41.0537037,10,1,6,0,0.164394608611916,0.25483597029327,8,0,1
"353",40619,0.207486419133283,0.133096922407548,"(13) Eastern Queen Charlotte Sound",9732,33.382666,55,0,6,0,0,0.0695006861849112,0.112659388637285,5,0,1
"354",40621,0.0896118698890851,0.0291974009601867,"(13) Eastern Queen Charlotte Sound",9733,51.7781328571429,63.5,0,4,0,0,0.015246328501386,0.0486567676020429,3,0,1
"355",40635,0.184973768018482,0.00730974509845931,"(11) Mainland Fjords",9737,68.3303216493333,91.8069,0,0,3,0,0.00381701012307481,0.100435641551608,5,0,1
"356",40884,0.324999573960674,0.275241013525727,"(13) Eastern Queen Charlotte Sound",9889,35.4509045238095,63.5,4,7,0,0,0.143725632120128,0.176465782496673,7,0,1
"357",40885,0.239935959900556,0.146459232416334,"(13) Eastern Queen Charlotte Sound",9889,27.2288,34.1376,0,2,0,0,0.0764782308029789,0.130278592051525,5,0,1
"358",40888,0.15551370854931,0,"(13) Eastern Queen Charlotte Sound",9890,44.60789316,44.60789474,0,0,1,0,0,0.0844396438237615,4,0,1
"359",40890,0.305525382782405,0.234208842685301,"(13) Eastern Queen Charlotte Sound",9890,20,25,0,2,0,0,0.122299411457159,0.16589183514381,7,0,1
"360",40893,0.200449673490618,0.192617418031971,"(13) Eastern Queen Charlotte Sound",9891,24.75,32,5,0,0,0,0.100581159069901,0.108838630317727,5,0,1
"361",40895,0.304917413092183,0.273138687014764,"(13) Eastern Queen Charlotte Sound",9891,25,25,0,1,0,0,0.142627837126422,0.165561724412243,6,0,1
"362",40927,0.0806329873352314,0.0431626948617983,"(11) Mainland Fjords",9904,24.7666663333333,34,3,0,0,0,0.0225387398613118,0.0437814826393517,2,0,1
"363",40931,0.0778831423293029,0.00278701182918251,"(11) Mainland Fjords",9905,89.1181731402432,132.25,0,0,4,0,0.00145532466889456,0.0422883928337187,2,0,1
"364",41165,0.110016520825238,0.0818524445535511,"(13) Eastern Queen Charlotte Sound",9890,25.1111111111111,30,2,0,0,0,0.0427417926686905,0.0597359288764369,3,0,1
"365",41180,0.0981713999379501,0.0762578118594977,"(11) Mainland Fjords",9895,25,28,2,0,0,0,0.0398203816837044,0.0533043557495262,3,0,1
"366",41206,0.324010787252806,0.176350998780932,"(11) Mainland Fjords",9905,87.2200816991053,129.8667,0,0,2,0,0.0920871437367972,0.175928898654028,7,0,1
"367",41209,0.956956696329294,0.589367673011008,"(11) Mainland Fjords",9906,120.507656253167,142.775,0,0,2,0,0.307756610359809,0.519601026472773,10,1,1
"368",41220,0.210717030757071,0.329022722681967,"(11) Mainland Fjords",9918,23.5,33,2,0,0,0,0.17180941965588,0.114413521423328,5,0,1
"369",41440,0.0565501989003404,0,"(13) Eastern Queen Charlotte Sound",9887,59.2836,63.7032,0,1,0,0,0,0.0307051944028043,2,0,1
"370",41463,0.187922782628936,0.0424656773934937,"(11) Mainland Fjords",9895,33.136130504,43.05203,0,0,4,0,0.0221747705714607,0.102036874945504,5,0,1
"371",41481,0.145285149600774,0,"(11) Mainland Fjords",9906,92.16,92.52,0,0,2,0,0,0.0788858191320248,4,0,1
"372",41482,0.53101963249854,0.156739097658889,"(11) Mainland Fjords",9906,68.5673151113333,85.98889,0,0,2,0,0.0818461812808888,0.288328977875181,9,1,1
"373",41722,1.21983745408161,1.15123148100873,"(13) Eastern Queen Charlotte Sound",9889,22.5,27,2,0,0,0,0.601151224539814,0.662338009339385,10,1,1
"374",41724,0.141260531669486,0.0520041905146669,"(13) Eastern Queen Charlotte Sound",9890,52.2685720875275,75.89571429,0,0,8,0,0.0271556010453269,0.0767005628751017,4,0,1
"375",41759,0.00998450868332459,0,"(11) Mainland Fjords",9917,20.5,26,2,0,0,0,0,0.00542131214566115,1,0,0
"376",41987,0.476188720751537,0.401777739851451,"(13) Eastern Queen Charlotte Sound",10046,24.15,30,2,0,0,0,0.209800708449101,0.258557308858742,8,0,1
"377",42028,0.00820619587320265,0,"(11) Mainland Fjords",10075,21,24,2,0,0,0,0,0.00445573745970788,1,0,0
"378",42254,0.390215591023084,0.304598577223205,"(13) Eastern Queen Charlotte Sound",10045,48.19142,72.8472,0,6,0,0,0.159055594562417,0.211876276553589,8,0,1
"379",42255,0.258990702596299,0.266329747617314,"(13) Eastern Queen Charlotte Sound",10046,24.2,27,2,0,0,0,0.139072338233178,0.140624790476031,6,0,1
"380",42294,0.0138491409813703,0,"(11) Mainland Fjords",10074,18,24,2,0,0,0,0,0.00751970062729982,1,0,0
"381",42295,0.0394880463535574,0.0103549379825316,"(11) Mainland Fjords",10075,22.0333336666667,30,3,0,0,0,0.00540715203755407,0.0214409173345211,1,0,1
"382",42791,0.611975324830835,0.366854087094291,"(13) Eastern Queen Charlotte Sound",10045,46.7047233333333,64.6176,0,6,0,0,0.191564239965826,0.332285680405219,9,1,1
"383",42795,0.0141672650532003,0,"(11) Mainland Fjords",10046,25,25,1,0,0,0,0,0.00769243320224561,1,0,0
"384",42823,0.337467785482628,0.401419267877214,"(11) Mainland Fjords",10062,26,30,2,0,0,0,0.209613521189344,0.183235676609894,7,0,1
"385",42825,0.000143438628742617,0,"(11) Mainland Fjords",10062,188.5,188.5,0,1,0,0,0,7.78832093619253e-05,1,0,0
"386",42826,0.333564999756485,0.291472212764579,"(11) Mainland Fjords",10063,34.5416666666667,81,2,1,0,0,0.15220125623148,0.181116571871732,7,0,1
"387",43060,0.479503162546941,0.330106896370209,"(13) Eastern Queen Charlotte Sound",10203,27.598,55.4736,2,5,0,0,0.172375554574054,0.260356959110088,8,0,1
"388",43100,0.589232911587694,0.565270077826289,"(11) Mainland Fjords",10221,22.8787875757576,30,3,0,0,0,0.295173303620259,0.319937178836725,9,1,1
"389",43377,0.254391072472486,0.235893869227058,"(11) Mainland Fjords",10222,89.2727272727273,110,0,1,0,0,0.123179300328919,0.138127318497522,6,0,1
"390",43378,0.0987275525609658,0.0412445113252088,"(11) Mainland Fjords",10222,51,51,0,1,0,0,0.0215371008330753,0.0536063312463307,3,0,1
"391",43600,0.283080102610668,0.297755101775588,"(13) Eastern Queen Charlotte Sound",10203,26.8,30,2,0,0,0,0.155482061599404,0.153704668617426,6,0,1
"392",43617,0.0568200336682988,0.0365504046180053,"(11) Mainland Fjords",10210,25.2,30,2,0,0,0,0.0190859274229428,0.030851707220936,2,0,1
"393",43620,0.0622389119703791,0.0529313361167552,"(11) Mainland Fjords",10211,21.3333333333333,28,2,0,0,0,0.0276397388779144,0.0337940083082186,2,0,1
"394",43643,0.124744716800653,0.112066519478436,"(11) Mainland Fjords",10222,33.5,44,1,1,0,0,0.0585190090140231,0.0677329320598334,3,0,1
"395",44159,0.261412049867464,0,"(11) Mainland Fjords",10367,19,19,0,0,1,0,0,0.141939515094575,6,0,1
"396",44186,0.0123784948574428,0,"(11) Mainland Fjords",10389,18.5,24,2,0,0,0,0,0.00672118044503653,1,0,0
"397",44428,0.395156590275228,0.345311725540707,"(11) Mainland Fjords",10367,241.776606145238,244.5752333,0,0,0,12,0.1803152277202,0.214559102530002,8,0,1
"398",44456,0.255751634749082,0,"(11) Mainland Fjords",10389,18.7,18.7,0,0,1,0,0,0.138866066194478,6,0,1
"399",44699,0.361652433128223,0.11171138813499,"(11) Mainland Fjords",10367,108.467319721029,238.7825291,0,0,5,19,0.0583335661682471,0.19636727158147,7,0,1
"400",44702,0.506371387237676,0.277132060496552,"(11) Mainland Fjords",10368,37.9008655752083,63.5,0,3,2,0,0.14471310094888,0.274945662216883,8,0,1
"401",44703,0.106311462621356,0.0156715609847108,"(11) Mainland Fjords",10368,40.0740451611,52.23947368,0,1,5,0,0.00818339163914666,0.0577241847157417,3,0,1
"402",44704,0.12302951553275,0.0407048656925489,"(11) Mainland Fjords",10368,22.966667,33,3,1,0,0,0.0212553081282694,0.0668016251962853,3,0,1
"403",44722,0.298120780212961,0.260018128625337,"(11) Mainland Fjords",10381,48,74,0,1,0,0,0.135776530614599,0.161871340684172,6,0,1
"404",44974,0.506345559484475,0.533031693330392,"(11) Mainland Fjords",10368,34.6428571428571,55,3,1,0,0,0.278339031246199,0.274931638461027,8,0,1
"405",44977,0.128734677990731,0.0778597104596514,"(11) Mainland Fjords",10368,27,27,0,1,0,0,0.0406568627224502,0.0698993706645301,4,0,1
"406",44978,0.880358940492623,0.757119133967019,"(11) Mainland Fjords",10369,138.6396389175,182.335316,0,0,0,35,0.395353238697046,0.47801056296391,10,1,1
"407",44980,0.900646329906549,0.707666217477148,"(11) Mainland Fjords",10369,79.1160639921875,127.5609,1,1,3,2,0.369529864514382,0.48902605447399,10,1,1
"408",44981,1.60256813284389,1.22897644927124,"(11) Mainland Fjords",10369,50.8994785482353,96.53616,2,0,2,4,0.641748171065172,0.870150185491468,10,1,1
"409",45001,0.30899195106648,0.245907219467253,"(11) Mainland Fjords",10382,23.9393936363636,30,5,0,0,0,0.128408081732087,0.167774085872242,7,0,1
"410",45244,0.173692138116801,0.103849592871751,"(11) Mainland Fjords",10525,263.968854223276,319.4307,0,0,0,29,0.0542282859291796,0.0943100284494847,4,0,1
"411",45253,0.0861858735498972,0,"(11) Mainland Fjords",10527,93.707869566193,131.4231,0,0,2,0,0,0.0467965463178799,2,0,1
"412",45258,0.096134124839428,0.0725541204261258,"(11) Mainland Fjords",10528,22.5,27,2,0,0,0,0.0378863843276398,0.0521981717012197,3,0,1
"413",45511,0.12760616586515,0.0746640159449997,"(13) Eastern Queen Charlotte Sound",10520,62.6538461538462,63.2,0,1,2,0,0.0389881317135876,0.0692866197834423,4,0,1
"414",45526,0.25395892933474,0.0191611154298687,"(11) Mainland Fjords",10524,36.85,36.85,0,0,1,0,0.0100055707251172,0.137892676722385,6,0,1
"415",45528,0.909859964739293,0.642561149577178,"(11) Mainland Fjords",10524,108.456436257056,134.75,0,0,3,0,0.335533234003964,0.494028803433271,10,1,1
"416",45530,0.317230423116054,0.176530732656935,"(11) Mainland Fjords",10525,243.4350329865,309.4449,0,0,0,25,0.092180997354799,0.172247348403291,7,0,1
"417",45532,0.103555852515937,0.0610287706395086,"(11) Mainland Fjords",10525,45,45,0,1,0,0,0.0318680654649523,0.0562279646204894,3,0,1
"418",45539,0.071124164719717,0.0165502496473481,"(11) Mainland Fjords",10528,77.325,77.325,0,0,1,0,0.00864222617785371,0.0386184548759004,2,0,1
"419",45542,0.12807366659902,0.107272213594512,"(11) Mainland Fjords",10528,21,26,2,0,0,0,0.0560155134959767,0.069540459755645,4,0,1
"420",45799,1.43680313963891,1.02647064561028,"(13) Eastern Queen Charlotte Sound",10520,49.6159850547692,65.7,0,0,5,0,0.536003484739759,0.780144377545357,10,1,1
"421",45803,0.768492398311218,0.497408747400022,"(13) Eastern Queen Charlotte Sound",10521,81.588573048,91.6,0,0,1,0,0.259737405143173,0.417270123643742,9,1,1
"422",45814,0.116001828253535,0.0337601074946651,"(11) Mainland Fjords",10524,71.525,77.4,0,0,1,0,0.0176288872358068,0.0629857853176195,3,0,1
"423",45815,0.499324543533598,0.30854327874052,"(11) Mainland Fjords",10524,94.3,94.3,0,0,1,0,0.161115442809009,0.271119420929187,8,0,1
"424",45818,0.157955572780005,0.0710217811060222,"(11) Mainland Fjords",10525,51.9248521184551,75,0,0,17,0,0.0370862258244311,0.0857655085840407,4,0,1
"425",46092,0.0189757893289039,0,"(11) Mainland Fjords",10523,399.3938,407.6386,0,0,0,6,0,0.0103033289293549,1,0,1
"426",46093,0.157503631279878,0.198364079944458,"(11) Mainland Fjords",10523,311.783443102778,388.7905,0,0,0,9,0.103581956826648,0.0855201168455512,4,0,1
"427",46099,0.212535999731735,0.172479367821639,"(11) Mainland Fjords",10524,382.3341,515.7026,0,0,0,3,0.0900654515484408,0.115401171282494,5,0,1
"428",46387,0.391629104932348,0.0831008276843656,"(11) Mainland Fjords",10683,74.2947368421053,101.4,0,0,3,0,0.0433936746404434,0.212643775522982,8,0,1
"429",46391,0.328926780808551,0.245757621611267,"(11) Mainland Fjords",10684,45.8685050978022,76.4039,0,0,6,0,0.128329964571639,0.178598147228698,7,0,1
"430",46392,0.23962123409497,0,"(11) Mainland Fjords",10684,20.2666675025,20.26667,0,0,1,0,0,0.130107704641188,5,0,1
"431",46642,0.854038166239197,0.973558022193936,"(13) Eastern Queen Charlotte Sound",10674,26.5256412820513,34,3,0,0,0,0.508373517278762,0.463719110307695,10,1,1
"432",46644,0.505194174877938,0.423963239047386,"(13) Eastern Queen Charlotte Sound",10675,24.5,29,2,0,0,0,0.221385554962313,0.274306468455198,8,0,1
"433",46664,0.17854474373893,0.186134538439602,"(11) Mainland Fjords",10680,17.6,20,2,0,0,0,0.0971959224169894,0.0969448591288639,4,0,1
"434",46672,0.136207908240028,0.12893575332166,"(11) Mainland Fjords",10682,23.5,26,2,0,0,0,0.0673278026834046,0.0739571280567896,4,0,1
"435",46673,0.252055106402628,0.234473255424211,"(11) Mainland Fjords",10682,116.246219865469,141.9164,0,0,10,0,0.122437482769838,0.136858953510518,6,0,1
"436",46674,0.511546766648107,0.442121024733315,"(11) Mainland Fjords",10683,90.3172909960662,120.8548387,0,0,4,0,0.230867205942238,0.277755750138689,8,0,1
"437",46677,0.0626579324097864,0.012976620226669,"(11) Mainland Fjords",10683,44.213555,54.864,0,3,0,0,0.00677614473573544,0.0340215248209973,2,0,1
"438",46679,0.252149513073014,0,"(11) Mainland Fjords",10684,85.6,85.6,0,0,1,0,0,0.136910213722214,6,0,1
"439",46929,0.216745253839586,0.170919762190101,"(13) Eastern Queen Charlotte Sound",10675,22.6363636363636,27,2,0,0,0,0.0892510550950212,0.117686679878142,5,0,1
"440",46930,1.35240263857085,1.06103259922782,"(13) Eastern Queen Charlotte Sound",10675,22.5384615384615,35,7,0,0,0,0.554051080798783,0.734317239119975,10,1,1
"441",46958,0.218935764930994,0.134387251798277,"(11) Mainland Fjords",10682,122.699914102788,152.2995,0,0,1,0,0.0701744716972887,0.118876066833646,5,0,1
"442",46993,0.00216153453573677,0,"(11) Mainland Fjords",10700,138.5,138.5,0,1,0,0,0,0.00117365348696896,1,0,0
"443",47215,0.369105048599602,0.2890924143249,"(13) Eastern Queen Charlotte Sound",10676,23.4166666666667,27,4,0,0,0,0.150958570664094,0.200413835719313,7,0,1
"444",47245,0.301391508068941,0.246718704480052,"(11) Mainland Fjords",10685,23,28,2,0,0,0,0.128831823800634,0.163647255475091,6,0,1
"445",47550,0.0549241572607783,0.0528778759711192,"(11) Mainland Fjords",10859,103,103,0,1,0,0,0.0276118230047444,0.0298222987522019,2,0,1
"446",47552,0,0,"(11) Mainland Fjords",10859,213.5,213.5,0,1,0,0,0,0,1,0,0
"447",47566,0.0660570629090738,0.0434046443811633,"(11) Mainland Fjords",10863,22.05,33,3,0,0,0,0.022665081307183,0.0358671586969286,2,0,1
"448",47815,0.0704029705508203,0,"(11) Mainland Fjords",10845,41,41,0,1,0,0,0,0.0382268663830434,2,0,1
"449",47817,0.0885899990918895,0.0693985878098007,"(11) Mainland Fjords",10845,30,30,1,0,0,0,0.0362386250996547,0.0481019200136598,3,0,1
"450",47820,0.524382524022765,0.215931355251477,"(11) Mainland Fjords",10846,63.154121028683,86.4,0,1,6,0,0.112755254496887,0.284725211487369,8,0,1
"451",48402,0.0772415291347282,0.0389298661301884,"(11) Mainland Fjords",10859,51,51,0,1,0,0,0.0203284370531876,0.0419400146095229,2,0,1
"452",48409,0.00216153453573677,0,"(11) Mainland Fjords",10862,138.5,138.5,0,1,0,0,0,0.00117365348696896,1,0,0
"453",48414,0.0271873320947113,0.0209272390002568,"(11) Mainland Fjords",10863,21.5555555555556,26,2,0,0,0,0.0109278069256919,0.0147619696039068,1,0,1
"454",48626,0.0761179203768074,0.0644488970117692,"(13) Eastern Queen Charlotte Sound",10990,23,23,1,0,0,0,0.0336539905292702,0.0413299261214974,2,0,1
"455",48671,0.156503996385679,0.139590737467651,"(11) Mainland Fjords",11016,25.5,30,2,0,0,0,0.072891633131476,0.0849773427376773,4,0,1
"456",48677,0.286178260999944,0.474350779226544,"(11) Mainland Fjords",11021,14.6666666666667,18,2,0,0,0,0.247696971892736,0.155386882959431,6,0,1
"457",48885,0.391730255615154,0.353587523154262,"(13) Eastern Queen Charlotte Sound",10990,21,23,2,0,0,0,0.184636692127231,0.212698697546953,8,0,1
"458",48930,0.390667942789994,0.431852826073213,"(11) Mainland Fjords",11016,200,212,0,1,0,0,0.225505347532208,0.212121891055598,8,0,1
"459",48937,0.000143438628742617,0,"(11) Mainland Fjords",11021,188.5,188.5,0,1,0,0,0,7.78832093619253e-05,1,0,0
"460",49148,0.241350240379458,0.26469931887905,"(13) Eastern Queen Charlotte Sound",10990,26,29,2,0,0,0,0.138220959297924,0.131046507247037,6,0,1
"461",49159,0.0537591997454744,0.012976620226669,"(11) Mainland Fjords",10994,42.333332,45,0,3,0,0,0.00677614473573544,0.0291897590322011,2,0,1
"462",49196,0.0164145422075706,0,"(11) Mainland Fjords",11016,104.125,113.5,0,2,0,0,0,0.00891264256036877,1,0,0
"463",49431,0.073525919687936,0.0314077062053773,"(11) Mainland Fjords",10994,41.1363636363636,63.5,2,1,0,0,0.0164005079402499,0.0399225414156671,2,0,1
"464",49461,0.0726507649481494,0.0389298661301884,"(11) Mainland Fjords",11012,49,49,0,1,0,0,0.0203284370531876,0.0394473565897916,2,0,1
"465",49701,0.103091948397428,0.0288475818938072,"(11) Mainland Fjords",11152,56.2401667918333,62.70918367,0,0,5,0,0.0150636596258466,0.055976077510982,3,0,1
"466",49702,0.167390809578084,0.0863836461380497,"(11) Mainland Fjords",11152,42.4212765070455,52,0,1,4,0,0.045107900116318,0.0908885812832555,4,0,1
"467",49743,0.357616850667414,0.349194262363129,"(11) Mainland Fjords",11174,27.7,34,2,0,0,0,0.182342614743247,0.194176061888183,7,0,1
"468",50271,0.166659300932282,0.0389298661301884,"(11) Mainland Fjords",11171,50.4833333333333,80,0,1,1,0,0.0203284370531876,0.0904913923146321,4,0,1
"469",50532,0.166102370375432,0,"(11) Mainland Fjords",11171,91.8204674862281,112.5,0,1,1,0,0,0.0901889944212655,4,0,1
"470",50535,0.0608742495823997,0,"(11) Mainland Fjords",11171,41,41,0,1,0,0,0,0.033053034364149,2,0,1
"471",50798,0.0248084075076855,0,"(11) Mainland Fjords",11328,88.5,88.5,0,1,0,0,0,0.0134702793298732,1,0,1
"472",51022,0.121565441357312,0.106045827836996,"(13) Eastern Queen Charlotte Sound",11304,26.5555555555556,31,2,0,0,0,0.0553751181349644,0.0660066734003388,3,0,1
"473",51044,0.0333055059654528,0.0181672694073729,"(11) Mainland Fjords",11311,27,27,1,0,0,0,0.00948660319922587,0.0180839688496097,1,0,1
"474",51072,0.0398406949408063,0.0211951503670257,"(11) Mainland Fjords",11330,17.6666675,23,3,0,0,0,0.0110677051554208,0.0216323957667444,1,0,1
"475",51077,0.845498981433839,0.741663082976634,"(11) Mainland Fjords",11331,137.557908369444,151.1727273,0,0,1,0,0.38728238228572,0.459082569064895,10,1,1
"476",51284,0.438902791823612,0.288912113164416,"(13) Eastern Queen Charlotte Sound",11302,53.027881135,62.7197,0,0,3,0,0.150864420820905,0.238312080398296,8,0,1
"477",51285,0.36875038748778,0.545091842868096,"(13) Eastern Queen Charlotte Sound",11302,49.7,49.7,0,0,1,0,0.284636612386328,0.200221264541893,7,0,1
"478",51309,0.0505084292917294,0,"(11) Mainland Fjords",11310,56.5952371428571,63.5,0,3,0,0,0,0.027424680558878,1,0,1
"479",51336,0.0328269381216209,0.0181672694073729,"(11) Mainland Fjords",11330,28,28,1,0,0,0,0.00948660319922587,0.0178241197427005,1,0,1
"480",51339,0.229142438448001,0.157899571899073,"(11) Mainland Fjords",11331,25.41,41,5,1,0,0,0.0824521588988066,0.12441800834119,5,0,1
"481",51343,0.150419765568061,0.0227090908468522,"(11) Mainland Fjords",11332,77.8473684210526,114.7,1,0,1,0,0.0118582561335183,0.0816737736313029,4,0,1
"482",51549,0.387462739089426,0.343799548443411,"(13) Eastern Queen Charlotte Sound",11302,21.85,25,2,0,0,0,0.179525597546985,0.21038155406934,7,0,1
"483",51573,0.742010258708785,0.578714533061309,"(11) Mainland Fjords",11310,40.369791875,80,6,2,0,0,0.302193742916031,0.402891054064731,9,1,1
"484",51581,0.236467206929802,0.269327857306657,"(11) Mainland Fjords",11314,22.8333336666667,30,3,0,0,0,0.140637894197192,0.128395155098633,5,0,1
"485",51600,0.0131532512307068,0,"(11) Mainland Fjords",11330,27,27,1,0,0,0,0,0.00714185173388216,1,0,0
"486",51789,0.112944273170423,0.063161240030141,"(10 Aristazabal Banks Upwelling",11455,23.5555555555555,41,2,1,0,0,0.0329816004981925,0.0613256174481888,3,0,1
"487",51809,0.550149184562818,0.407602948310511,"(13) Eastern Queen Charlotte Sound",11460,34.2166677777778,45.3,0,0,3,0,0.21284252172135,0.29871579571834,9,1,1
"488",51810,0.254073668996459,0.248900976578186,"(13) Eastern Queen Charlotte Sound",11460,20,22,2,0,0,0,0.129971364862283,0.137954977186173,6,0,1
"489",52085,1.07179147334315,0.807026392129804,"(13) Eastern Queen Charlotte Sound",11460,22.2342202740909,27.14242424,2,0,6,0,0.421413861476137,0.581953135235948,10,1,1
"490",52086,0.638965498847219,0.478362032968538,"(13) Eastern Queen Charlotte Sound",11461,47.4899147626374,63.76386,0,0,7,0,0.249791572447637,0.34694059862397,9,1,1
"491",52353,0.0639934672713475,0.0640308256462013,"(13) Eastern Queen Charlotte Sound",11460,21.5,25,2,0,0,0,0.0334356815987882,0.0347466833235911,2,0,1
"492",52354,0.460720717219144,0.461377896147447,"(13) Eastern Queen Charlotte Sound",11460,17,17,2,0,0,0,0.240922778624517,0.250158610627417,8,0,1
"493",52636,0.621847941306098,0.591416668171828,"(13) Eastern Queen Charlotte Sound",11463,46.4285714285714,85,2,1,0,0,0.308826556734906,0.337646238175697,9,1,1
"494",52650,0.280304013293118,0.334318289580598,"(11) Mainland Fjords",11470,26,30,2,0,0,0,0.174574664159926,0.152197328876232,6,0,1
"495",52655,0.368735292064097,0.235908786904441,"(11) Mainland Fjords",11471,19.2592596296296,28,3,0,0,0,0.123187090056854,0.200213068144218,7,0,1
"496",52889,0.112170998788177,0.0757622560681084,"(13) Eastern Queen Charlotte Sound",11617,20.0833329166666,26,3,0,0,0,0.0395616118570137,0.0609057508394896,3,0,1
"497",52927,0.0522111497031487,0,"(11) Mainland Fjords",11630,44,48,0,1,0,0,0,0.0283492106624482,2,0,1
"498",53134,0.0750689991055807,0,"(10 Aristazabal Banks Upwelling",11611,41,41,0,1,0,0,0,0.0407603908736548,2,0,1
"499",53135,0.0520356395061821,0.0364148566814913,"(10 Aristazabal Banks Upwelling",11611,18,18,1,0,0,0,0.0190151468637213,0.0282539134783122,2,0,1
"500",53140,0.00989147288228118,0,"(10 Aristazabal Banks Upwelling",11612,18.5,21,2,0,0,0,0,0.00537079627811322,1,0,0
"501",53195,0.336031391306058,0.309154046050744,"(11) Mainland Fjords",11630,25.4166666666667,30,2,0,0,0,0.161434373903673,0.182455754287987,7,0,1
"502",53197,0.0471519510315953,0,"(11) Mainland Fjords",11630,50,50,0,1,0,0,0,0.0256022056694822,1,0,1
"503",53222,0.0579826248751751,0.0411994051615152,"(11) Mainland Fjords",11648,26.8888888888889,30,2,0,0,0,0.0215135472506846,0.0314829621008886,2,0,1
"504",53408,0.153766103038809,0.0976394882775563,"(10 Aristazabal Banks Upwelling",11612,20,20,0,1,0,0,0.0509854872019859,0.0834907423524525,4,0,1
"505",53433,0.103086285973886,0.1040299719212,"(13) Eastern Queen Charlotte Sound",11619,24,24,1,0,0,0,0.0543224764445074,0.0559730029715633,3,0,1
"506",53688,0.36831137397479,0.368204501651468,"(13) Eastern Queen Charlotte Sound",11616,59.0416654166667,68,0,3,0,0,0.192269400811473,0.199982892342962,7,0,1
"507",53689,0.873760211943239,0.812459709714687,"(13) Eastern Queen Charlotte Sound",11616,57.289631242719,63.5,0,2,10,0,0.424251036773501,0.474427635814932,10,1,1
"508",53690,0.21859562433193,0.160987409472653,"(13) Eastern Queen Charlotte Sound",11617,58.25,63.5,0,2,0,0,0.0840645690605851,0.118691379893164,5,0,1
"509",53727,1.50302661731822,1.2661936709953,"(11) Mainland Fjords",11629,48.1333330780769,65,0,1,1,0,0.661182297722118,0.816101894861196,10,1,1
"510",53954,0.714181840787899,0.44626933867102,"(13) Eastern Queen Charlotte Sound",11774,26.6071428571429,30,4,0,0,0,0.233033376729404,0.387780992583089,9,1,1
"511",54229,0.0845173693135826,0.051649017773888,"(13) Eastern Queen Charlotte Sound",11779,18.6666666666667,20,2,0,0,0,0.0269701365826496,0.0458905946513221,2,0,1
"512",54239,0.0699193375212413,0.0506105790097916,"(11) Mainland Fjords",11785,15,15,2,0,0,0,0.0264278835736378,0.0379642670203248,2,0,1
"513",54264,0.157407791405795,0.204513199825004,"(11) Mainland Fjords",11806,17.7777777777778,25,3,0,0,0,0.106792910494101,0.0854680784438746,4,0,1
"514",54511,0.342619776436423,0.256051145524511,"(11) Mainland Fjords",11788,20.666666969697,27,3,0,0,0,0.133705047348088,0.186033065246432,7,0,1
"515",54513,0.248291221177737,0.0979315506072343,"(11) Mainland Fjords",11789,326.02900245,437.8952,0,0,0,1,0.0511379966060669,0.134815267903968,6,0,1
"516",54718,0.0856328341733479,0.0624067209082521,"(10 Aristazabal Banks Upwelling",11771,21.5555555555556,26,2,0,0,0,0.0325876049364444,0.0464962612278261,2,0,1
"517",54720,0.685583497135805,0.563170574776717,"(10 Aristazabal Banks Upwelling",11771,52.5180423115306,67.31667,0,0,7,0,0.294076982984491,0.37225288271767,9,1,1
"518",54750,0.141984497809825,0.0825834215822527,"(13) Eastern Queen Charlotte Sound",11780,6.5,8,2,0,0,0,0.0431234949962966,0.0770936564718073,4,0,1
"519",54767,0.630756210822922,0.599754562191593,"(11) Mainland Fjords",11789,111.246445683333,280.411712,2,0,0,12,0.313180446706428,0.342483182211716,9,1,1
"520",54964,0.103570029524761,0.108035481376174,"(10 Aristazabal Banks Upwelling",11926,26.7777777777778,29,2,0,0,0,0.0564140774417747,0.05623566234429,3,0,1
"521",54975,0.140536900152492,0.0722630252568666,"(10 Aristazabal Banks Upwelling",11929,52.8370136876389,71.448,0,0,24,0,0.0377343799563691,0.0763076509696199,4,0,1
"522",55000,0.048735522755454,0.0230145536724006,"(13) Eastern Queen Charlotte Sound",11937,29.775,41,2,1,0,0,0.0120177630221493,0.0264620413301411,1,0,1
"523",55003,0.0375198934598697,0.00929899888357678,"(13) Eastern Queen Charlotte Sound",11938,20.7962959259259,30,3,0,0,0,0.00485576068590342,0.0203722647322266,1,0,1
"524",55005,0.331770477477032,0.313681123809166,"(13) Eastern Queen Charlotte Sound",11938,26.05,31,2,0,0,0,0.16379832796761,0.18014219589212,7,0,1
"525",55006,0.318127888788948,0.238272382993297,"(13) Eastern Queen Charlotte Sound",11939,21.6818181818182,30,3,0,0,0,0.124421315064224,0.172734647448951,7,0,1
"526",55241,0.414418155342272,0.309973349038855,"(10 Aristazabal Banks Upwelling",11932,27,31,2,0,0,0,0.161862198370514,0.225017599783534,8,0,1
"527",55261,0.466008732650743,0.387938190826309,"(13) Eastern Queen Charlotte Sound",11939,18.6363636363636,25,3,0,0,0,0.202573958676542,0.253029856794357,8,0,1
"528",55266,0.504602297793238,0.522511505931285,"(11) Mainland Fjords",11943,20.5,25,2,0,0,0,0.272845589100385,0.273985095563472,8,0,1
"529",55512,0.108735090643194,0,"(13) Eastern Queen Charlotte Sound",11938,123.729590793333,147.6272,0,0,2,0,0,0.0590401477188388,3,0,1
"530",55513,0.0612156541830569,0.0258646323955127,"(13) Eastern Queen Charlotte Sound",11938,106.987593947333,124.641,0,0,10,0,0.0135060200257994,0.0332384076225467,2,0,1
"531",55514,0.623830105160456,0.440382272505812,"(13) Eastern Queen Charlotte Sound",11938,35.5179968041667,63.5,1,3,3,0,0.229959262537304,0.338722498342236,9,1,1
"532",55733,0.0856557969204605,0.0671425043769344,"(10 Aristazabal Banks Upwelling",11926,19.8888888888889,23,2,0,0,0,0.0350605411602343,0.0465087293645935,2,0,1
"533",55766,0.110189655175601,0,"(13) Eastern Queen Charlotte Sound",11937,35.3202824355556,48.53656,0,0,3,0,0,0.0598299360415587,3,0,1
"534",55767,0.0530441454680287,0,"(13) Eastern Queen Charlotte Sound",11937,173.954394,173.9544,0,0,1,0,0,0.0288015043306355,2,0,1
"535",55768,0.0105808314078594,0,"(13) Eastern Queen Charlotte Sound",11938,155.876988025,172.6322368,0,0,4,0,0,0.00574509889689645,1,0,0
"536",55778,0.728584105601848,0.685194188690377,"(11) Mainland Fjords",11944,64,84,0,1,0,0,0.35779539768828,0.395601024157731,9,1,1
"537",55783,0.0647922383247848,0.0408763602542251,"(11) Mainland Fjords",11947,25.2,30,2,0,0,0,0.0213448593327441,0.0351803939197705,2,0,1
"538",56001,0.173110348317281,0.118296353038221,"(10 Aristazabal Banks Upwelling",12088,29.6,34,2,0,0,0,0.0617721098325155,0.0939941326747001,4,0,1
"539",56017,0.0188503458426958,0,"(13) Eastern Queen Charlotte Sound",12095,182.929916767857,191.115625,0,0,4,0,0,0.0102352165848277,1,0,1
"540",56251,0.106668579668827,0.0904589323550256,"(10 Aristazabal Banks Upwelling",12088,24.2222222222222,26,2,0,0,0,0.047235937214069,0.0579180893983137,3,0,1
"541",56292,0.0242650429220537,0,"(11) Mainland Fjords",12124,16.4791670833334,24,3,0,0,0,0,0.0131752473837818,1,0,1
"542",56494,0.304841887006331,0.202066643351829,"(10 Aristazabal Banks Upwelling",12088,24.3,30,4,0,0,0,0.10551536514895,0.165520715835904,6,0,1
"543",56503,0.782412171620354,0.740181411493234,"(13) Eastern Queen Charlotte Sound",12093,22.5,26,2,0,0,0,0.386508681564966,0.424828175672051,10,1,1
"544",56514,0.784321766878393,0.736751627757301,"(13) Eastern Queen Charlotte Sound",12096,20.3181818181818,27,4,1,0,0,0.384717713608672,0.425865033097294,10,1,1
"545",56515,0.0531233901768802,0.0321157677327381,"(13) Eastern Queen Charlotte Sound",12096,17,17,1,0,0,0,0.016770244228081,0.0288445320164438,2,0,1
"546",56757,0.65895777034843,0.632783009610651,"(13) Eastern Queen Charlotte Sound",12093,22.5,27,2,0,0,0,0.330427274940502,0.357795849267388,9,1,1
"547",56767,0.423839548842102,0.389223069371604,"(13) Eastern Queen Charlotte Sound",12096,18,18,2,0,0,0,0.203244897860912,0.230133155954563,8,0,1
"548",57023,0.367459271723405,0.324579086801202,"(13) Eastern Queen Charlotte Sound",12251,21.4,25,2,0,0,0,0.169489037356405,0.199520224380893,7,0,1
"549",57031,0.0472629701526484,0,"(13) Eastern Queen Charlotte Sound",12253,63.5,63.5,0,1,0,0,0,0.0256624859825607,1,0,1
"550",57033,0.290120172352075,0.30315678646205,"(13) Eastern Queen Charlotte Sound",12254,23.3181824242424,31,3,0,0,0,0.158302718797728,0.15752723183069,6,0,1
"551",57290,0.320386156454097,0.346041353716252,"(13) Eastern Queen Charlotte Sound",12253,36.0448715384615,63.5,2,2,0,0,0.180696225702295,0.173960824350542,7,0,1
"552",57507,0.231336093005272,0.210429355069326,"(10 Aristazabal Banks Upwelling",12242,71.4182181360714,75.59298246,0,0,2,0,0.109882214451092,0.125609102111741,5,0,1
"553",57539,0.110309755442151,0.0389298661301884,"(13) Eastern Queen Charlotte Sound",12253,33.6,41,0,2,0,0,0.0203284370531876,0.0598951471655507,3,0,1
"554",57540,0.153827302900443,0,"(13) Eastern Queen Charlotte Sound",12253,6,6,0,1,0,0,0,0.0835239721851576,4,0,1
"555",57551,0.0690379780307894,0.0466857965023618,"(11) Mainland Fjords",12258,22.666666,28,3,0,0,0,0.0243784366558672,0.0374857131863981,2,0,1
"556",57766,1.84171440696613,1.51387498339269,"(10 Aristazabal Banks Upwelling",12242,36.3072746157143,61.32973,2,0,18,0,0.79051677710315,1,10,1,1
"557",57813,0.263537203105003,0.114514068134624,"(11) Mainland Fjords",12258,45.7170720941666,69.57073171,0,0,3,0,0.0597970724583086,0.143093414542557,6,0,1
"558",57832,0.0272170174646936,0,"(11) Mainland Fjords",12284,18.7592596296296,26,3,0,0,0,0,0.0147780879390135,1,0,1
"559",58030,1.27322995797816,1.11053713749914,"(10 Aristazabal Banks Upwelling",12400,31.48769126,31.48769231,0,0,1,0,0.579901410895736,0.691328662664677,10,1,1
"560",58031,0.42085627972069,0.389542259054375,"(10 Aristazabal Banks Upwelling",12400,21.7272727272727,24,2,0,0,0,0.203411572653795,0.228513323308346,8,0,1
"561",58058,1.27661148886977,1.02833478154013,"(13) Eastern Queen Charlotte Sound",12410,21.5,28,2,0,0,0,0.53697690113379,0.693164740440266,10,1,1
"562",58060,1.26639539139733,1.01213028679407,"(13) Eastern Queen Charlotte Sound",12411,30.6982905128205,45.1,5,2,3,0,0.52851522160162,0.687617681985491,10,1,1
"563",58061,0.477449763362993,0.34962115691358,"(13) Eastern Queen Charlotte Sound",12411,17.0833333333333,18,2,0,0,0,0.182565530973376,0.259242020129223,8,0,1
"564",58071,0.213390985400303,0.293274551662226,"(11) Mainland Fjords",12415,22.4444444444444,26,2,0,0,0,0.153142403388442,0.115865404860368,5,0,1
"565",58290,0.0750689991055807,0,"(10 Aristazabal Banks Upwelling",12400,41,41,0,1,0,0,0,0.0407603908736548,2,0,1
"566",58317,0.329448426052837,0.247260397402101,"(13) Eastern Queen Charlotte Sound",12410,26.8,38,0,2,0,0,0.129114685561094,0.178881386172974,7,0,1
"567",58319,0.0941663259379277,0.00739610322222307,"(13) Eastern Queen Charlotte Sound",12411,41.9278041997727,55.6697,0,0,8,0,0.00386210469589179,0.0511297113068952,3,0,1
"568",58320,0.26688695506902,0.250903078716468,"(13) Eastern Queen Charlotte Sound",12411,23.5,26,2,0,0,0,0.131016824591223,0.144912237239141,6,0,1
"569",58324,0.386370459276278,0.326659765127256,"(11) Mainland Fjords",12412,13,13,2,0,0,0,0.170575528078918,0.209788476332087,7,0,1
"570",58338,0.630217642841195,0.618572225562958,"(11) Mainland Fjords",12417,386.321633333333,426.6045,0,0,0,1,0.323006673286649,0.34219075468892,9,1,1
"571",58339,0.0603999681532201,0,"(11) Mainland Fjords",12417,331.1741,345.8324,0,0,0,6,0,0.0327955126618776,2,0,1
"572",58551,0.0820902066281501,0.0220989045093202,"(10 Aristazabal Banks Upwelling",12400,41,41,0,1,0,0,0.0115396284117647,0.044572712423626,2,0,1
"573",58574,0.340362828915927,0.303698634631956,"(11) Mainland Fjords",12409,21.4,25,2,0,0,0,0.158585661625671,0.184807605146886,7,0,1
"574",58580,0.710419250935205,0.472129107677075,"(13) Eastern Queen Charlotte Sound",12411,46.7675774797408,90,5,1,3,0,0.246536857185555,0.385738010327825,9,1,1
"575",58596,0.00524809705537589,0,"(11) Mainland Fjords",12417,441.6241,457.5016,0,0,0,15,0,0.00284957159238447,1,0,0
"576",58601,0.398440488464162,0.207089723686761,"(11) Mainland Fjords",12419,61.6143946865774,90.49692,0,0,6,0,0.108138322342285,0.216342168447559,8,0,1
"577",58602,0.0747641459310439,0,"(11) Mainland Fjords",12419,91.392970104,93.24717,0,0,5,0,0,0.040594864029002,2,0,1
"578",58813,0.162457467397949,0.0976394882775563,"(10 Aristazabal Banks Upwelling",12401,18,20,0,1,0,0,0.0509854872019859,0.0882099128852264,4,0,1
"579",58833,0.219286858876924,0.248181549383541,"(11) Mainland Fjords",12409,22,22,1,0,0,0,0.129595693638761,0.119066701138618,5,0,1
"580",58838,0.0792216708275533,0.0233709038144206,"(13) Eastern Queen Charlotte Sound",12411,22.5946535195455,25.04565217,0,0,11,0,0.012203842301403,0.0430151767982615,2,0,1
"581",58839,0.180096653542737,0.0488154639488641,"(13) Eastern Queen Charlotte Sound",12411,33.4030722054545,51.1858,0,0,11,0,0.0254905085670745,0.0977875032423796,5,0,1
"582",58842,0.0140361688535209,0,"(11) Mainland Fjords",12412,18.1041670833334,23,3,0,0,0,0,0.00762125159059968,1,0,0
"583",58851,0.0168590126336465,0.00705899444251498,"(11) Mainland Fjords",12416,25,30,2,0,0,0,0.00368607289076162,0.00915397771222224,1,0,0
"584",58856,0.00937987527585457,0.00988850137677512,"(11) Mainland Fjords",12417,426.6294,439.4631,0,0,0,74,0.00516358769680564,0.00509301292338051,1,0,0
"585",58861,0.112758875758596,0.0346208208044264,"(11) Mainland Fjords",12419,62.8221294329167,69.60177,0,0,4,0,0.018078335386484,0.0612249517797632,3,0,1
"586",58862,0.268005982766663,0.142886256194748,"(11) Mainland Fjords",12419,68.2308389067939,100.3557,2,1,7,0,0.0746124904490266,0.145519838338101,6,0,1
"587",58863,0.239896760901327,0.00497052507557165,"(11) Mainland Fjords",12419,66.4595039853571,83.49006401,0,0,2,0,0.00259551383460048,0.130257308078787,5,0,1
"588",59079,0.42298939454561,0.407273154121498,"(10 Aristazabal Banks Upwelling",12558,15,15,2,0,0,0,0.212670309456622,0.22967154567814,8,0,1
"589",59102,0.452400421719034,0.427527282344372,"(11) Mainland Fjords",12566,24.05,29,2,0,0,0,0.22324663071262,0.245640920225127,8,0,1
"590",59104,0.785652909003725,1.01006688011799,"(11) Mainland Fjords",12566,55,55,0,1,0,0,0.527437749806838,0.426587806465573,10,1,1
"591",59121,0.257490411458303,0.23982968525055,"(11) Mainland Fjords",12574,26.1111111111111,31,2,0,0,0,0.125234508739319,0.139810173870806,6,0,1
"592",59346,0.511593387358681,0.434199539595249,"(10 Aristazabal Banks Upwelling",12558,30,37,0,1,0,0,0.226730756783682,0.277781063895478,8,0,1
"593",59349,0.129937688224102,0.0778597104596514,"(10 Aristazabal Banks Upwelling",12559,42,42,0,1,0,0,0.0406568627224502,0.0705525719582924,4,0,1
"594",59619,0.368518068059297,0.302663249439003,"(11) Mainland Fjords",12566,16.3333333333333,19,2,0,0,0,0.158045003133541,0.200095121515806,7,0,1
"595",59626,0.233459132379971,0.239188199706841,"(11) Mainland Fjords",12570,28.875,33,2,0,0,0,0.12489953716628,0.126761853790648,5,0,1
"596",59854,0.103528846321761,0,"(10 Aristazabal Banks Upwelling",12559,31,41,0,2,0,0,0,0.056213301003767,3,0,1
"597",59855,0.115501375777901,0.0939604408992034,"(10 Aristazabal Banks Upwelling",12559,12,12,2,0,0,0,0.0490643585036125,0.0627140534607466,3,0,1
"598",59871,0.195290359452348,0.176155757380016,"(11) Mainland Fjords",12565,23.05,28,2,0,0,0,0.0919851923836788,0.106037265448801,5,0,1
"599",60138,0.642939618890542,0.618309233994655,"(11) Mainland Fjords",12734,59.2591916111389,91,0,1,10,0,0.322869344082282,0.349098435923984,9,1,1
"600",60411,0.0348292620127248,0.013625453418075,"(11) Mainland Fjords",12742,25,30,2,0,0,0,0.00711495311091471,0.0189113262517718,1,0,1
"601",60415,0.0676091926487846,0.0672942290257671,"(11) Mainland Fjords",12743,23.5555555555556,28,2,0,0,0,0.0351397688915318,0.0367099222295588,2,0,1
"602",60668,1.44109620886902,1.91504472421229,"(11) Mainland Fjords",12741,127.912957333951,374.4818,3,0,0,9,1,0.782475395434924,10,1,1
"603",60673,0.410037232367449,0.276266449831901,"(11) Mainland Fjords",12743,20.7500003333334,31,3,0,0,0,0.14426109549245,0.222638879739724,8,0,1
"604",60678,0.552779615100359,0.546922410106341,"(11) Mainland Fjords",12759,22.25,30,3,0,0,0,0.285592499846867,0.300144046769422,9,1,1
"605",60914,0.0789726402125802,0.0794588484695008,"(11) Mainland Fjords",12739,310.722642697917,426.1416,0,0,0,12,0.0414919022333458,0.0428799600599707,2,0,1
"606",60915,0.511404830711224,0.491440961874984,"(11) Mainland Fjords",12739,189.826724532479,417.1987,0,0,0,13,0.256621140833736,0.277678682849457,8,0,1
"607",60923,0.389439313243665,0.506338708804498,"(11) Mainland Fjords",12741,26.7272727272727,30,2,0,0,0,0.264400461463254,0.211454779183267,8,0,1
"608",60925,0.192506988444661,0.127325529249242,"(11) Mainland Fjords",12741,40,40,0,2,0,0,0.0664869742410921,0.104525971951199,5,0,1
"609",61161,1.19694908425615,0.867923809546099,"(11) Mainland Fjords",12897,94.1978585847578,207.8218,2,0,18,6,0.453213336781521,0.649910257382356,10,1,1
"610",61664,0.0743671067558993,0.0441978165322691,"(11) Mainland Fjords",12895,72,73,0,2,0,0,0.0230792607470037,0.0403792827349409,2,0,1
"611",61912,0.889147630165471,0.932969514770903,"(11) Mainland Fjords",12895,258.6553603375,269.7604305,0,0,0,11,0.487178969229902,0.482782578451005,10,1,1
"612",62120,0.913775605325106,0.896256640311497,"(10 Aristazabal Banks Upwelling",13034,23.6,29,2,0,0,0,0.468008203140088,0.4961548880048,10,1,1
"613",62144,0.00109883853058537,0,"(11) Mainland Fjords",13050,527.1601,551.5663,0,0,0,13,0,0.000596638939473519,1,0,0
"614",62395,1.078294450174,0.749055847590215,"(11) Mainland Fjords",13050,99.1348607398571,121.7033,0,0,0,10,0.391142743623559,0.585484071849275,10,1,1
"615",62617,0.049679650967515,0.02725090683615,"(10 Aristazabal Banks Upwelling",13035,18,18,1,0,0,0,0.0142299062218294,0.0269746768443608,1,0,1
"616",62641,0.118525978822066,0.076399556803824,"(11) Mainland Fjords",13050,21.6,30,3,0,0,0,0.0398943982027622,0.064356329284145,3,0,1
"617",62898,0.371167984576623,0.290314068290927,"(11) Mainland Fjords",13054,178.269867897917,207.1087045,0,0,0,30,0.151596495173418,0.201533952915127,7,0,1
"618",62901,0.330455417187394,0.450851475155968,"(11) Mainland Fjords",13055,177.000204964286,186.837,0,0,2,0,0.235426081415104,0.179428154515963,7,0,1
"619",63146,1.37549308174783,1.14681647685872,"(11) Mainland Fjords",13212,77.1149005733333,82.86022,0,0,0,2,0.598845793186601,0.746854711319599,10,1,1
"620",63148,0.160216498953006,0,"(11) Mainland Fjords",13212,155.336832613889,157.8731092,0,0,0,6,0,0.086993128981888,4,0,1
"621",63150,1.65779905117134,1.35631939727698,"(11) Mainland Fjords",13213,81.038986999966,95.5,0,1,4,0,0.708244241050232,0.900139047021003,10,1,1
"622",63151,0.537908981981802,0.499369421808203,"(11) Mainland Fjords",13213,44.1249318806667,61.06522,2,0,3,0,0.260761232097913,0.292069704155654,9,1,1
"623",63374,0.412818942987532,0.534032190322427,"(11) Mainland Fjords",13193,23.3636363636364,27,2,0,0,0,0.278861471782123,0.224149271692766,8,0,1
"624",63399,0.182165792610094,0.110494522546601,"(11) Mainland Fjords",13212,55.875,59,0,2,0,0,0.0576981420588235,0.0989109885447317,5,0,1
"625",63401,0.505890045839802,0.393242679216831,"(11) Mainland Fjords",13213,76.6135253894737,120.3085366,2,4,3,0,0.205343861814289,0.274684307146817,8,0,1
"626",63629,0.498731318673004,0.420593524672943,"(11) Mainland Fjords",13194,23.5,29,2,0,0,0,0.21962595408624,0.270797316232416,8,0,1
"627",63652,0.110563402007235,0.0165246954340101,"(11) Mainland Fjords",13207,85.3794512152668,114.6,0,0,6,0,0.00862888225276681,0.0600328702371217,3,0,1
"628",63901,0.296021339333771,0.24333988193564,"(11) Mainland Fjords",13206,20.6969703030303,30,3,0,0,0,0.127067466811112,0.160731402335832,6,0,1
"629",64416,0.0972293214762268,0.0639084960083674,"(11) Mainland Fjords",13361,19.2708329166666,27,3,0,0,0,0.0333718033842028,0.0527928331930647,3,0,1
"630",64935,0.0486579115223384,0.0313870489677838,"(11) Mainland Fjords",13361,18,27,3,0,0,0,0.0163897211229331,0.0264199005764922,1,0,1
"631",70113,0.805616722306798,0.732678576782583,"(11) Mainland Fjords",14312,24.2,36,3,0,0,0,0.382590843711995,0.437427605094265,10,1,1
"632",70363,0.0895642181694234,0.0565338742411771,"(11) Mainland Fjords",14314,24.7666663333333,34,3,0,0,0,0.0295209158963277,0.0486308940358258,3,0,1
