"","PU_1Km_ID","raw_score","obs_score","UpperOceanSR","PU_4Km_ID","depth","max_depth","dive_samps","hook_samps","mid_samps","deep_samps","normalized_obs_score","normalized_score","sponge_rank","sponge_hotspot","sponge_hotspot2"
"1",21076,4.50776493268451e-05,0,"(13) Eastern Queen Charlotte Sound",6265,28,28,1,0,0,0,0,4.50776493268451e-05,3,0,0
"2",21082,0.36029783720121,0.404761904761905,"(11) Mainland Fjords",6267,24.5,30,2,0,0,0,0.404761904761905,0.36029783720121,9,1,1
"3",21284,6.68133185711029e-08,0,"(13) Eastern Queen Charlotte Sound",6265,19,19,1,0,0,0,0,6.68133185711029e-08,1,0,0
"4",21500,0.163337180378462,0.0666666666666667,"(11) Mainland Fjords",6267,24.4,30,5,0,0,0,0.0666666666666667,0.163337180378462,7,0,1
"5",21711,2.25538587022002e-05,0,"(11) Mainland Fjords",6424,23,28,2,0,0,0,0,2.25538587022002e-05,2,0,0
"6",21933,9.69860803090941e-05,0,"(13) Eastern Queen Charlotte Sound",6423,24.75,30,4,0,0,0,0,9.69860803090941e-05,3,0,0
"7",21938,3.35654463020403e-08,0,"(11) Mainland Fjords",6424,18,18,1,0,0,0,0,3.35654463020403e-08,1,0,0
"8",21939,0.0667822150600514,0.0119047619047619,"(11) Mainland Fjords",6425,22.75,30,4,0,0,0,0.0119047619047619,0.0667822150600514,6,0,1
"9",21940,0.18221704860022,0.0714285714285714,"(11) Mainland Fjords",6425,23.5,31,2,0,0,0,0.0714285714285714,0.18221704860022,8,0,1
"10",21941,0.203766741647625,0.119047619047619,"(11) Mainland Fjords",6425,24,30,2,0,0,0,0.119047619047619,0.203766741647625,8,0,1
"11",22157,0.000110272756493551,0,"(13) Eastern Queen Charlotte Sound",6423,24.5,30,2,0,0,0,0,0.000110272756493551,4,0,0
"12",22158,0.000229555504303784,0,"(13) Eastern Queen Charlotte Sound",6423,24.5,31,2,0,0,0,0,0.000229555504303784,4,0,0
"13",22163,0.161353495365726,0.0595238095238095,"(11) Mainland Fjords",6425,24.25,32,4,0,0,0,0.0595238095238095,0.161353495365726,7,0,1
"14",22167,0.52649338252076,0.428571428571429,"(11) Mainland Fjords",6426,25.5,33,2,0,0,0,0.428571428571429,0.52649338252076,10,1,1
"15",22374,0.00014637948286117,0,"(13) Eastern Queen Charlotte Sound",6423,23.5,31,4,0,0,0,0,0.00014637948286117,4,0,0
"16",23031,0.00011029404488108,0,"(13) Eastern Queen Charlotte Sound",6581,25,30,2,0,0,0,0,0.00011029404488108,4,0,0
"17",23420,0.0614270272509538,0,"(13) Eastern Queen Charlotte Sound",6736,84,84,0,0,2,0,0,0.0614270272509538,6,0,1
"18",23432,9.22972367626436e-06,0,"(11) Mainland Fjords",6739,26,26,1,0,0,0,0,9.22972367626436e-06,2,0,0
"19",23434,2.15569645064316e-06,0,"(11) Mainland Fjords",6740,21,25,2,0,0,0,0,2.15569645064316e-06,1,0,0
"20",23435,0.000110255537952577,0,"(11) Mainland Fjords",6740,23.5,30,2,0,0,0,0,0.000110255537952577,3,0,0
"21",23845,0.329730761624209,0.357142857142857,"(11) Mainland Fjords",6741,24.5,30,2,0,0,0,0.357142857142857,0.329730761624209,9,1,1
"22",24038,0.430408393041652,0.442048209062112,"(13) Eastern Queen Charlotte Sound",6737,76.425,76.425,0,0,1,0,0.442048209062112,0.430408393041652,10,1,1
"23",24056,0.564395849148799,0.5,"(11) Mainland Fjords",6742,26,30,2,0,0,0,0.5,0.564395849148799,10,1,1
"24",24058,4.2960053467739e-06,0,"(11) Mainland Fjords",6742,25,25,1,0,0,0,0,4.2960053467739e-06,2,0,0
"25",24256,0.0118672885508637,0,"(13) Eastern Queen Charlotte Sound",6895,33.4516666666667,53.11,2,0,3,0,0,0.0118672885508637,5,0,1
"26",24272,0.0158501043072007,0,"(11) Mainland Fjords",6899,30,30,0,0,1,0,0,0.0158501043072007,5,0,1
"27",24275,0.330207004970938,0.357142857142857,"(11) Mainland Fjords",6900,22.5,30,2,0,0,0,0.357142857142857,0.330207004970938,9,1,1
"28",24276,2.15569645064316e-06,0,"(11) Mainland Fjords",6900,21,25,2,0,0,0,0,2.15569645064316e-06,1,0,0
"29",24468,3.62297640537607e-08,0,"(13) Eastern Queen Charlotte Sound",6896,17.5,19,2,0,0,0,0,3.62297640537607e-08,1,0,0
"30",24481,0.280172966448366,0.214285714285714,"(11) Mainland Fjords",6899,25.5,33,2,0,0,0,0.214285714285714,0.280172966448366,9,1,1
"31",24482,1.26295961098791e-07,0,"(11) Mainland Fjords",6899,18,21,2,0,0,0,0,1.26295961098791e-07,1,0,0
"32",24484,2.04625647403474e-06,0,"(11) Mainland Fjords",6900,24,24,1,0,0,0,0,2.04625647403474e-06,1,0,0
"33",24486,0.618104283017233,0.571428571428571,"(11) Mainland Fjords",6900,25,30,2,0,0,0,0.571428571428571,0.618104283017233,10,1,1
"34",24678,5.51731136033365e-05,0,"(11) Mainland Fjords",6896,22,30,4,0,0,0,0,5.51731136033365e-05,3,0,0
"35",24691,1.01251572995702e-05,0,"(11) Mainland Fjords",6899,21.5,27,2,0,0,0,0,1.01251572995702e-05,2,0,0
"36",24694,0.252790589510568,0.214285714285714,"(11) Mainland Fjords",6900,24,30,2,0,0,0,0.214285714285714,0.252790589510568,8,0,1
"37",24887,0.000229555504303784,0,"(13) Eastern Queen Charlotte Sound",6895,24.5,31,2,0,0,0,0,0.000229555504303784,4,0,0
"38",24891,0.175770904637986,0.0714285714285714,"(11) Mainland Fjords",6896,24,30,2,0,0,0,0.0714285714285714,0.175770904637986,8,0,1
"39",25100,3.13535035145432e-07,0,"(13) Eastern Queen Charlotte Sound",7051,21,22,2,0,0,0,0,3.13535035145432e-07,1,0,0
"40",25122,0.179177460934643,0.104120206470991,"(11) Mainland Fjords",7057,36.3890034994444,84.32284159,2,0,9,0,0.104120206470991,0.179177460934643,8,0,1
"41",25123,0.177653477961127,0.116705473337283,"(11) Mainland Fjords",7057,63.38477879375,99.28541667,0,0,8,0,0.116705473337283,0.177653477961127,8,0,1
"42",25124,0.00924496281478156,0,"(11) Mainland Fjords",7058,31.39211733,31.45735294,0,0,2,0,0,0.00924496281478156,5,0,0
"43",25319,0.00011029404488108,0,"(13) Eastern Queen Charlotte Sound",7052,25,30,2,0,0,0,0,0.00011029404488108,4,0,0
"44",25335,0.55839617726687,0.368103687335254,"(11) Mainland Fjords",7057,75.29711292,113,0,0,7,0,0.368103687335254,0.55839617726687,10,1,1
"45",25336,0.000110261570584071,0,"(11) Mainland Fjords",7057,24,30,2,0,0,0,0,0.000110261570584071,3,0,0
"46",25341,1.01251572995702e-05,0,"(11) Mainland Fjords",7058,21.5,27,2,0,0,0,0,1.01251572995702e-05,2,0,0
"47",25347,0.000110261570584071,0,"(11) Mainland Fjords",7060,24,30,2,0,0,0,0,0.000110261570584071,3,0,0
"48",25536,0.000440846760834523,0,"(11) Mainland Fjords",7054,26,32,2,0,0,0,0,0.000440846760834523,4,0,0
"49",25544,0.321084407246932,0.210243937117601,"(11) Mainland Fjords",7056,43.111999063,58.71914894,0,0,10,0,0.210243937117601,0.321084407246932,9,1,1
"50",25549,0.0109868739995617,0,"(11) Mainland Fjords",7057,40.64855994125,59.5,2,0,4,0,0,0.0109868739995617,5,0,1
"51",25558,2.1479651824127e-06,0,"(11) Mainland Fjords",7060,20,25,2,0,0,0,0,2.1479651824127e-06,1,0,0
"52",25743,0.175926749168828,0.0714285714285714,"(11) Mainland Fjords",7054,23,30,2,0,0,0,0.0714285714285714,0.175926749168828,8,0,1
"53",25751,0.543334188410318,0.420003959545283,"(11) Mainland Fjords",7056,47.7873595275,63.35862069,0,0,4,0,0.420003959545283,0.543334188410318,10,1,1
"54",25756,0.0361296528692667,0,"(11) Mainland Fjords",7057,61.48468645,63.59042553,0,0,2,0,0,0.0361296528692667,6,0,1
"55",25765,0.336552020416409,0.261904761904762,"(11) Mainland Fjords",7060,21,24,2,0,0,0,0.261904761904762,0.336552020416409,9,1,1
"56",25956,0.184428854342068,0.183299197603009,"(11) Mainland Fjords",7214,32.6096434871429,94,2,0,7,0,0.183299197603009,0.184428854342068,8,0,1
"57",25962,0.124253042149837,0.107142857142857,"(11) Mainland Fjords",7215,22.75,30,4,0,0,0,0.107142857142857,0.124253042149837,7,0,1
"58",25967,0.305748042848283,0.142857142857143,"(11) Mainland Fjords",7217,24,30,2,0,0,0,0.142857142857143,0.305748042848283,9,1,1
"59",26164,0.0272886464084553,0,"(11) Mainland Fjords",7216,54.7,54.7,0,0,3,0,0,0.0272886464084553,6,0,1
"60",26359,0.145082918416413,0.0476190476190476,"(11) Mainland Fjords",7214,21,27,2,0,0,0,0.0476190476190476,0.145082918416413,7,0,1
"61",26374,0.290436829679449,0.0952380952380952,"(11) Mainland Fjords",7218,27,27,1,0,0,0,0.0952380952380952,0.290436829679449,9,1,1
"62",26549,0.29205675536979,0.142857142857143,"(13) Eastern Queen Charlotte Sound",7208,22,26,2,0,0,0,0.142857142857143,0.29205675536979,9,1,1
"63",26563,0.00011029404488108,0,"(11) Mainland Fjords",7214,25,30,2,0,0,0,0,0.00011029404488108,4,0,0
"64",26574,0.0265257731199931,0,"(11) Mainland Fjords",7217,185.7,185.7,0,0,2,0,0,0.0265257731199931,6,0,1
"65",26575,0.0340304956689154,0.00525822628779697,"(11) Mainland Fjords",7217,97.1889533354545,132.2,0,0,11,0,0.00525822628779697,0.0340304956689154,6,0,1
"66",26769,0.416383207380755,0.24572716612356,"(11) Mainland Fjords",7372,114.93055555,123.0333333,0,0,6,0,0.24572716612356,0.416383207380755,10,1,1
"67",26774,0.000771074184129031,0,"(11) Mainland Fjords",7374,27,33,2,0,0,0,0,0.000771074184129031,4,0,0
"68",26776,0.252790589510568,0.214285714285714,"(11) Mainland Fjords",7374,24,30,2,0,0,0,0.214285714285714,0.252790589510568,8,0,1
"69",26780,0.0475185698555752,0.0257584351183872,"(11) Mainland Fjords",7375,63.4720261572727,117.75,0,0,11,0,0.0257584351183872,0.0475185698555752,6,0,1
"70",26977,0.436485777808527,0.322641994382084,"(11) Mainland Fjords",7372,113.05,114.375,0,0,2,0,0.322641994382084,0.436485777808527,10,1,1
"71",26978,0.341508579641898,0.243859193450981,"(11) Mainland Fjords",7373,101.2666667,101.2666667,0,0,1,0,0.243859193450981,0.341508579641898,9,1,1
"72",26981,2.04625647403474e-06,0,"(11) Mainland Fjords",7373,24,24,1,0,0,0,0,2.04625647403474e-06,1,0,0
"73",27174,0.228717479609358,0.166666666666667,"(11) Mainland Fjords",7370,24,30,2,0,0,0,0.166666666666667,0.228717479609358,8,0,1
"74",27192,0.12595294761977,0.0357142857142857,"(11) Mainland Fjords",7376,26.35,31,2,0,2,0,0.0357142857142857,0.12595294761977,7,0,1
"75",27385,0.00690160999086093,0,"(11) Mainland Fjords",7372,23.46666667,23.46666667,0,0,1,0,0,0.00690160999086093,5,0,0
"76",27586,0.188830400912492,0.232954200636839,"(11) Mainland Fjords",7530,32.0340277775,37.4,0,0,4,0,0.232954200636839,0.188830400912492,8,0,1
"77",27593,0.0653693170551783,0,"(11) Mainland Fjords",7534,61.45071429,61.45071429,0,0,1,0,0,0.0653693170551783,6,0,1
"78",27594,0.305748042848283,0.142857142857143,"(11) Mainland Fjords",7534,24,30,2,0,0,0,0.142857142857143,0.305748042848283,9,1,1
"79",27778,0.344054253805843,0.404761904761905,"(11) Mainland Fjords",7528,23,28,2,0,0,0,0.404761904761905,0.344054253805843,9,1,1
"80",27786,0.00384628281191886,0,"(11) Mainland Fjords",7530,20.9,20.9,0,0,1,0,0,0.00384628281191886,5,0,0
"81",27787,0.00196432923773153,0,"(11) Mainland Fjords",7530,21.085016025,25.6375,0,0,4,0,0,0.00196432923773153,4,0,0
"82",27980,0.175770904637986,0.0714285714285714,"(11) Mainland Fjords",7528,24,30,2,0,0,0,0.0714285714285714,0.175770904637986,8,0,1
"83",27986,0.270669551009416,0.319979302126652,"(11) Mainland Fjords",7529,90.291666675,137.9666667,0,0,4,0,0.319979302126652,0.270669551009416,8,0,1
"84",27987,0.0424743413865253,0,"(11) Mainland Fjords",7530,60.675,63.4,0,0,2,0,0,0.0424743413865253,6,0,1
"85",27991,0.08524603480527,0,"(11) Mainland Fjords",7533,70,70,0,0,1,0,0,0.08524603480527,7,0,1
"86",27992,0.0125443209487102,0,"(11) Mainland Fjords",7534,31,41.66666667,0,0,3,0,0,0.0125443209487102,5,0,1
"87",28184,0.387621860926914,0.354979080707379,"(11) Mainland Fjords",7529,125.0694915,125.0694915,0,0,1,0,0.354979080707379,0.387621860926914,10,1,1
"88",28186,0.302399545752168,0.277665684453617,"(11) Mainland Fjords",7529,28.988296703,55.25,2,0,5,0,0.277665684453617,0.302399545752168,9,1,1
"89",28187,0.223497992298115,0.14905477711207,"(11) Mainland Fjords",7530,57.62638888875,66,0,0,8,0,0.14905477711207,0.223497992298115,8,0,1
"90",28190,0.123200442601626,0.0476190476190476,"(11) Mainland Fjords",7534,26.9992903521429,49,2,0,7,0,0.0476190476190476,0.123200442601626,7,0,1
"91",28377,0.24126168009208,0.142857142857143,"(11) Mainland Fjords",7686,24,33,2,0,0,0,0.142857142857143,0.24126168009208,8,0,1
"92",28381,0.49357514548744,0.307930835059375,"(11) Mainland Fjords",7687,111.784242475556,154.5222222,0,0,9,0,0.307930835059375,0.49357514548744,10,1,1
"93",28382,0.0186132901132833,0,"(11) Mainland Fjords",7687,42.73167023,72.2860241,0,0,4,0,0,0.0186132901132833,6,0,1
"94",28383,0.0129447018641718,0,"(11) Mainland Fjords",7687,26.32,26.32,0,0,1,0,0,0.0129447018641718,5,0,1
"95",28384,0.574891940218749,0.535714285714286,"(11) Mainland Fjords",7688,78.9359205086207,167.327653,2,0,0,29,0.535714285714286,0.574891940218749,10,1,1
"96",28577,0.230953211638064,0.214285714285714,"(11) Mainland Fjords",7687,23,27,2,0,0,0,0.214285714285714,0.230953211638064,8,0,1
"97",28578,0.374189298032827,0.261439127123675,"(11) Mainland Fjords",7687,74.5399906633333,100.46,0,0,3,0,0.261439127123675,0.374189298032827,9,1,1
"98",28579,0.368479174142588,0.370009968483691,"(11) Mainland Fjords",7687,30.1938712516667,54.62433862,2,0,3,0,0.370009968483691,0.368479174142588,9,1,1
"99",28581,0.497535742467804,0.513899013270303,"(11) Mainland Fjords",7688,36.28425938,50,4,0,4,0,0.513899013270303,0.497535742467804,10,1,1
"100",28778,0.408483875112828,0.309523809523809,"(11) Mainland Fjords",7686,25.5,31,2,0,0,0,0.309523809523809,0.408483875112828,10,1,1
"101",28784,0.340634779213239,0.142857142857143,"(11) Mainland Fjords",7688,29,29,1,0,0,0,0.142857142857143,0.340634779213239,9,1,1
"102",28785,0.295330458014826,0.142857142857143,"(11) Mainland Fjords",7688,21.5,27,2,0,0,0,0.142857142857143,0.295330458014826,9,1,1
"103",28786,1.02592221859469e-06,0,"(11) Mainland Fjords",7688,20,24,2,0,0,0,0,1.02592221859469e-06,1,0,0
"104",28787,0.329943710858139,0.357142857142857,"(11) Mainland Fjords",7689,24,30,2,0,0,0,0.357142857142857,0.329943710858139,9,1,1
"105",28790,2.25538587022002e-05,0,"(11) Mainland Fjords",7689,23,28,2,0,0,0,0,2.25538587022002e-05,2,0,0
"106",28983,0.493925001421383,0.336331042207969,"(11) Mainland Fjords",7686,100.643314414,154.1585526,0,0,5,0,0.336331042207969,0.493925001421383,10,1,1
"107",28984,0.428422088084128,0.341072490002448,"(11) Mainland Fjords",7687,42.1899356116667,118.7,2,0,9,0,0.341072490002448,0.428422088084128,10,1,1
"108",28985,0.086618456697996,0.0424370758246889,"(11) Mainland Fjords",7687,65.940605135,91.38333333,0,0,6,0,0.0424370758246889,0.086618456697996,7,0,1
"109",28986,0.106726948682285,0.0727526855143791,"(11) Mainland Fjords",7687,104.61370797,192.8684211,0,0,6,0,0.0727526855143791,0.106726948682285,7,0,1
"110",28987,0.774514517999633,0.714285714285714,"(11) Mainland Fjords",7687,22,30,3,0,0,0,0.714285714285714,0.774514517999633,10,1,1
"111",28989,0.0197144122843141,0,"(11) Mainland Fjords",7688,101.11833333,102.5,0,0,10,0,0,0.0197144122843141,6,0,1
"112",28990,0.33444689691688,0.357142857142857,"(11) Mainland Fjords",7688,31.35275,45.875,1,0,2,0,0.357142857142857,0.33444689691688,9,1,1
"113",29183,0.119216547803896,0.0238095238095238,"(11) Mainland Fjords",7843,20.5,25,2,0,0,0,0.0238095238095238,0.119216547803896,7,0,1
"114",29189,0.181979743787377,0.136904761904762,"(11) Mainland Fjords",7845,27.8424650216667,58.70322581,4,0,6,0,0.136904761904762,0.181979743787377,8,0,1
"115",29193,0.102495119558513,0.0119047619047619,"(11) Mainland Fjords",7846,62.370833325,100.8333333,2,0,2,0,0.0119047619047619,0.102495119558513,7,0,1
"116",29194,0.171286059428108,0.103156174726916,"(11) Mainland Fjords",7846,58.21791666625,100.45,2,0,8,0,0.103156174726916,0.171286059428108,7,0,1
"117",29196,0.0770153071213244,0.0457079306577,"(11) Mainland Fjords",7847,47.38,87.6,2,0,5,0,0.0457079306577,0.0770153071213244,7,0,1
"118",29197,0.551467737785378,0.52834584042901,"(11) Mainland Fjords",7847,43.5060493822222,67.13333333,0,0,9,0,0.52834584042901,0.551467737785378,10,1,1
"119",29205,0.000100658786189075,0,"(11) Mainland Fjords",7851,29,29,1,0,0,0,0,0.000100658786189075,3,0,0
"120",29391,0.244429401920149,0.0714285714285714,"(11) Mainland Fjords",7843,22.5,30,2,0,0,0,0.0714285714285714,0.244429401920149,8,0,1
"121",29398,0.123585703346156,0.0933069801141912,"(11) Mainland Fjords",7845,78.278210115,171.3774319,1,0,2,0,0.0933069801141912,0.123585703346156,7,0,1
"122",29401,0.196134230235358,0.0714285714285714,"(11) Mainland Fjords",7846,27.5,33,2,0,0,0,0.0714285714285714,0.196134230235358,8,0,1
"123",29417,0.373143583369332,0.238095238095238,"(11) Mainland Fjords",7852,24,30,2,0,0,0,0.238095238095238,0.373143583369332,9,1,1
"124",29606,0.270371374181647,0.214285714285714,"(11) Mainland Fjords",7843,25,32,2,0,0,0,0.214285714285714,0.270371374181647,8,0,1
"125",29612,0.00682190355664899,0,"(11) Mainland Fjords",7845,35.2953315416667,41.8,0,0,6,0,0,0.00682190355664899,5,0,0
"126",29613,0.00569076204786209,0,"(11) Mainland Fjords",7845,25.597342455,36.92370717,1,0,2,0,0,0.00569076204786209,5,0,0
"127",29614,0.000110261570584071,0,"(11) Mainland Fjords",7845,24,30,2,0,0,0,0,0.000110261570584071,3,0,0
"128",29623,0.187584033471065,0.0382006487242822,"(11) Mainland Fjords",7850,71,71,0,0,1,0,0.0382006487242822,0.187584033471065,8,0,1
"129",29625,0.290196778720092,0.142857142857143,"(11) Mainland Fjords",7851,22,22,1,0,0,0,0.142857142857143,0.290196778720092,9,1,1
"130",29830,0.326759135287305,0.266666666666667,"(11) Mainland Fjords",7843,19.6,30,5,0,0,0,0.266666666666667,0.326759135287305,9,1,1
"131",29831,0.175770904637986,0.0714285714285714,"(11) Mainland Fjords",7843,24,30,2,0,0,0,0.0714285714285714,0.175770904637986,8,0,1
"132",29853,0.401379072604756,0.285714285714286,"(11) Mainland Fjords",7852,23.5,30,2,0,0,0,0.285714285714286,0.401379072604756,10,1,1
"133",29854,0.401457819859401,0.285714285714286,"(11) Mainland Fjords",7852,24,30,2,0,0,0,0.285714285714286,0.401457819859401,10,1,1
"134",29859,0.000110261570584071,0,"(11) Mainland Fjords",7853,24,30,2,0,0,0,0,0.000110261570584071,3,0,0
"135",30049,0.0575321012623333,0.0238095238095238,"(11) Mainland Fjords",7999,20.6666666666667,30,6,0,0,0,0.0238095238095238,0.0575321012623333,6,0,1
"136",30053,0.154078893011201,0.0714285714285714,"(11) Mainland Fjords",8000,23.5,32,4,0,0,0,0.0714285714285714,0.154078893011201,7,0,1
"137",30058,0.136001627817237,0.0924066118093545,"(11) Mainland Fjords",8001,52.5558333335714,134.06,2,0,7,0,0.0924066118093545,0.136001627817237,7,0,1
"138",30065,0.245165689544515,0.214285714285714,"(11) Mainland Fjords",8003,23,29,2,0,0,0,0.214285714285714,0.245165689544515,8,0,1
"139",30075,0.252303632642279,0.214285714285714,"(11) Mainland Fjords",8010,25,30,2,0,0,0,0.214285714285714,0.252303632642279,8,0,1
"140",30285,2.16460062426824e-06,0,"(11) Mainland Fjords",8002,21.5,25,2,0,0,0,0,2.16460062426824e-06,1,0,0
"141",30499,0.000771066760288782,0,"(11) Mainland Fjords",8001,25.5,33,2,0,0,0,0,0.000771066760288782,4,0,0
"142",30519,0.51980239407387,0.476190476190476,"(11) Mainland Fjords",8010,13.5,15,2,0,0,0,0.476190476190476,0.51980239407387,10,1,1
"143",30715,0.00011029404488108,0,"(13) Eastern Queen Charlotte Sound",7997,25,30,2,0,0,0,0,0.00011029404488108,4,0,0
"144",30716,0.0286166806048022,0,"(13) Eastern Queen Charlotte Sound",7997,35.53333333,35.53333333,0,0,1,0,0,0.0286166806048022,6,0,1
"145",30743,0.384252473540403,0.285714285714286,"(11) Mainland Fjords",8009,21,27,2,0,0,0,0.285714285714286,0.384252473540403,10,1,1
"146",30748,0.350638623332774,0.380952380952381,"(11) Mainland Fjords",8011,23,28,2,0,0,0,0.380952380952381,0.350638623332774,9,1,1
"147",30749,0.282139387224377,0.119047619047619,"(11) Mainland Fjords",8012,24,30,2,0,0,0,0.119047619047619,0.282139387224377,9,1,1
"148",30941,0.000621885234136041,0,"(11) Mainland Fjords",8156,25.5,34,4,0,0,0,0,0.000621885234136041,4,0,0
"149",30943,0.000110255537952577,0,"(11) Mainland Fjords",8156,23.5,30,2,0,0,0,0,0.000110255537952577,3,0,0
"150",30944,0.000771074184129031,0,"(11) Mainland Fjords",8157,27,33,2,0,0,0,0,0.000771074184129031,4,0,0
"151",30945,7.28881261701871e-06,0,"(11) Mainland Fjords",8157,21.25,27,4,0,0,0,0,7.28881261701871e-06,2,0,0
"152",30947,0.2931513853571,0.238095238095238,"(11) Mainland Fjords",8159,26,32,3,0,0,0,0.238095238095238,0.2931513853571,9,1,1
"153",30970,0.37506116405063,0.285714285714286,"(11) Mainland Fjords",8168,21.5,25,2,0,0,0,0.285714285714286,0.37506116405063,9,1,1
"154",31161,0.694996574604957,0.448802801737665,"(11) Mainland Fjords",8155,93.43229166625,119.1,0,0,8,0,0.448802801737665,0.694996574604957,10,1,1
"155",31162,0.338075003089577,0.224306395535902,"(11) Mainland Fjords",8155,91.020555555,117.6,0,0,6,0,0.224306395535902,0.338075003089577,9,1,1
"156",31165,0.000110261570584071,0,"(11) Mainland Fjords",8156,24,30,2,0,0,0,0,0.000110261570584071,3,0,0
"157",31166,0.000147464446408622,0,"(11) Mainland Fjords",8156,25.1428571428571,32,7,0,0,0,0,0.000147464446408622,4,0,0
"158",31167,5.03425646515994e-05,0,"(11) Mainland Fjords",8157,23.5,29,2,0,0,0,0,5.03425646515994e-05,3,0,0
"159",31169,2.48658256975727e-07,0,"(11) Mainland Fjords",8157,18.5,22,2,0,0,0,0,2.48658256975727e-07,1,0,0
"160",31178,0.342801129471946,0.25,"(11) Mainland Fjords",8160,23.75,30,4,0,0,0,0.25,0.342801129471946,9,1,1
"161",31185,0.299210348662662,0.142857142857143,"(11) Mainland Fjords",8165,21.5,28,2,0,0,0,0.142857142857143,0.299210348662662,9,1,1
"162",31391,0.0765878399158424,0.0119047619047619,"(11) Mainland Fjords",8157,25,32,4,0,0,0,0.0119047619047619,0.0765878399158424,7,0,1
"163",31593,0.43269703693851,0.293361347511165,"(13) Eastern Queen Charlotte Sound",8155,94.2490530425,124.5545455,0,0,4,0,0.293361347511165,0.43269703693851,10,1,1
"164",31597,0.400190969716458,0.297828049213287,"(11) Mainland Fjords",8156,92.3495370266667,124.3333333,0,0,3,0,0.297828049213287,0.400190969716458,10,1,1
"165",31603,5.03425646515994e-05,0,"(11) Mainland Fjords",8157,23.5,29,2,0,0,0,0,5.03425646515994e-05,3,0,0
"166",31613,0.230098959791512,0.142857142857143,"(11) Mainland Fjords",8160,23.5,30,6,0,0,0,0.142857142857143,0.230098959791512,8,0,1
"167",31802,0.156394009012938,0,"(13) Eastern Queen Charlotte Sound",8312,105.6,105.6,0,0,1,0,0,0.156394009012938,7,0,1
"168",31807,0.000110252199224536,0,"(11) Mainland Fjords",8313,23,30,2,0,0,0,0,0.000110252199224536,3,0,0
"169",31808,4.67854210706485e-06,0,"(11) Mainland Fjords",8314,23,26,2,0,0,0,0,4.67854210706485e-06,2,0,0
"170",31809,0.00299547816717747,0,"(11) Mainland Fjords",8314,25.302454885,46.81698113,2,0,4,0,0,0.00299547816717747,5,0,0
"171",31812,0.0129049965622592,0,"(11) Mainland Fjords",8315,37.0459967316667,63,2,0,3,0,0,0.0129049965622592,5,0,1
"172",31813,0.647599422648625,0.471836336503398,"(11) Mainland Fjords",8315,91.7009990947059,140.5865177,0,0,17,0,0.471836336503398,0.647599422648625,10,1,1
"173",31817,1.01251572995702e-05,0,"(11) Mainland Fjords",8316,21.5,27,2,0,0,0,0,1.01251572995702e-05,2,0,0
"174",31828,0.670160956200005,0.619047619047619,"(11) Mainland Fjords",8326,25.5,33,2,0,0,0,0.619047619047619,0.670160956200005,10,1,1
"175",32018,0.0314939294319596,0,"(11) Mainland Fjords",8313,44.33333333,44.33333333,0,0,1,0,0,0.0314939294319596,6,0,1
"176",32020,0.0024146797136189,0,"(11) Mainland Fjords",8313,23.7724825533333,31.57606838,0,0,6,0,0,0.0024146797136189,4,0,0
"177",32031,1.01224435583183e-05,0,"(11) Mainland Fjords",8316,21,27,2,0,0,0,0,1.01224435583183e-05,2,0,0
"178",32040,0.445522913317459,0.500264888918672,"(11) Mainland Fjords",8318,33.904347825,35.80869565,1,0,1,0,0.500264888918672,0.445522913317459,10,1,1
"179",32234,0.000110335631371899,0,"(11) Mainland Fjords",8314,25.5,30,2,0,0,0,0,0.000110335631371899,4,0,0
"180",32237,0.00022957733436281,0,"(11) Mainland Fjords",8314,25.5,31,2,0,0,0,0,0.00022957733436281,4,0,0
"181",32240,0.000110261570584071,0,"(11) Mainland Fjords",8315,24,30,2,0,0,0,0,0.000110261570584071,3,0,0
"182",32241,0.206209049782175,0.150927182614638,"(11) Mainland Fjords",8315,43.4123346575,85.7462963,2,0,4,0,0.150927182614638,0.206209049782175,8,0,1
"183",32243,0.251861339840588,0.172103514627235,"(11) Mainland Fjords",8316,75.1247619025,98.0047619,0,0,4,0,0.172103514627235,0.251861339840588,8,0,1
"184",32253,0.225638933407986,0.202426872523064,"(11) Mainland Fjords",8318,34.33090804,40.46857143,0,0,4,0,0.202426872523064,0.225638933407986,8,0,1
"185",32254,0.13349777943591,0.041701508626076,"(11) Mainland Fjords",8326,54.30871111,58.2168,0,0,3,0,0.041701508626076,0.13349777943591,7,0,1
"186",32444,0.0128815799312941,0,"(13) Eastern Queen Charlotte Sound",8312,30.3,30.3,0,0,2,0,0,0.0128815799312941,5,0,1
"187",32460,1.0129938038824e-05,0,"(11) Mainland Fjords",8316,22,27,2,0,0,0,0,1.0129938038824e-05,2,0,0
"188",32469,0.2467083128126,0.142857142857143,"(11) Mainland Fjords",8318,24,30,2,0,0,0,0.142857142857143,0.2467083128126,8,0,1
"189",32472,0.00829745699187006,0,"(11) Mainland Fjords",8326,26.8541666666667,41,3,0,4,0,0,0.00829745699187006,5,0,0
"190",32675,3.35654463020403e-08,0,"(11) Mainland Fjords",8473,18,18,1,0,0,0,0,3.35654463020403e-08,1,0,0
"191",32676,0.141893460149771,0.0238095238095238,"(11) Mainland Fjords",8473,24,31,2,0,0,0,0.0238095238095238,0.141893460149771,7,0,1
"192",32688,1.01251572995702e-05,0,"(11) Mainland Fjords",8476,21.5,27,2,0,0,0,0,1.01251572995702e-05,2,0,0
"193",32691,0.303342409220261,0.214285714285714,"(11) Mainland Fjords",8484,55.1,87.7,2,0,1,0,0.214285714285714,0.303342409220261,9,1,1
"194",32908,0.0292717526383277,0.00595238095238095,"(11) Mainland Fjords",8476,39.2624398227778,75.7,8,0,9,0,0.00595238095238095,0.0292717526383277,6,0,1
"195",33104,0.00706757167841478,0,"(13) Eastern Queen Charlotte Sound",8470,28.19229876,29.60147059,0,0,2,0,0,0.00706757167841478,5,0,0
"196",33114,0.000110250303435628,0,"(11) Mainland Fjords",8473,22.5,30,2,0,0,0,0,0.000110250303435628,3,0,0
"197",33117,0.257620666800664,0.0952380952380952,"(11) Mainland Fjords",8473,22.5,29,2,0,0,0,0.0952380952380952,0.257620666800664,8,0,1
"198",33128,1.02311003540087e-06,0,"(11) Mainland Fjords",8476,19.5,24,2,0,0,0,0,1.02311003540087e-06,1,0,0
"199",33320,0.00022957733436281,0,"(13) Eastern Queen Charlotte Sound",8470,25.5,31,2,0,0,0,0,0.00022957733436281,4,0,0
"200",33323,0.00666673400232677,0,"(13) Eastern Queen Charlotte Sound",8470,34.3885383958333,45.58367347,3,0,4,0,0,0.00666673400232677,5,0,0
"201",33332,2.25538587022002e-05,0,"(11) Mainland Fjords",8473,23,28,2,0,0,0,0,2.25538587022002e-05,3,0,0
"202",33335,0.170093551451147,0.0714285714285714,"(11) Mainland Fjords",8473,23,29,2,0,0,0,0.0714285714285714,0.170093551451147,7,0,1
"203",33537,0.0012368124763259,0,"(13) Eastern Queen Charlotte Sound",8628,29,34,2,0,0,0,0,0.0012368124763259,4,0,0
"204",33541,0.000110255537952577,0,"(11) Mainland Fjords",8629,23.5,30,2,0,0,0,0,0.000110255537952577,3,0,0
"205",33553,2.1479651824127e-06,0,"(11) Mainland Fjords",8632,20,25,2,0,0,0,0,2.1479651824127e-06,1,0,0
"206",33562,0.15901018457099,0.0476190476190476,"(11) Mainland Fjords",8634,23.5,30,2,0,0,0,0.0476190476190476,0.15901018457099,7,0,1
"207",33752,1.0129938038824e-05,0,"(13) Eastern Queen Charlotte Sound",8628,22,27,2,0,0,0,0,1.0129938038824e-05,2,0,0
"208",33758,9.97720483740512e-07,0,"(11) Mainland Fjords",8629,23,23,1,0,0,0,0,9.97720483740512e-07,1,0,0
"209",33760,0.441359196470588,0.306161814949528,"(11) Mainland Fjords",8630,93.7896418775,115.9285714,0,0,4,0,0.306161814949528,0.441359196470588,10,1,1
"210",33767,0.000440835875871448,0,"(11) Mainland Fjords",8632,25,32,2,0,0,0,0,0.000440835875871448,4,0,0
"211",33991,0.000229555504303784,0,"(11) Mainland Fjords",8634,24.5,31,2,0,0,0,0,0.000229555504303784,4,0,0
"212",33994,0.148884331581415,0.0476190476190476,"(11) Mainland Fjords",8643,23,28,2,0,0,0,0.0476190476190476,0.148884331581415,7,0,1
"213",34169,0.0646455694070978,0,"(13) Eastern Queen Charlotte Sound",8625,123.9268094,130.4032787,0,0,2,0,0,0.0646455694070978,6,0,1
"214",34181,0.0271361769629078,0,"(13) Eastern Queen Charlotte Sound",8628,53.8183226733333,59.22,0,0,3,0,0,0.0271361769629078,6,0,1
"215",34187,0.000110261570584071,0,"(11) Mainland Fjords",8629,24,30,2,0,0,0,0,0.000110261570584071,3,0,0
"216",34382,0.0666638785293367,0,"(13) Eastern Queen Charlotte Sound",8783,117.8802841,119.7484663,0,0,2,0,0,0.0666638785293367,6,0,1
"217",34401,0.196400908257437,0.0714285714285714,"(11) Mainland Fjords",8787,26.5,33,2,0,0,0,0.0714285714285714,0.196400908257437,8,0,1
"218",34404,0.158920320387065,0.0476190476190476,"(11) Mainland Fjords",8788,24,30,2,0,0,0,0.0476190476190476,0.158920320387065,7,0,1
"219",34411,2.25410593295477e-05,0,"(11) Mainland Fjords",8790,22,28,2,0,0,0,0,2.25410593295477e-05,2,0,0
"220",34418,0.0155437907665237,0.0136815349501556,"(11) Mainland Fjords",8792,266.741054505,303.7648017,0,0,0,80,0.0136815349501556,0.0155437907665237,5,0,1
"221",34614,5.03351211498901e-05,0,"(13) Eastern Queen Charlotte Sound",8786,23,29,2,0,0,0,0,5.03351211498901e-05,3,0,0
"222",34620,0.000110255537952577,0,"(11) Mainland Fjords",8787,23.5,30,2,0,0,0,0,0.000110255537952577,3,0,0
"223",34640,0.408425588266781,0.285714285714286,"(11) Mainland Fjords",8792,24.5,31,2,0,0,0,0.285714285714286,0.408425588266781,10,1,1
"224",34843,1.0138569898647e-05,0,"(11) Mainland Fjords",8788,22.5,27,2,0,0,0,0,1.0138569898647e-05,2,0,0
"225",34856,0.280172966448366,0.214285714285714,"(11) Mainland Fjords",8792,25.5,33,2,0,0,0,0.214285714285714,0.280172966448366,9,1,1
"226",35042,9.6981895175943e-05,0,"(13) Eastern Queen Charlotte Sound",8783,24.5,30,4,0,0,0,0,9.6981895175943e-05,3,0,0
"227",35260,5.03425646515994e-05,0,"(13) Eastern Queen Charlotte Sound",8941,23.5,29,2,0,0,0,0,5.03425646515994e-05,3,0,0
"228",35293,0.196300865857559,0.0714285714285714,"(11) Mainland Fjords",8950,27,33,2,0,0,0,0.0714285714285714,0.196300865857559,8,0,1
"229",35477,4.62243925699502e-06,0,"(13) Eastern Queen Charlotte Sound",8941,21.5,26,2,0,0,0,0,4.62243925699502e-06,2,0,0
"230",35508,0.138194930383222,0.0476190476190476,"(11) Mainland Fjords",8950,20,25,2,0,0,0,0.0476190476190476,0.138194930383222,7,0,1
"231",35692,2.15076462335791e-06,0,"(13) Eastern Queen Charlotte Sound",8940,20.5,25,2,0,0,0,0,2.15076462335791e-06,1,0,0
"232",35706,0.000110261570584071,0,"(13) Eastern Queen Charlotte Sound",8944,24,30,2,0,0,0,0,0.000110261570584071,3,0,0
"233",35724,0.349130849661533,0.357142857142857,"(11) Mainland Fjords",8950,23.5,32,2,0,0,0,0.357142857142857,0.349130849661533,9,1,1
"234",35922,0.0129797639356614,0,"(13) Eastern Queen Charlotte Sound",8944,46.06700357,62.65454545,0,0,6,0,0,0.0129797639356614,5,0,1
"235",35923,1.0129938038824e-05,0,"(13) Eastern Queen Charlotte Sound",8944,22,27,2,0,0,0,0,1.0129938038824e-05,2,0,0
"236",35935,7.96630731563199e-14,0,"(11) Mainland Fjords",8948,15,15,1,0,0,0,0,7.96630731563199e-14,1,0,0
"237",35943,0.18221704860022,0.0714285714285714,"(11) Mainland Fjords",8950,23.5,31,2,0,0,0,0.0714285714285714,0.18221704860022,8,0,1
"238",36129,1.03982117329142e-06,0,"(13) Eastern Queen Charlotte Sound",9099,21,24,2,0,0,0,0,1.03982117329142e-06,1,0,0
"239",36143,0.00011029404488108,0,"(13) Eastern Queen Charlotte Sound",9102,25,30,2,0,0,0,0,0.00011029404488108,4,0,0
"240",36162,0.35955755485963,0.357142857142857,"(11) Mainland Fjords",9109,25.5,33,2,0,0,0,0.357142857142857,0.35955755485963,9,1,1
"241",36345,5.36920062815895e-08,0,"(13) Eastern Queen Charlotte Sound",9098,18,20,3,0,0,0,0,5.36920062815895e-08,1,0,0
"242",36360,0.0241612544398528,0.000621140801875285,"(13) Eastern Queen Charlotte Sound",9102,48.4074204685714,78.14791667,0,0,7,0,0.000621140801875285,0.0241612544398528,6,0,1
"243",36361,0.000303203677835484,0,"(13) Eastern Queen Charlotte Sound",9102,26.3333333333333,33,6,0,0,0,0,0.000303203677835484,4,0,0
"244",36375,0.0438874214305062,0.0398911533481182,"(11) Mainland Fjords",9108,164.44451578,185.787099,0,0,0,15,0.0398911533481182,0.0438874214305062,6,0,1
"245",36381,0.119017606238755,0.0238095238095238,"(11) Mainland Fjords",9109,21,25,2,0,0,0,0.0238095238095238,0.119017606238755,7,0,1
"246",36562,0.000110261570584071,0,"(13) Eastern Queen Charlotte Sound",9097,24,30,2,0,0,0,0,0.000110261570584071,3,0,0
"247",36563,1.0138569898647e-05,0,"(13) Eastern Queen Charlotte Sound",9098,22.5,27,2,0,0,0,0,1.0138569898647e-05,2,0,0
"248",36579,0.00367585847218263,0,"(13) Eastern Queen Charlotte Sound",9102,23.11784314,26.49803922,0,0,2,0,0,0.00367585847218263,5,0,0
"249",36598,0.027586827875048,0.0283060091949768,"(11) Mainland Fjords",9108,192.04422695,206.7811421,0,0,0,6,0.0283060091949768,0.027586827875048,6,0,1
"250",36599,0.000771153795117572,0,"(11) Mainland Fjords",9108,28.5,33,2,0,0,0,0,0.000771153795117572,4,0,0
"251",36600,1.02311003540087e-06,0,"(11) Mainland Fjords",9108,19.5,24,2,0,0,0,0,1.02311003540087e-06,1,0,0
"252",36601,0.00251353832773352,0,"(11) Mainland Fjords",9108,22.48468286,26,2,0,1,0,0,0.00251353832773352,4,0,0
"253",36794,5.01669463075348e-07,0,"(13) Eastern Queen Charlotte Sound",9099,19.5,23,2,0,0,0,0,5.01669463075348e-07,1,0,0
"254",36804,0.000771069852304624,0,"(13) Eastern Queen Charlotte Sound",9102,26.5,33,2,0,0,0,0,0.000771069852304624,4,0,0
"255",36829,4.2960053467739e-06,0,"(11) Mainland Fjords",9109,25,25,1,0,0,0,0,4.2960053467739e-06,2,0,0
"256",36834,5.03351211498901e-05,0,"(11) Mainland Fjords",9110,23,29,2,0,0,0,0,5.03351211498901e-05,3,0,0
"257",37031,1.29892588201265e-07,0,"(13) Eastern Queen Charlotte Sound",9257,20,20,1,0,0,0,0,1.29892588201265e-07,1,0,0
"258",37039,6.32734882922234e-05,0,"(13) Eastern Queen Charlotte Sound",9259,24.75,30,4,0,0,0,0,6.32734882922234e-05,3,0,0
"259",37069,5.03825441393922e-05,0,"(11) Mainland Fjords",9267,24.5,29,2,0,0,0,0,5.03825441393922e-05,3,0,0
"260",37075,1.01251572995702e-05,0,"(11) Mainland Fjords",9269,21.5,27,2,0,0,0,0,1.01251572995702e-05,2,0,0
"261",37285,0.000110335631371899,0,"(13) Eastern Queen Charlotte Sound",9259,25.5,30,2,0,0,0,0,0.000110335631371899,4,0,0
"262",37287,5.03309997366637e-05,0,"(13) Eastern Queen Charlotte Sound",9260,22.5,29,2,0,0,0,0,5.03309997366637e-05,3,0,0
"263",37288,2.56196858074575e-05,0,"(13) Eastern Queen Charlotte Sound",9260,22.25,29,4,0,0,0,0,2.56196858074575e-05,3,0,0
"264",37289,0.000771083608751364,0,"(13) Eastern Queen Charlotte Sound",9260,27.5,33,2,0,0,0,0,0.000771083608751364,4,0,0
"265",37302,0.0085518347860486,0.00807291089156683,"(11) Mainland Fjords",9265,387.495859740426,420.6160761,0,0,0,47,0.00807291089156683,0.0085518347860486,5,0,0
"266",37313,4.62243925699502e-06,0,"(11) Mainland Fjords",9269,21.5,26,2,0,0,0,0,4.62243925699502e-06,2,0,0
"267",37519,0.000771066760288782,0,"(13) Eastern Queen Charlotte Sound",9257,25.5,33,2,0,0,0,0,0.000771066760288782,4,0,0
"268",37539,0.0163763433298121,0.0161254882919955,"(11) Mainland Fjords",9265,410.265008867568,448.3930164,0,0,0,37,0.0161254882919955,0.0163763433298121,5,0,1
"269",37546,2.25456212423538e-05,0,"(11) Mainland Fjords",9268,22.5,28,2,0,0,0,0,2.25456212423538e-05,2,0,0
"270",37550,0.00044083959006461,0,"(11) Mainland Fjords",9269,25.5,32,2,0,0,0,0,0.00044083959006461,4,0,0
"271",37763,2.25410593295477e-05,0,"(13) Eastern Queen Charlotte Sound",9260,22,28,2,0,0,0,0,2.25410593295477e-05,2,0,0
"272",37772,0.328121256917582,0.29882840960704,"(11) Mainland Fjords",9266,28.15,34.08,2,0,2,0,0.29882840960704,0.328121256917582,9,1,1
"273",37773,0.182343421931934,0.0902466050791709,"(11) Mainland Fjords",9266,45.23597501,162.9,4,0,8,0,0.0902466050791709,0.182343421931934,8,0,1
"274",37777,0.159887837591948,0.0714285714285714,"(11) Mainland Fjords",9269,22.5,27,2,0,0,0,0.0714285714285714,0.159887837591948,7,0,1
"275",38217,0.000110250303435628,0,"(13) Eastern Queen Charlotte Sound",9418,22.5,30,2,0,0,0,0,0.000110250303435628,3,0,0
"276",38218,0.000110261570584071,0,"(13) Eastern Queen Charlotte Sound",9418,24,30,2,0,0,0,0,0.000110261570584071,3,0,0
"277",38434,5.03309997366637e-05,0,"(13) Eastern Queen Charlotte Sound",9415,22.5,29,2,0,0,0,0,5.03309997366637e-05,3,0,0
"278",38443,0.128756645868839,0.0238095238095238,"(13) Eastern Queen Charlotte Sound",9418,21.5,28,2,0,0,0,0.0238095238095238,0.128756645868839,7,0,1
"279",38457,0.14906656383117,0.0476190476190476,"(11) Mainland Fjords",9428,22.5,28,2,0,0,0,0.0476190476190476,0.14906656383117,7,0,1
"280",38676,0.000110261570584071,0,"(11) Mainland Fjords",9419,24,30,2,0,0,0,0,0.000110261570584071,3,0,0
"281",38689,2.25384697095354e-05,0,"(11) Mainland Fjords",9445,21.5,28,2,0,0,0,0,2.25384697095354e-05,2,0,0
"282",38897,1.03087651003443e-06,0,"(13) Eastern Queen Charlotte Sound",9575,20.5,24,2,0,0,0,0,1.03087651003443e-06,1,0,0
"283",38917,0.0179940163671202,0,"(11) Mainland Fjords",9586,58.2111772466667,88.4,0,0,6,0,0,0.0179940163671202,6,0,1
"284",39125,1.32650531845548e-06,0,"(13) Eastern Queen Charlotte Sound",9574,20.25,25,4,0,0,0,0,1.32650531845548e-06,1,0,0
"285",39131,2.25538587022002e-05,0,"(13) Eastern Queen Charlotte Sound",9575,23,28,2,0,0,0,0,2.25538587022002e-05,3,0,0
"286",39150,0.141922497923467,0.0238095238095238,"(11) Mainland Fjords",9586,23.5,31,2,0,0,0,0.0238095238095238,0.141922497923467,7,0,1
"287",39389,2.1479651824127e-06,0,"(11) Mainland Fjords",9586,20,25,2,0,0,0,0,2.1479651824127e-06,1,0,0
"288",39604,7.82760935467496e-05,0,"(13) Eastern Queen Charlotte Sound",9573,25,30,3,0,0,0,0,7.82760935467496e-05,3,0,0
"289",39609,0.00926500882925666,0,"(13) Eastern Queen Charlotte Sound",9575,28.13222222,28.13222222,0,0,1,0,0,0.00926500882925666,5,0,0
"290",39611,1.01251572995702e-05,0,"(13) Eastern Queen Charlotte Sound",9575,21.5,27,2,0,0,0,0,1.01251572995702e-05,2,0,0
"291",39843,2.16460062426824e-06,0,"(13) Eastern Queen Charlotte Sound",9730,21.5,25,2,0,0,0,0,2.16460062426824e-06,2,0,0
"292",39845,2.25456212423538e-05,0,"(13) Eastern Queen Charlotte Sound",9731,22.5,28,2,0,0,0,0,2.25456212423538e-05,2,0,0
"293",39850,2.25538587022002e-05,0,"(13) Eastern Queen Charlotte Sound",9732,23,28,2,0,0,0,0,2.25538587022002e-05,3,0,0
"294",39878,0.025921543727986,0.00443538092237103,"(11) Mainland Fjords",9741,38.4867893225,85.2,2,0,6,0,0.00443538092237103,0.025921543727986,6,0,1
"295",40105,0.0887934370853352,0.0357142857142857,"(13) Eastern Queen Charlotte Sound",9733,26,30,4,0,0,0,0.0357142857142857,0.0887934370853352,7,0,1
"296",40106,0.440169650538651,0.366742147981944,"(13) Eastern Queen Charlotte Sound",9733,113.24722225,116.8555556,0,0,4,0,0.366742147981944,0.440169650538651,10,1,1
"297",40108,0.376042888880246,0.242926461202542,"(13) Eastern Queen Charlotte Sound",9734,65.2196428575,70.4,0,0,4,0,0.242926461202542,0.376042888880246,10,1,1
"298",40117,0.0132357539269191,0,"(11) Mainland Fjords",9736,31,31,0,0,1,0,0,0.0132357539269191,5,0,1
"299",40129,0.307239914493471,0.166666666666666,"(11) Mainland Fjords",9740,23.5,27,2,0,0,0,0.166666666666666,0.307239914493471,9,1,1
"300",40134,0.243667390992572,0.184388504690219,"(11) Mainland Fjords",9741,48.7,58.2,0,0,3,0,0.184388504690219,0.243667390992572,8,0,1
"301",40135,0.309227774924415,0.370092029918901,"(11) Mainland Fjords",9741,56.1,56.1,0,0,1,0,0.370092029918901,0.309227774924415,9,1,1
"302",40140,0.237838578485026,0.214285714285714,"(11) Mainland Fjords",9745,23,28,2,0,0,0,0.214285714285714,0.237838578485026,8,0,1
"303",40352,2.25538587022002e-05,0,"(13) Eastern Queen Charlotte Sound",9730,23,28,2,0,0,0,0,2.25538587022002e-05,3,0,0
"304",40364,0.875173505040997,0.730615939724926,"(13) Eastern Queen Charlotte Sound",9733,107.948941176,138.4,0,0,10,0,0.730615939724926,0.875173505040997,10,1,1
"305",40365,0.103054832450528,0.0458273625623053,"(13) Eastern Queen Charlotte Sound",9734,69.281410255,102.3,0,0,4,0,0.0458273625623053,0.103054832450528,7,0,1
"306",40366,0.0866740679845967,0.018322888625581,"(13) Eastern Queen Charlotte Sound",9734,78.40375,91.7,0,0,4,0,0.018322888625581,0.0866740679845967,7,0,1
"307",40376,0.14952266850278,0.108257807621129,"(11) Mainland Fjords",9736,51.294299524375,149.1285714,2,0,8,0,0.108257807621129,0.14952266850278,7,0,1
"308",40387,0.0219443151432446,0,"(11) Mainland Fjords",9739,94.7440830114286,169.8521167,0,0,7,0,0,0.0219443151432446,6,0,1
"309",40617,0.0497642614090106,0.0178571428571429,"(13) Eastern Queen Charlotte Sound",9732,27.0609526508333,41.0537037,8,0,6,0,0.0178571428571429,0.0497642614090106,6,0,1
"310",40635,0.0224436353469036,0,"(11) Mainland Fjords",9737,62.0597969716667,91.80689655,0,0,6,0,0,0.0224436353469036,6,0,1
"311",40884,2.60756182604475e-05,0,"(13) Eastern Queen Charlotte Sound",9889,22.25,29,4,0,0,0,0,2.60756182604475e-05,3,0,0
"312",40888,0.040925064102627,0,"(13) Eastern Queen Charlotte Sound",9890,44.60789474,44.60789474,0,0,1,0,0,0.040925064102627,6,0,1
"313",40893,0.0918612946359424,0.0357142857142857,"(13) Eastern Queen Charlotte Sound",9891,26.25,32,4,0,0,0,0.0357142857142857,0.0918612946359424,7,0,1
"314",40927,0.184793688978636,0.0476190476190476,"(11) Mainland Fjords",9904,28,34,2,0,0,0,0.0476190476190476,0.184793688978636,8,0,1
"315",40931,0.189486696364623,0.111509284687466,"(11) Mainland Fjords",9905,82.6691558454545,132.25,0,0,11,0,0.111509284687466,0.189486696364623,8,0,1
"316",41165,0.000110272756493551,0,"(13) Eastern Queen Charlotte Sound",9890,24.5,30,2,0,0,0,0,0.000110272756493551,4,0,0
"317",41180,0.281857183236632,0.119047619047619,"(11) Mainland Fjords",9895,25,28,2,0,0,0,0.119047619047619,0.281857183236632,9,1,1
"318",41206,0.141109054368027,0.0557135193479754,"(11) Mainland Fjords",9905,86.487222228,129.8666667,0,0,5,0,0.0557135193479754,0.141109054368027,7,0,1
"319",41209,0.325365528715323,0.192764890506214,"(11) Mainland Fjords",9906,119.785000006,142.775,0,0,5,0,0.192764890506214,0.325365528715323,9,1,1
"320",41220,0.93570059347996,1,"(11) Mainland Fjords",9918,33,33,1,0,0,0,1,0.93570059347996,10,1,1
"321",41463,0.00751609887553926,0,"(11) Mainland Fjords",9895,32.66571084,43.05202958,0,0,4,0,0,0.00751609887553926,5,0,0
"322",41481,0.384848185030177,0.274894783183952,"(11) Mainland Fjords",9906,92.16,92.52,0,0,2,0,0.274894783183952,0.384848185030177,10,1,1
"323",41482,0.426678532373295,0.323635978164783,"(11) Mainland Fjords",9906,63.6712962966667,85.98888889,0,0,3,0,0.323635978164783,0.426678532373295,10,1,1
"324",41722,1.0138569898647e-05,0,"(13) Eastern Queen Charlotte Sound",9889,22.5,27,2,0,0,0,0,1.0138569898647e-05,2,0,0
"325",41724,0.0618161126842657,0.0476654546930286,"(13) Eastern Queen Charlotte Sound",9890,47.18746496625,75.89571429,0,0,8,0,0.0476654546930286,0.0618161126842657,6,0,1
"326",41759,4.6147831688064e-06,0,"(11) Mainland Fjords",9917,20.5,26,2,0,0,0,0,4.6147831688064e-06,2,0,0
"327",41987,0.000110255537952577,0,"(13) Eastern Queen Charlotte Sound",10046,23.5,30,2,0,0,0,0,0.000110255537952577,3,0,0
"328",42028,1.03982117329142e-06,0,"(11) Mainland Fjords",10075,21,24,2,0,0,0,0,1.03982117329142e-06,1,0,0
"329",42255,1.01848670832219e-05,0,"(13) Eastern Queen Charlotte Sound",10046,23.5,27,2,0,0,0,0,1.01848670832219e-05,2,0,0
"330",42294,0.369879748692996,0.285714285714286,"(11) Mainland Fjords",10074,24,24,1,0,0,0,0.285714285714286,0.369879748692996,9,1,1
"331",42295,0.264864653354482,0.238095238095238,"(11) Mainland Fjords",10075,24,30,2,0,0,0,0.238095238095238,0.264864653354482,8,0,1
"332",42795,2.64259514119587e-06,0,"(11) Mainland Fjords",10046,24,25,2,0,0,0,0,2.64259514119587e-06,2,0,0
"333",42823,0.728499344848679,0.714285714285714,"(11) Mainland Fjords",10062,26,30,2,0,0,0,0.714285714285714,0.728499344848679,10,1,1
"334",42826,0.175383904672194,0.0714285714285714,"(11) Mainland Fjords",10063,25,30,2,0,0,0,0.0714285714285714,0.175383904672194,7,0,1
"335",43060,5.0535638840807e-05,0,"(13) Eastern Queen Charlotte Sound",10203,25.5,29,2,0,0,0,0,5.0535638840807e-05,3,0,0
"336",43100,0.175383904672194,0.0714285714285714,"(11) Mainland Fjords",10221,25,30,2,0,0,0,0.0714285714285714,0.175383904672194,7,0,1
"337",43600,0.000110419016587678,0,"(13) Eastern Queen Charlotte Sound",10203,26,30,2,0,0,0,0,0.000110419016587678,4,0,0
"338",43617,0.000110261570584071,0,"(11) Mainland Fjords",10210,24,30,2,0,0,0,0,0.000110261570584071,3,0,0
"339",43620,2.25410593295477e-05,0,"(11) Mainland Fjords",10211,22,28,2,0,0,0,0,2.25410593295477e-05,2,0,0
"340",43643,0.352019042292364,0.142857142857143,"(11) Mainland Fjords",10222,30,30,1,0,0,0,0.142857142857143,0.352019042292364,9,1,1
"341",44159,0.00457330140830106,0,"(11) Mainland Fjords",10367,19,19,0,0,1,0,0,0.00457330140830106,5,0,0
"342",44186,2.04625647403474e-06,0,"(11) Mainland Fjords",10389,24,24,1,0,0,0,0,2.04625647403474e-06,1,0,0
"343",44428,0.0150645673063937,0.0135615276042243,"(11) Mainland Fjords",10367,241.776643016667,244.5752333,0,0,0,12,0.0135615276042243,0.0150645673063937,5,0,1
"344",44456,0.123557562569793,0.0984884060552964,"(11) Mainland Fjords",10389,18.7,18.7,0,0,1,0,0.0984884060552964,0.123557562569793,7,0,1
"345",44699,0.0744324005064272,0.057629011454825,"(11) Mainland Fjords",10367,137.727651905414,238.7825291,0,0,7,19,0.057629011454825,0.0744324005064272,7,0,1
"346",44702,0.00721847843465627,0,"(11) Mainland Fjords",10368,27.729412645,33.6056338,0,0,2,0,0,0.00721847843465627,5,0,0
"347",44703,0.264044071755712,0.208571199072727,"(11) Mainland Fjords",10368,37.597800358,52.23947368,0,0,5,0,0.208571199072727,0.264044071755712,8,0,1
"348",44704,0.000771069852304624,0,"(11) Mainland Fjords",10368,26.5,33,2,0,0,0,0,0.000771069852304624,4,0,0
"349",44974,0.332547301252971,0.19047619047619,"(11) Mainland Fjords",10368,26,29,2,0,0,0,0.19047619047619,0.332547301252971,9,1,1
"350",44978,0.040125379669808,0.0325900219245579,"(11) Mainland Fjords",10369,137.53991134,182.335316,0,0,0,35,0.0325900219245579,0.040125379669808,6,0,1
"351",44980,0.0720013614581669,0.0487212256549156,"(11) Mainland Fjords",10369,42.4997985468333,127.5608696,1,0,4,10,0.0487212256549156,0.0720013614581669,6,0,1
"352",44981,0.186475348215079,0.144425723147424,"(11) Mainland Fjords",10369,46.0204492658333,96.5361609,2,0,2,12,0.144425723147424,0.186475348215079,8,0,1
"353",45001,0.430261821440749,0.345238095238095,"(11) Mainland Fjords",10382,25,30,4,0,0,0,0.345238095238095,0.430261821440749,10,1,1
"354",45244,0.0544336365413088,0.0557655127356764,"(11) Mainland Fjords",10525,263.966474077778,319.4306807,0,0,0,36,0.0557655127356764,0.0544336365413088,6,0,1
"355",45253,0.0241766538546904,0,"(11) Mainland Fjords",10527,92.99651572,131.4230769,0,0,7,0,0,0.0241766538546904,6,0,1
"356",45258,1.0129938038824e-05,0,"(11) Mainland Fjords",10528,22,27,2,0,0,0,0,1.0129938038824e-05,2,0,0
"357",45511,0.592610016319129,0.52055350167093,"(13) Eastern Queen Charlotte Sound",10520,63,63.2,0,0,2,0,0.52055350167093,0.592610016319129,10,1,1
"358",45526,0.0289869938175184,0,"(11) Mainland Fjords",10524,36.85,36.85,0,0,1,0,0,0.0289869938175184,6,0,1
"359",45528,1,1,"(11) Mainland Fjords",10524,108.692597406,134.75,0,0,5,0,1,1,10,1,1
"360",45530,0.0617326988489899,0.0567124682157701,"(11) Mainland Fjords",10525,237.554027448148,309.4448509,0,0,0,27,0.0567124682157701,0.0617326988489899,6,0,1
"361",45539,0.293417209904351,0.109761995045677,"(11) Mainland Fjords",10528,77.325,77.325,0,0,1,0,0.109761995045677,0.293417209904351,9,1,1
"362",45542,4.61755539998891e-06,0,"(11) Mainland Fjords",10528,21,26,2,0,0,0,0,4.61755539998891e-06,2,0,0
"363",45799,0.406576583681545,0.298038882839689,"(13) Eastern Queen Charlotte Sound",10520,44.667380952,65.7,0,0,5,0,0.298038882839689,0.406576583681545,10,1,1
"364",45803,0.168059994504486,0.0529378022401589,"(13) Eastern Queen Charlotte Sound",10521,82.214285715,91.6,0,0,2,0,0.0529378022401589,0.168059994504486,7,0,1
"365",45814,0.0612168474668777,0,"(11) Mainland Fjords",10524,72.7,77.4,0,0,2,0,0,0.0612168474668777,6,0,1
"366",45815,0.122061580854517,0,"(11) Mainland Fjords",10524,94.3,94.3,0,0,1,0,0,0.122061580854517,7,0,1
"367",45818,0.182551553734644,0.113451326098583,"(11) Mainland Fjords",10525,47.4087910617647,75,0,0,17,0,0.113451326098583,0.182551553734644,8,0,1
"368",46092,0.0161558231080657,0.0270525686098509,"(11) Mainland Fjords",10523,399.393788566667,407.6385613,0,0,0,6,0.0270525686098509,0.0161558231080657,5,0,1
"369",46093,0.00755945974583022,0.00697568194728786,"(11) Mainland Fjords",10523,349.484447338462,388.7904551,0,0,0,39,0.00697568194728786,0.00755945974583022,5,0,0
"370",46099,5.67501686757156e-05,0,"(11) Mainland Fjords",10524,438.004144138806,515.7025758,0,0,0,67,0,5.67501686757156e-05,3,0,0
"371",46387,0.413563123406347,0.313408258946058,"(11) Mainland Fjords",10683,57.675,101.4,0,0,4,0,0.313408258946058,0.413563123406347,10,1,1
"372",46391,0.0105647048852264,0,"(11) Mainland Fjords",10684,38.3553488071429,76.40389805,0,0,7,0,0,0.0105647048852264,5,0,1
"373",46392,0.00485634760169764,0,"(11) Mainland Fjords",10684,20.26666667,20.26666667,0,0,1,0,0,0.00485634760169764,5,0,0
"374",46642,0.00123680930633011,0,"(13) Eastern Queen Charlotte Sound",10674,25.5,34,2,0,0,0,0,0.00123680930633011,4,0,0
"375",46644,5.03351211498901e-05,0,"(13) Eastern Queen Charlotte Sound",10675,23,29,2,0,0,0,0,5.03351211498901e-05,3,0,0
"376",46664,5.6485329728711e-09,0,"(11) Mainland Fjords",10680,16,16,1,0,0,0,0,5.6485329728711e-09,1,0,0
"377",46672,0.154408133117079,0.0714285714285714,"(11) Mainland Fjords",10682,23.5,26,2,0,0,0,0.0714285714285714,0.154408133117079,7,0,1
"378",46673,0.0252355053186111,0.000601570230436015,"(11) Mainland Fjords",10682,116.90000791,141.9163934,0,0,10,0,0.000601570230436015,0.0252355053186111,6,0,1
"379",46674,0.0183662699814451,0.000456524209955317,"(11) Mainland Fjords",10683,89.9182138053846,120.8548387,0,0,13,0,0.000456524209955317,0.0183662699814451,6,0,1
"380",46679,0.124775223128621,0,"(11) Mainland Fjords",10684,85.6,85.6,0,0,1,0,0,0.124775223128621,7,0,1
"381",46930,0.150608525586505,0.107142857142857,"(13) Eastern Queen Charlotte Sound",10675,24.25,35,4,0,0,0,0.107142857142857,0.150608525586505,7,0,1
"382",46958,0.0279965702709675,0.000170165280647338,"(11) Mainland Fjords",10682,117.7162655125,152.2994565,0,0,8,0,0.000170165280647338,0.0279965702709675,6,0,1
"383",47215,1.0138569898647e-05,0,"(13) Eastern Queen Charlotte Sound",10676,22.5,27,2,0,0,0,0,1.0138569898647e-05,2,0,0
"384",47245,0.332927942403239,0.19047619047619,"(11) Mainland Fjords",10685,23,28,2,0,0,0,0.19047619047619,0.332927942403239,9,1,1
"385",47566,0.467831539775748,0.5,"(11) Mainland Fjords",10863,24.5,33,2,0,0,0,0.5,0.467831539775748,10,1,1
"386",47817,0.352019042292364,0.142857142857143,"(11) Mainland Fjords",10845,30,30,1,0,0,0,0.142857142857143,0.352019042292364,9,1,1
"387",47820,0.0147849928984027,0,"(11) Mainland Fjords",10846,51.8684049785714,86.4,0,0,7,0,0,0.0147849928984027,5,0,1
"388",48414,0.705798431529137,0.714285714285714,"(11) Mainland Fjords",10863,21,26,2,0,0,0,0.714285714285714,0.705798431529137,10,1,1
"389",48671,0.484914999632587,0.428571428571429,"(11) Mainland Fjords",11016,25,30,2,0,0,0,0.428571428571429,0.484914999632587,10,1,1
"390",48677,3.35654463020403e-08,0,"(11) Mainland Fjords",11021,18,18,1,0,0,0,0,3.35654463020403e-08,1,0,0
"391",49148,5.11848340855056e-05,0,"(13) Eastern Queen Charlotte Sound",10990,26.5,29,2,0,0,0,0,5.11848340855056e-05,3,0,0
"392",49431,2.25456212423538e-05,0,"(11) Mainland Fjords",10994,22.5,28,2,0,0,0,0,2.25456212423538e-05,2,0,0
"393",49701,0.0192896106722302,0,"(11) Mainland Fjords",11152,55.164927972,62.70918367,0,0,5,0,0,0.0192896106722302,6,0,1
"394",49702,0.0111618818627451,0,"(11) Mainland Fjords",11152,38.835324795,49.78820533,0,0,4,0,0,0.0111618818627451,5,0,1
"395",49743,0.316500000350048,0.261904761904762,"(11) Mainland Fjords",11174,27,34,2,0,0,0,0.261904761904762,0.316500000350048,9,1,1
"396",50271,0.0108548904318905,0,"(11) Mainland Fjords",11171,29.4,29.4,0,0,1,0,0,0.0108548904318905,5,0,1
"397",50532,0.1715935472545,0.0430382029734306,"(11) Mainland Fjords",11171,92.4222222233333,112.5,0,0,3,0,0.0430382029734306,0.1715935472545,7,0,1
"398",51022,0.00022960548144488,0,"(13) Eastern Queen Charlotte Sound",11304,26,31,2,0,0,0,0,0.00022960548144488,4,0,0
"399",51044,0.321128914091004,0.142857142857143,"(11) Mainland Fjords",11311,27,27,1,0,0,0,0.142857142857143,0.321128914091004,9,1,1
"400",51072,0.286415558650356,0.142857142857143,"(11) Mainland Fjords",11330,21.5,23,2,0,0,0,0.142857142857143,0.286415558650356,9,1,1
"401",51077,0.202225603094722,0.116732201636638,"(11) Mainland Fjords",11331,136.379798,151.1727273,0,0,3,0,0.116732201636638,0.202225603094722,8,0,1
"402",51284,0.198341753378457,0.14805624869161,"(13) Eastern Queen Charlotte Sound",11302,51.6456714866667,62.71969697,0,0,3,0,0.14805624869161,0.198341753378457,8,0,1
"403",51285,0.0424291836267065,0,"(13) Eastern Queen Charlotte Sound",11302,49.7,49.7,0,0,1,0,0,0.0424291836267065,6,0,1
"404",51336,0.330347651310878,0.142857142857143,"(11) Mainland Fjords",11330,28,28,1,0,0,0,0.142857142857143,0.330347651310878,9,1,1
"405",51339,0.618794456432669,0.53968253968254,"(11) Mainland Fjords",11331,22.6666666666667,27,3,0,0,0,0.53968253968254,0.618794456432669,10,1,1
"406",51343,0.179394915297516,0.0714285714285714,"(11) Mainland Fjords",11332,59.95,114.7,1,0,2,0,0.0714285714285714,0.179394915297516,8,0,1
"407",51549,3.35654463020403e-08,0,"(13) Eastern Queen Charlotte Sound",11302,18,18,1,0,0,0,0,3.35654463020403e-08,1,0,0
"408",51573,1.58396937797086e-05,0,"(11) Mainland Fjords",11310,22.8333333333333,28,6,0,0,0,0,1.58396937797086e-05,2,0,0
"409",51581,0.227302866553191,0.166666666666667,"(11) Mainland Fjords",11314,26,30,2,0,0,0,0.166666666666667,0.227302866553191,8,0,1
"410",51600,2.02452214481535e-05,0,"(11) Mainland Fjords",11330,27,27,1,0,0,0,0,2.02452214481535e-05,2,0,0
"411",51789,5.64831349509193e-09,0,"(10 Aristazabal Banks Upwelling",11455,16,16,2,0,0,0,0,5.64831349509193e-09,1,0,0
"412",51809,0.01956984320346,0,"(13) Eastern Queen Charlotte Sound",11460,34.2166666666667,45.3,0,0,3,0,0,0.01956984320346,6,0,1
"413",52085,0.00047490380284706,0,"(13) Eastern Queen Charlotte Sound",11460,21.7702221691667,27.14242424,2,0,6,0,0,0.00047490380284706,4,0,0
"414",52086,0.021801909345711,0.000511285546817452,"(13) Eastern Queen Charlotte Sound",11461,41.8559544157143,63.76385542,0,0,7,0,0.000511285546817452,0.021801909345711,6,0,1
"415",52353,2.16460062426824e-06,0,"(13) Eastern Queen Charlotte Sound",11460,21.5,25,2,0,0,0,0,2.16460062426824e-06,2,0,0
"416",52354,1.55989446811443e-08,0,"(13) Eastern Queen Charlotte Sound",11460,17,17,2,0,0,0,0,1.55989446811443e-08,1,0,0
"417",52636,4.6147831688064e-06,0,"(13) Eastern Queen Charlotte Sound",11463,20.5,26,2,0,0,0,0,4.6147831688064e-06,2,0,0
"418",52650,0.000110419016587678,0,"(11) Mainland Fjords",11470,26,30,2,0,0,0,0,0.000110419016587678,4,0,0
"419",52655,2.25456212423538e-05,0,"(11) Mainland Fjords",11471,22.5,28,2,0,0,0,0,2.25456212423538e-05,2,0,0
"420",52889,4.67854210706485e-06,0,"(13) Eastern Queen Charlotte Sound",11617,23,26,2,0,0,0,0,4.67854210706485e-06,2,0,0
"421",53135,3.35654463020403e-08,0,"(10 Aristazabal Banks Upwelling",11611,18,18,1,0,0,0,0,3.35654463020403e-08,1,0,0
"422",53140,1.29118603965553e-07,0,"(10 Aristazabal Banks Upwelling",11612,18.5,21,2,0,0,0,0,1.29118603965553e-07,1,0,0
"423",53195,0.252303632642279,0.214285714285714,"(11) Mainland Fjords",11630,25,30,2,0,0,0,0.214285714285714,0.252303632642279,8,0,1
"424",53222,0.309861770102181,0.142857142857143,"(11) Mainland Fjords",11648,26.5,30,2,0,0,0,0.142857142857143,0.309861770102181,9,1,1
"425",53433,2.04625647403474e-06,0,"(13) Eastern Queen Charlotte Sound",11619,24,24,1,0,0,0,0,2.04625647403474e-06,1,0,0
"426",53689,0.00919200365783159,0,"(13) Eastern Queen Charlotte Sound",11616,53.554142697,62.35284553,0,0,10,0,0,0.00919200365783159,5,0,0
"427",53727,0.0147915390285053,0,"(11) Mainland Fjords",11629,31.26666667,31.26666667,0,0,1,0,0,0.0147915390285053,5,0,1
"428",53954,0.0887939116263688,0.0357142857142857,"(13) Eastern Queen Charlotte Sound",11774,25.5,30,4,0,0,0,0.0357142857142857,0.0887939116263688,7,0,1
"429",54229,0.143228261643732,0.0714285714285714,"(13) Eastern Queen Charlotte Sound",11779,18.5,20,2,0,0,0,0.0714285714285714,0.143228261643732,7,0,1
"430",54239,0,0,"(11) Mainland Fjords",11785,15,15,2,0,0,0,0,0,1,0,0
"431",54264,0.295190164776473,0.357142857142857,"(11) Mainland Fjords",11806,20,25,2,0,0,0,0.357142857142857,0.295190164776473,9,1,1
"432",54511,1.0138569898647e-05,0,"(11) Mainland Fjords",11788,22.5,27,2,0,0,0,0,1.0138569898647e-05,2,0,0
"433",54513,0.000706762561066659,0,"(11) Mainland Fjords",11789,385.70673525,437.8952156,0,0,0,24,0,0.000706762561066659,4,0,0
"434",54718,9.22972367626436e-06,0,"(10 Aristazabal Banks Upwelling",11771,26,26,1,0,0,0,0,9.22972367626436e-06,2,0,0
"435",54720,0.0126658030744855,0,"(10 Aristazabal Banks Upwelling",11771,50.1415109485714,67.31666667,0,0,7,0,0,0.0126658030744855,5,0,1
"436",54767,0.00182480103891196,0,"(11) Mainland Fjords",11789,121.845888308333,280.411712,2,0,0,12,0,0.00182480103891196,4,0,0
"437",54964,5.2132534821962e-05,0,"(10 Aristazabal Banks Upwelling",11926,27,29,2,0,0,0,0,5.2132534821962e-05,3,0,0
"438",54975,0.00263429593806616,0,"(10 Aristazabal Banks Upwelling",11929,50.79848731625,71.448,0,0,24,0,0,0.00263429593806616,5,0,0
"439",55000,0.000110590605134403,0,"(13) Eastern Queen Charlotte Sound",11937,26.5,30,2,0,0,0,0,0.000110590605134403,4,0,0
"440",55003,0.000110255537952577,0,"(13) Eastern Queen Charlotte Sound",11938,23.5,30,2,0,0,0,0,0.000110255537952577,3,0,0
"441",55005,0.236346097222529,0.166666666666667,"(13) Eastern Queen Charlotte Sound",11938,25.5,31,2,0,0,0,0.166666666666667,0.236346097222529,8,0,1
"442",55006,0.000110255537952577,0,"(13) Eastern Queen Charlotte Sound",11939,23.5,30,2,0,0,0,0,0.000110255537952577,3,0,0
"443",55241,0.00022957733436281,0,"(10 Aristazabal Banks Upwelling",11932,25.5,31,2,0,0,0,0,0.00022957733436281,4,0,0
"444",55261,2.16460062426824e-06,0,"(13) Eastern Queen Charlotte Sound",11939,21.5,25,2,0,0,0,0,2.16460062426824e-06,2,0,0
"445",55266,2.1479651824127e-06,0,"(11) Mainland Fjords",11943,20,25,2,0,0,0,0,2.1479651824127e-06,1,0,0
"446",55512,0.435530083517557,0.346948309646795,"(13) Eastern Queen Charlotte Sound",11938,126.5410528,147.6271605,0,0,2,0,0.346948309646795,0.435530083517557,10,1,1
"447",55513,0.564906925321592,0.35611005632253,"(13) Eastern Queen Charlotte Sound",11938,106.98758703,124.6409836,0,0,10,0,0.35611005632253,0.564906925321592,10,1,1
"448",55514,0.0680044263281563,0.0276603645050139,"(13) Eastern Queen Charlotte Sound",11938,30.32925666,44.52325581,0,0,3,0,0.0276603645050139,0.0680044263281563,6,0,1
"449",55733,5.6485329728711e-09,0,"(10 Aristazabal Banks Upwelling",11926,16,16,1,0,0,0,0,5.6485329728711e-09,1,0,0
"450",55766,0.0727953737713234,0.0334976997803763,"(13) Eastern Queen Charlotte Sound",11937,33.6682469866667,48.53655914,0,0,3,0,0.0334976997803763,0.0727953737713234,7,0,1
"451",55767,0.049379297265772,0,"(13) Eastern Queen Charlotte Sound",11937,173.954386,173.954386,0,0,1,0,0,0.049379297265772,6,0,1
"452",55768,0.274744479230241,0.174420501399316,"(13) Eastern Queen Charlotte Sound",11938,155.0923012,172.6322368,0,0,8,0,0.174420501399316,0.274744479230241,8,0,1
"453",55783,0.000220503418747669,0,"(11) Mainland Fjords",11947,30,30,1,0,0,0,0,0.000220503418747669,4,0,0
"454",56001,0.00123680791163765,0,"(10 Aristazabal Banks Upwelling",12088,28.5,34,2,0,0,0,0,0.00123680791163765,4,0,0
"455",56017,0.0449413094239588,0.00139127714554929,"(13) Eastern Queen Charlotte Sound",12095,183.790539125,191.115625,0,0,4,0,0.00139127714554929,0.0449413094239588,6,0,1
"456",56251,4.85897138893997e-06,0,"(10 Aristazabal Banks Upwelling",12088,24,26,2,0,0,0,0,4.85897138893997e-06,2,0,0
"457",56292,1.02311003540087e-06,0,"(11) Mainland Fjords",12124,19.5,24,2,0,0,0,0,1.02311003540087e-06,1,0,0
"458",56494,7.35995205766772e-05,0,"(10 Aristazabal Banks Upwelling",12088,23,30,4,0,0,0,0,7.35995205766772e-05,3,0,0
"459",56514,2.82028991212359e-07,0,"(13) Eastern Queen Charlotte Sound",12096,20.5,22,2,0,0,0,0,2.82028991212359e-07,1,0,0
"460",56515,1.55995795886357e-08,0,"(13) Eastern Queen Charlotte Sound",12096,17,17,1,0,0,0,0,1.55995795886357e-08,1,0,0
"461",56767,3.35635180489047e-08,0,"(13) Eastern Queen Charlotte Sound",12096,18,18,2,0,0,0,0,3.35635180489047e-08,1,0,0
"462",57033,1.29892588201265e-07,0,"(13) Eastern Queen Charlotte Sound",12254,20,20,1,0,0,0,0,1.29892588201265e-07,1,0,0
"463",57290,0.000110590605134403,0,"(13) Eastern Queen Charlotte Sound",12253,26.5,30,2,0,0,0,0,0.000110590605134403,4,0,0
"464",57507,0.0456240728064808,0,"(10 Aristazabal Banks Upwelling",12242,72.154941935,75.59298246,0,0,2,0,0,0.0456240728064808,6,0,1
"465",57551,1.51027096325429e-05,0,"(11) Mainland Fjords",12258,21.3333333333333,28,3,0,0,0,0,1.51027096325429e-05,2,0,0
"466",57766,0.000756991582934638,0,"(10 Aristazabal Banks Upwelling",12242,29.4135441483333,61.32972973,2,0,18,0,0,0.000756991582934638,4,0,0
"467",57813,0.0192604234979381,0,"(11) Mainland Fjords",12258,33.7902439033333,69.57073171,0,0,3,0,0,0.0192604234979381,6,0,1
"468",57832,0.414211001502309,0.5,"(11) Mainland Fjords",12284,21.5,26,2,0,0,0,0.5,0.414211001502309,10,1,1
"469",58030,0.012335721182386,0,"(10 Aristazabal Banks Upwelling",12400,31.48769231,31.48769231,0,0,1,0,0,0.012335721182386,5,0,1
"470",58058,2.25384697095354e-05,0,"(13) Eastern Queen Charlotte Sound",12410,21.5,28,2,0,0,0,0,2.25384697095354e-05,2,0,0
"471",58060,0.071141209423731,0.0710245254085715,"(13) Eastern Queen Charlotte Sound",12411,31.4833333333333,45.1,4,0,3,0,0.0710245254085715,0.071141209423731,6,0,1
"472",58061,1.96063390670361e-08,0,"(13) Eastern Queen Charlotte Sound",12411,17,18,2,0,0,0,0,1.96063390670361e-08,1,0,0
"473",58071,4.63125697018623e-06,0,"(11) Mainland Fjords",12415,22,26,2,0,0,0,0,4.63125697018623e-06,2,0,0
"474",58319,0.00798558401927865,0,"(13) Eastern Queen Charlotte Sound",12411,38.42122436625,55.66969697,0,0,8,0,0,0.00798558401927865,5,0,0
"475",58320,4.73878781500821e-06,0,"(13) Eastern Queen Charlotte Sound",12411,23.5,26,2,0,0,0,0,4.73878781500821e-06,2,0,0
"476",58338,0.00886117505062308,0.0108784535175009,"(11) Mainland Fjords",12417,401.5779182,426.604487,0,0,0,15,0.0108784535175009,0.00886117505062308,5,0,0
"477",58339,0.00246736478934817,0,"(11) Mainland Fjords",12417,331.174105366667,345.8324091,0,0,0,6,0,0.00246736478934817,4,0,0
"478",58580,0.00482612133736623,0,"(13) Eastern Queen Charlotte Sound",12411,28.2593656816667,39.75882353,2,0,3,0,0,0.00482612133736623,5,0,0
"479",58596,0.000381723800393381,0,"(11) Mainland Fjords",12417,441.62411156,457.5016208,0,0,0,15,0,0.000381723800393381,4,0,0
"480",58601,0.206259728250926,0.149747445140068,"(11) Mainland Fjords",12419,53.1136525742857,90.49691964,0,0,7,0,0.149747445140068,0.206259728250926,8,0,1
"481",58602,0.510124999231229,0.349358754392094,"(11) Mainland Fjords",12419,91.317460312,93.24716513,0,0,5,0,0.349358754392094,0.510124999231229,10,1,1
"482",58833,4.97325652070097e-07,0,"(11) Mainland Fjords",12409,22,22,1,0,0,0,0,4.97325652070097e-07,1,0,0
"483",58838,0,0,"(11) Mainland Fjords",12411,22.5946546927273,25.04565217,0,0,11,0,0,0,1,0,0
"484",58839,0.00253176003976151,0,"(13) Eastern Queen Charlotte Sound",12411,30.58729071,51.18579545,0,0,11,0,0,0.00253176003976151,5,0,0
"485",58842,9.97720483740512e-07,0,"(11) Mainland Fjords",12412,23,23,1,0,0,0,0,9.97720483740512e-07,1,0,0
"486",58851,0.00011029404488108,0,"(11) Mainland Fjords",12416,25,30,2,0,0,0,0,0.00011029404488108,4,0,0
"487",58856,0.000560562674967591,0.000734447219832166,"(11) Mainland Fjords",12417,426.629447451351,439.4631494,0,0,0,74,0.000734447219832166,0.000560562674967591,4,0,0
"488",58861,0.053010538124569,0.00300493017970815,"(11) Mainland Fjords",12419,61.8907283525,69.60176934,0,0,4,0,0.00300493017970815,0.053010538124569,6,0,1
"489",58862,0.19068279853321,0.123186401687022,"(11) Mainland Fjords",12419,41.0750308795,100.3556757,1,0,10,0,0.123186401687022,0.19068279853321,8,0,1
"490",58863,0.326365723749844,0.254382812167455,"(11) Mainland Fjords",12419,64.74186442,83.49006401,0,0,3,0,0.254382812167455,0.326365723749844,9,1,1
"491",59079,0,0,"(10 Aristazabal Banks Upwelling",12558,15,15,2,0,0,0,0,0,1,0,0
"492",59121,0.00022957733436281,0,"(11) Mainland Fjords",12574,25.5,31,2,0,0,0,0,0.00022957733436281,4,0,0
"493",59619,6.68133185711027e-08,0,"(11) Mainland Fjords",12566,19,19,1,0,0,0,0,6.68133185711027e-08,1,0,0
"494",59626,0.788518493427208,0.714285714285714,"(11) Mainland Fjords",12570,27.5,33,2,0,0,0,0.714285714285714,0.788518493427208,10,1,1
"495",59871,2.25456212423538e-05,0,"(11) Mainland Fjords",12565,22.5,28,2,0,0,0,0,2.25456212423538e-05,2,0,0
"496",60138,0.0097424263043889,0,"(11) Mainland Fjords",12734,46.954526489,72.62124126,0,0,10,0,0,0.0097424263043889,5,0,0
"497",60411,0.20338587465395,0.0714285714285714,"(11) Mainland Fjords",12742,25,30,2,0,0,0,0.0714285714285714,0.20338587465395,8,0,1
"498",60415,2.25538587022002e-05,0,"(11) Mainland Fjords",12743,23,28,2,0,0,0,0,2.25538587022002e-05,3,0,0
"499",60668,0.104263690690799,0.0634410189135052,"(11) Mainland Fjords",12741,142.759827203571,374.4818179,2,0,0,14,0.0634410189135052,0.104263690690799,7,0,1
"500",60673,0.000229549239673657,0,"(11) Mainland Fjords",12743,23.5,31,2,0,0,0,0,0.000229549239673657,4,0,0
"501",60678,1,1,"(11) Mainland Fjords",12759,23,30,2,0,0,0,1,1,10,1,1
"502",60914,0.00682662618798928,0.00659100478384639,"(11) Mainland Fjords",12739,342.328614512,426.1415882,0,0,0,25,0.00659100478384639,0.00682662618798928,5,0,0
"503",60915,0.0139145903808828,0.00988428900900029,"(11) Mainland Fjords",12739,240.711499654545,417.1987297,0,0,0,22,0.00988428900900029,0.0139145903808828,5,0,1
"504",60923,0.000110419016587678,0,"(11) Mainland Fjords",12741,26,30,2,0,0,0,0,0.000110419016587678,4,0,0
"505",61161,0.0100536497713702,0.00611515414560283,"(11) Mainland Fjords",12897,60.0514629982287,207.8217523,1,0,23,9,0.00611515414560283,0.0100536497713702,5,0,1
"506",61912,0.0030958472344162,0,"(11) Mainland Fjords",12895,257.2440827,269.7604305,0,0,0,11,0,0.0030958472344162,5,0,0
"507",62120,5.03351211498901e-05,0,"(10 Aristazabal Banks Upwelling",13034,23,29,2,0,0,0,0,5.03351211498901e-05,3,0,0
"508",62144,0,0,"(11) Mainland Fjords",13050,527.160056215385,551.5662586,0,0,0,13,0,0,1,0,0
"509",62395,0.0167222934221626,0.011767693940317,"(11) Mainland Fjords",13050,94.4918865134783,121.7032687,0,0,0,23,0.011767693940317,0.0167222934221626,6,0,1
"510",62617,3.35654463020403e-08,0,"(10 Aristazabal Banks Upwelling",13035,18,18,1,0,0,0,0,3.35654463020403e-08,1,0,0
"511",62641,0.000110261570584071,0,"(11) Mainland Fjords",13050,24,30,2,0,0,0,0,0.000110261570584071,3,0,0
"512",62898,0.00600918574829093,0.00368346983450725,"(11) Mainland Fjords",13054,171.529543183333,207.1087045,0,0,0,30,0.00368346983450725,0.00600918574829093,5,0,0
"513",62901,0.0337669284908366,0,"(11) Mainland Fjords",13055,177.65597825,186.8369565,0,0,2,0,0,0.0337669284908366,6,0,1
"514",63146,0.00913949366547798,0,"(11) Mainland Fjords",13212,75.52718806375,82.86022165,0,0,0,8,0,0.00913949366547798,5,0,0
"515",63148,0.0155477444182527,0.00906327544394845,"(11) Mainland Fjords",13212,155.088595683333,157.8731092,0,0,0,6,0.00906327544394845,0.0155477444182527,5,0,1
"516",63150,0.0148870296780434,0.000499344828170949,"(11) Mainland Fjords",13213,83.6211494135,95.5,0,0,20,0,0.000499344828170949,0.0148870296780434,5,0,1
"517",63151,0.0138599584262493,0,"(11) Mainland Fjords",13213,41.08477347,61.06521739,2,0,3,0,0,0.0138599584262493,5,0,1
"518",63374,1.0129938038824e-05,0,"(11) Mainland Fjords",13193,22,27,2,0,0,0,0,1.0129938038824e-05,2,0,0
"519",63401,0.0268574207384407,0,"(11) Mainland Fjords",13213,70.47061335,120.3085366,2,0,3,0,0,0.0268574207384407,6,0,1
"520",63652,0.126025399952464,0.0699043008857014,"(11) Mainland Fjords",13207,71.0964911072727,114.6,0,0,11,0,0.0699043008857014,0.126025399952464,7,0,1
"521",63901,0.000110261570584071,0,"(11) Mainland Fjords",13206,24,30,2,0,0,0,0,0.000110261570584071,3,0,0
"522",64416,0.159887837591948,0.0714285714285714,"(11) Mainland Fjords",13361,22.5,27,2,0,0,0,0.0714285714285714,0.159887837591948,7,0,1
"523",64935,1.0138569898647e-05,0,"(11) Mainland Fjords",13361,22.5,27,2,0,0,0,0,1.0138569898647e-05,2,0,0
"524",70113,0.313711251709182,0.214285714285714,"(11) Mainland Fjords",14312,29.5,36,2,0,0,0,0.214285714285714,0.313711251709182,9,1,1
"525",70363,0.527497747383903,0.428571428571429,"(11) Mainland Fjords",14314,28,34,2,0,0,0,0.428571428571429,0.527497747383903,10,1,1
